[19:03:08] [ServerMain/INFO]: [bootstrap] Running Java 25 (OpenJDK 64-Bit Server VM 25.0.2+10-LTS; Microsoft Microsoft-13053558) on Linux 6.8.0-1052-azure (amd64)
[19:03:08] [ServerMain/INFO]: [bootstrap] Loading Paper 1.21.10-117-ver/1.21.10@df4b668 (2025-11-30T22:37:28Z) for Minecraft 1.21.10
[19:03:08] [ServerMain/INFO]: [PluginInitializerManager] Initializing plugins...
[19:03:10] [ServerMain/INFO]: [PluginInitializerManager] Initialized 60 plugins
[19:03:10] [ServerMain/INFO]: [PluginInitializerManager] Paper plugins (4):
 - AdvancedKits (1.21.29), EconomyShopGUI (6.16.2), MiniMOTD (2.2.3), nightcore (2.11.0)
[19:03:10] [ServerMain/INFO]: [PluginInitializerManager] Bukkit plugins (56):
 - AdvancedEnchantments (9.22.7), AnimaBossBar (${project.version}), Annoncement (3.0), AxRewards (3.7.0), AxSellwands (1.12.0), BattlePass (5.0.3), CommandPanels (3.23.4), DeepVoid (2.22.0), DeluxeMenus (1.14.1-Release), EcoArmor (9.7.0), EcoItems (6.7.0), EcoJobs (3.72.0), EcoMobs (10.24.0), EcoPets (3.7.0), EcoSkills (3.67.1), EconomyX (2.8.3-FINAL), Essentials (2.22.1-dev+1-b303bf9), EssentialsChat (2.22.0-dev+57-7775662), EssentialsSpawn (2.22.0-dev+57-7775662), ExcellentCrates (6.6.1), ExecutableItems (7.26.2.3), GHolo (2.2.6), InfiniteGUI (1.1.10), ItemEdit (3.7.8), LuckPerms (5.5.0), MobsToEggs (1.7.22), ModelEngine (R4.0.9), Multiverse-Core (5.3.0), MythicMobs (5.11.0-SNAPSHOT-b95565d9), Ouranos (1.1.11), PinataParty (2.69.3), PlaceholderAPI (2.12.2), PlayerVaults (3.6.0-bSNAPSHOT), ProtectionStones (2.10.5), ProtocolLib (5.4.0), Rankup (3.15.2), RavenWelcome (1.0), RealMines (1.8.8), RealScoreboard (1.5.7), SCore (5.26.2.3), Shopkeepers (2.25.0), Simple_RTP (1.0.2-BETA), SkinsRestorer (15.12.0), Skulls (3.29.0), SpawnerMeta (25.6), TAB (5.4.0), Talismans (6.77.0), Vault (1.7.3-b131), VoidTeleport (2.4.5), VotifierPlus (1.4.3), WorldEdit (7.3.18+7298-4383852), WorldGuard (7.0.14+2339-43997ec), XVaults (2.1.2), eco (7.6.2), zAuctionHouseV3 (3.2.4.0), zMenu (1.1.0.7)
[19:03:15] [ServerMain/INFO]: Environment: Environment[sessionHost=https://sessionserver.mojang.com, servicesHost=https://api.minecraftservices.com, profilesHost=https://api.mojang.com, name=PROD]
[19:03:18] [ServerMain/INFO]: Loaded 1461 recipes
[19:03:18] [ServerMain/INFO]: Loaded 1574 advancements
[19:03:18] [ServerMain/INFO]: [ca.spottedleaf.dataconverter.minecraft.datatypes.MCTypeRegistry] Initialising converters for DataConverter...
[19:03:19] [ServerMain/INFO]: [ca.spottedleaf.dataconverter.minecraft.datatypes.MCTypeRegistry] Finished initialising converters for DataConverter in 426.0ms
[19:03:19] [Server thread/INFO]: Starting minecraft server version 1.21.10
[19:03:19] [Server thread/INFO]: Loading properties
[19:03:19] [Server thread/INFO]: This server is running Paper version 1.21.10-117-ver/1.21.10@df4b668 (2025-11-30T22:37:28Z) (Implementing API version 1.21.10-R0.1-SNAPSHOT)
[19:03:19] [Server thread/INFO]: [spark] This server bundles the spark profiler. For more information please visit https://docs.papermc.io/paper/profiling
[19:03:19] [Server thread/INFO]: Server Ping Player Sample Count: 12
[19:03:19] [Server thread/INFO]: Using 4 threads for Netty based IO
[19:03:19] [Server thread/INFO]: [MoonriseCommon] Paper is using 1 worker threads, 1 I/O threads
[19:03:20] [Server thread/INFO]: Default game type: SURVIVAL
[19:03:20] [Server thread/INFO]: Generating keypair
[19:03:20] [Server thread/INFO]: Starting Minecraft server on *:25565
[19:03:20] [Server thread/INFO]: Using epoll channel type
[19:03:20] [Server thread/INFO]: Paper: Using libdeflate (Linux x86_64) compression from Velocity.
[19:03:20] [Server thread/INFO]: Paper: Using OpenSSL 3.x.x (Linux x86_64) cipher from Velocity.
[19:03:20] [Server thread/INFO]: [SpigotLibraryLoader] [MythicMobs] Loading 4 libraries... please wait
[19:03:20] [Server thread/INFO]: [SpigotLibraryLoader] [MythicMobs] Loaded library /workspaces/solarking/servidor_minecraft/libraries/net/kyori/adventure-api/4.16.0/adventure-api-4.16.0.jar
[19:03:20] [Server thread/INFO]: [SpigotLibraryLoader] [MythicMobs] Loaded library /workspaces/solarking/servidor_minecraft/libraries/net/kyori/adventure-key/4.16.0/adventure-key-4.16.0.jar
[19:03:20] [Server thread/INFO]: [SpigotLibraryLoader] [MythicMobs] Loaded library /workspaces/solarking/servidor_minecraft/libraries/net/kyori/examination-api/1.3.0/examination-api-1.3.0.jar
[19:03:20] [Server thread/INFO]: [SpigotLibraryLoader] [MythicMobs] Loaded library /workspaces/solarking/servidor_minecraft/libraries/net/kyori/examination-string/1.3.0/examination-string-1.3.0.jar
[19:03:20] [Server thread/INFO]: [SpigotLibraryLoader] [MythicMobs] Loaded library /workspaces/solarking/servidor_minecraft/libraries/org/jetbrains/annotations/24.1.0/annotations-24.1.0.jar
[19:03:20] [Server thread/INFO]: [SpigotLibraryLoader] [MythicMobs] Loaded library /workspaces/solarking/servidor_minecraft/libraries/net/kyori/adventure-platform-bukkit/4.3.2/adventure-platform-bukkit-4.3.2.jar
[19:03:20] [Server thread/INFO]: [SpigotLibraryLoader] [MythicMobs] Loaded library /workspaces/solarking/servidor_minecraft/libraries/net/kyori/adventure-platform-api/4.3.2/adventure-platform-api-4.3.2.jar
[19:03:20] [Server thread/INFO]: [SpigotLibraryLoader] [MythicMobs] Loaded library /workspaces/solarking/servidor_minecraft/libraries/net/kyori/adventure-text-serializer-bungeecord/4.3.2/adventure-text-serializer-bungeecord-4.3.2.jar
[19:03:20] [Server thread/INFO]: [SpigotLibraryLoader] [MythicMobs] Loaded library /workspaces/solarking/servidor_minecraft/libraries/net/kyori/adventure-text-serializer-legacy/4.13.1/adventure-text-serializer-legacy-4.13.1.jar
[19:03:20] [Server thread/INFO]: [SpigotLibraryLoader] [MythicMobs] Loaded library /workspaces/solarking/servidor_minecraft/libraries/net/kyori/adventure-nbt/4.13.1/adventure-nbt-4.13.1.jar
[19:03:20] [Server thread/INFO]: [SpigotLibraryLoader] [MythicMobs] Loaded library /workspaces/solarking/servidor_minecraft/libraries/net/kyori/adventure-text-serializer-gson-legacy-impl/4.13.1/adventure-text-serializer-gson-legacy-impl-4.13.1.jar
[19:03:20] [Server thread/INFO]: [SpigotLibraryLoader] [MythicMobs] Loaded library /workspaces/solarking/servidor_minecraft/libraries/net/kyori/adventure-platform-facet/4.3.2/adventure-platform-facet-4.3.2.jar
[19:03:20] [Server thread/INFO]: [SpigotLibraryLoader] [MythicMobs] Loaded library /workspaces/solarking/servidor_minecraft/libraries/net/kyori/adventure-platform-viaversion/4.3.2/adventure-platform-viaversion-4.3.2.jar
[19:03:20] [Server thread/INFO]: [SpigotLibraryLoader] [MythicMobs] Loaded library /workspaces/solarking/servidor_minecraft/libraries/net/kyori/adventure-text-minimessage/4.16.0/adventure-text-minimessage-4.16.0.jar
[19:03:20] [Server thread/INFO]: [SpigotLibraryLoader] [MythicMobs] Loaded library /workspaces/solarking/servidor_minecraft/libraries/net/kyori/adventure-text-serializer-gson/4.16.0/adventure-text-serializer-gson-4.16.0.jar
[19:03:20] [Server thread/INFO]: [SpigotLibraryLoader] [MythicMobs] Loaded library /workspaces/solarking/servidor_minecraft/libraries/net/kyori/adventure-text-serializer-json/4.16.0/adventure-text-serializer-json-4.16.0.jar
[19:03:20] [Server thread/INFO]: [SpigotLibraryLoader] [MythicMobs] Loaded library /workspaces/solarking/servidor_minecraft/libraries/net/kyori/option/1.0.0/option-1.0.0.jar
[19:03:20] [Server thread/INFO]: [SpigotLibraryLoader] [MythicMobs] Loaded library /workspaces/solarking/servidor_minecraft/libraries/com/google/code/gson/gson/2.8.0/gson-2.8.0.jar
[19:03:20] [Server thread/INFO]: [SpigotLibraryLoader] [ModelEngine] Loading 3 libraries... please wait
[19:03:20] [Server thread/INFO]: [SpigotLibraryLoader] [ModelEngine] Loaded library /workspaces/solarking/servidor_minecraft/libraries/net/kyori/adventure-api/4.14.0/adventure-api-4.14.0.jar
[19:03:20] [Server thread/INFO]: [SpigotLibraryLoader] [ModelEngine] Loaded library /workspaces/solarking/servidor_minecraft/libraries/net/kyori/adventure-key/4.14.0/adventure-key-4.14.0.jar
[19:03:20] [Server thread/INFO]: [SpigotLibraryLoader] [ModelEngine] Loaded library /workspaces/solarking/servidor_minecraft/libraries/net/kyori/examination-api/1.3.0/examination-api-1.3.0.jar
[19:03:20] [Server thread/INFO]: [SpigotLibraryLoader] [ModelEngine] Loaded library /workspaces/solarking/servidor_minecraft/libraries/net/kyori/examination-string/1.3.0/examination-string-1.3.0.jar
[19:03:20] [Server thread/INFO]: [SpigotLibraryLoader] [ModelEngine] Loaded library /workspaces/solarking/servidor_minecraft/libraries/org/jetbrains/annotations/24.0.1/annotations-24.0.1.jar
[19:03:20] [Server thread/INFO]: [SpigotLibraryLoader] [ModelEngine] Loaded library /workspaces/solarking/servidor_minecraft/libraries/net/kyori/adventure-text-serializer-gson/4.14.0/adventure-text-serializer-gson-4.14.0.jar
[19:03:20] [Server thread/INFO]: [SpigotLibraryLoader] [ModelEngine] Loaded library /workspaces/solarking/servidor_minecraft/libraries/net/kyori/adventure-text-serializer-json/4.14.0/adventure-text-serializer-json-4.14.0.jar
[19:03:20] [Server thread/INFO]: [SpigotLibraryLoader] [ModelEngine] Loaded library /workspaces/solarking/servidor_minecraft/libraries/com/google/code/gson/gson/2.8.0/gson-2.8.0.jar
[19:03:20] [Server thread/INFO]: [SpigotLibraryLoader] [ModelEngine] Loaded library /workspaces/solarking/servidor_minecraft/libraries/net/kyori/adventure-text-serializer-bungeecord/4.3.0/adventure-text-serializer-bungeecord-4.3.0.jar
[19:03:20] [Server thread/INFO]: [SpigotLibraryLoader] [ModelEngine] Loaded library /workspaces/solarking/servidor_minecraft/libraries/net/kyori/adventure-text-serializer-legacy/4.13.0/adventure-text-serializer-legacy-4.13.0.jar
[19:03:20] [Server thread/INFO]: [SpigotLibraryLoader] [SCore] Loading 1 libraries... please wait
[19:03:21] [Server thread/INFO]: [SpigotLibraryLoader] [SCore] Loaded library /workspaces/solarking/servidor_minecraft/libraries/io/netty/netty-all/4.1.118.Final/netty-all-4.1.118.Final.jar
[19:03:21] [Server thread/INFO]: [SpigotLibraryLoader] [SCore] Loaded library /workspaces/solarking/servidor_minecraft/libraries/io/netty/netty-buffer/4.1.118.Final/netty-buffer-4.1.118.Final.jar
[19:03:21] [Server thread/INFO]: [SpigotLibraryLoader] [SCore] Loaded library /workspaces/solarking/servidor_minecraft/libraries/io/netty/netty-codec/4.1.118.Final/netty-codec-4.1.118.Final.jar
[19:03:21] [Server thread/INFO]: [SpigotLibraryLoader] [SCore] Loaded library /workspaces/solarking/servidor_minecraft/libraries/io/netty/netty-codec-dns/4.1.118.Final/netty-codec-dns-4.1.118.Final.jar
[19:03:21] [Server thread/INFO]: [SpigotLibraryLoader] [SCore] Loaded library /workspaces/solarking/servidor_minecraft/libraries/io/netty/netty-codec-haproxy/4.1.118.Final/netty-codec-haproxy-4.1.118.Final.jar
[19:03:21] [Server thread/INFO]: [SpigotLibraryLoader] [SCore] Loaded library /workspaces/solarking/servidor_minecraft/libraries/io/netty/netty-codec-http/4.1.118.Final/netty-codec-http-4.1.118.Final.jar
[19:03:21] [Server thread/INFO]: [SpigotLibraryLoader] [SCore] Loaded library /workspaces/solarking/servidor_minecraft/libraries/io/netty/netty-codec-http2/4.1.118.Final/netty-codec-http2-4.1.118.Final.jar
[19:03:21] [Server thread/INFO]: [SpigotLibraryLoader] [SCore] Loaded library /workspaces/solarking/servidor_minecraft/libraries/io/netty/netty-codec-memcache/4.1.118.Final/netty-codec-memcache-4.1.118.Final.jar
[19:03:21] [Server thread/INFO]: [SpigotLibraryLoader] [SCore] Loaded library /workspaces/solarking/servidor_minecraft/libraries/io/netty/netty-codec-mqtt/4.1.118.Final/netty-codec-mqtt-4.1.118.Final.jar
[19:03:21] [Server thread/INFO]: [SpigotLibraryLoader] [SCore] Loaded library /workspaces/solarking/servidor_minecraft/libraries/io/netty/netty-codec-redis/4.1.118.Final/netty-codec-redis-4.1.118.Final.jar
[19:03:21] [Server thread/INFO]: [SpigotLibraryLoader] [SCore] Loaded library /workspaces/solarking/servidor_minecraft/libraries/io/netty/netty-codec-smtp/4.1.118.Final/netty-codec-smtp-4.1.118.Final.jar
[19:03:21] [Server thread/INFO]: [SpigotLibraryLoader] [SCore] Loaded library /workspaces/solarking/servidor_minecraft/libraries/io/netty/netty-codec-socks/4.1.118.Final/netty-codec-socks-4.1.118.Final.jar
[19:03:21] [Server thread/INFO]: [SpigotLibraryLoader] [SCore] Loaded library /workspaces/solarking/servidor_minecraft/libraries/io/netty/netty-codec-stomp/4.1.118.Final/netty-codec-stomp-4.1.118.Final.jar
[19:03:21] [Server thread/INFO]: [SpigotLibraryLoader] [SCore] Loaded library /workspaces/solarking/servidor_minecraft/libraries/io/netty/netty-codec-xml/4.1.118.Final/netty-codec-xml-4.1.118.Final.jar
[19:03:21] [Server thread/INFO]: [SpigotLibraryLoader] [SCore] Loaded library /workspaces/solarking/servidor_minecraft/libraries/io/netty/netty-common/4.1.118.Final/netty-common-4.1.118.Final.jar
[19:03:21] [Server thread/INFO]: [SpigotLibraryLoader] [SCore] Loaded library /workspaces/solarking/servidor_minecraft/libraries/io/netty/netty-handler/4.1.118.Final/netty-handler-4.1.118.Final.jar
[19:03:21] [Server thread/INFO]: [SpigotLibraryLoader] [SCore] Loaded library /workspaces/solarking/servidor_minecraft/libraries/io/netty/netty-transport-native-unix-common/4.1.118.Final/netty-transport-native-unix-common-4.1.118.Final.jar
[19:03:21] [Server thread/INFO]: [SpigotLibraryLoader] [SCore] Loaded library /workspaces/solarking/servidor_minecraft/libraries/io/netty/netty-handler-proxy/4.1.118.Final/netty-handler-proxy-4.1.118.Final.jar
[19:03:21] [Server thread/INFO]: [SpigotLibraryLoader] [SCore] Loaded library /workspaces/solarking/servidor_minecraft/libraries/io/netty/netty-handler-ssl-ocsp/4.1.118.Final/netty-handler-ssl-ocsp-4.1.118.Final.jar
[19:03:21] [Server thread/INFO]: [SpigotLibraryLoader] [SCore] Loaded library /workspaces/solarking/servidor_minecraft/libraries/io/netty/netty-resolver/4.1.118.Final/netty-resolver-4.1.118.Final.jar
[19:03:21] [Server thread/INFO]: [SpigotLibraryLoader] [SCore] Loaded library /workspaces/solarking/servidor_minecraft/libraries/io/netty/netty-resolver-dns/4.1.118.Final/netty-resolver-dns-4.1.118.Final.jar
[19:03:21] [Server thread/INFO]: [SpigotLibraryLoader] [SCore] Loaded library /workspaces/solarking/servidor_minecraft/libraries/io/netty/netty-transport/4.1.118.Final/netty-transport-4.1.118.Final.jar
[19:03:21] [Server thread/INFO]: [SpigotLibraryLoader] [SCore] Loaded library /workspaces/solarking/servidor_minecraft/libraries/io/netty/netty-transport-rxtx/4.1.118.Final/netty-transport-rxtx-4.1.118.Final.jar
[19:03:21] [Server thread/INFO]: [SpigotLibraryLoader] [SCore] Loaded library /workspaces/solarking/servidor_minecraft/libraries/io/netty/netty-transport-sctp/4.1.118.Final/netty-transport-sctp-4.1.118.Final.jar
[19:03:21] [Server thread/INFO]: [SpigotLibraryLoader] [SCore] Loaded library /workspaces/solarking/servidor_minecraft/libraries/io/netty/netty-transport-udt/4.1.118.Final/netty-transport-udt-4.1.118.Final.jar
[19:03:21] [Server thread/INFO]: [SpigotLibraryLoader] [SCore] Loaded library /workspaces/solarking/servidor_minecraft/libraries/io/netty/netty-transport-classes-epoll/4.1.118.Final/netty-transport-classes-epoll-4.1.118.Final.jar
[19:03:21] [Server thread/INFO]: [SpigotLibraryLoader] [SCore] Loaded library /workspaces/solarking/servidor_minecraft/libraries/io/netty/netty-transport-classes-kqueue/4.1.118.Final/netty-transport-classes-kqueue-4.1.118.Final.jar
[19:03:21] [Server thread/INFO]: [SpigotLibraryLoader] [SCore] Loaded library /workspaces/solarking/servidor_minecraft/libraries/io/netty/netty-resolver-dns-classes-macos/4.1.118.Final/netty-resolver-dns-classes-macos-4.1.118.Final.jar
[19:03:21] [Server thread/INFO]: [SpigotLibraryLoader] [SCore] Loaded library /workspaces/solarking/servidor_minecraft/libraries/io/netty/netty-transport-native-epoll/4.1.118.Final/netty-transport-native-epoll-4.1.118.Final-linux-x86_64.jar
[19:03:21] [Server thread/INFO]: [SpigotLibraryLoader] [SCore] Loaded library /workspaces/solarking/servidor_minecraft/libraries/io/netty/netty-transport-native-epoll/4.1.118.Final/netty-transport-native-epoll-4.1.118.Final-linux-aarch_64.jar
[19:03:21] [Server thread/INFO]: [SpigotLibraryLoader] [SCore] Loaded library /workspaces/solarking/servidor_minecraft/libraries/io/netty/netty-transport-native-epoll/4.1.118.Final/netty-transport-native-epoll-4.1.118.Final-linux-riscv64.jar
[19:03:21] [Server thread/INFO]: [SpigotLibraryLoader] [SCore] Loaded library /workspaces/solarking/servidor_minecraft/libraries/io/netty/netty-transport-native-kqueue/4.1.118.Final/netty-transport-native-kqueue-4.1.118.Final-osx-x86_64.jar
[19:03:21] [Server thread/INFO]: [SpigotLibraryLoader] [SCore] Loaded library /workspaces/solarking/servidor_minecraft/libraries/io/netty/netty-transport-native-kqueue/4.1.118.Final/netty-transport-native-kqueue-4.1.118.Final-osx-aarch_64.jar
[19:03:21] [Server thread/INFO]: [SpigotLibraryLoader] [SCore] Loaded library /workspaces/solarking/servidor_minecraft/libraries/io/netty/netty-resolver-dns-native-macos/4.1.118.Final/netty-resolver-dns-native-macos-4.1.118.Final-osx-x86_64.jar
[19:03:21] [Server thread/INFO]: [SpigotLibraryLoader] [SCore] Loaded library /workspaces/solarking/servidor_minecraft/libraries/io/netty/netty-resolver-dns-native-macos/4.1.118.Final/netty-resolver-dns-native-macos-4.1.118.Final-osx-aarch_64.jar
[19:03:21] [Server thread/INFO]: [SpigotLibraryLoader] [eco] Loading 10 libraries... please wait
[19:03:21] [Server thread/INFO]: [SpigotLibraryLoader] [eco] Loaded library /workspaces/solarking/servidor_minecraft/libraries/com/mysql/mysql-connector-j/9.6.0/mysql-connector-j-9.6.0.jar
[19:03:21] [Server thread/INFO]: [SpigotLibraryLoader] [eco] Loaded library /workspaces/solarking/servidor_minecraft/libraries/com/google/protobuf/protobuf-java/4.31.1/protobuf-java-4.31.1.jar
[19:03:21] [Server thread/INFO]: [SpigotLibraryLoader] [eco] Loaded library /workspaces/solarking/servidor_minecraft/libraries/org/mariadb/jdbc/mariadb-java-client/2.7.12/mariadb-java-client-2.7.12.jar
[19:03:21] [Server thread/INFO]: [SpigotLibraryLoader] [eco] Loaded library /workspaces/solarking/servidor_minecraft/libraries/com/zaxxer/HikariCP/7.0.2/HikariCP-7.0.2.jar
[19:03:21] [Server thread/INFO]: [SpigotLibraryLoader] [eco] Loaded library /workspaces/solarking/servidor_minecraft/libraries/org/slf4j/slf4j-api/2.0.17/slf4j-api-2.0.17.jar
[19:03:21] [Server thread/INFO]: [SpigotLibraryLoader] [eco] Loaded library /workspaces/solarking/servidor_minecraft/libraries/net/kyori/adventure-platform-bukkit/4.4.1/adventure-platform-bukkit-4.4.1.jar
[19:03:21] [Server thread/INFO]: [SpigotLibraryLoader] [eco] Loaded library /workspaces/solarking/servidor_minecraft/libraries/net/kyori/adventure-platform-api/4.4.1/adventure-platform-api-4.4.1.jar
[19:03:21] [Server thread/INFO]: [SpigotLibraryLoader] [eco] Loaded library /workspaces/solarking/servidor_minecraft/libraries/net/kyori/adventure-text-serializer-bungeecord/4.4.1/adventure-text-serializer-bungeecord-4.4.1.jar
[19:03:21] [Server thread/INFO]: [SpigotLibraryLoader] [eco] Loaded library /workspaces/solarking/servidor_minecraft/libraries/net/kyori/adventure-nbt/4.21.0/adventure-nbt-4.21.0.jar
[19:03:21] [Server thread/INFO]: [SpigotLibraryLoader] [eco] Loaded library /workspaces/solarking/servidor_minecraft/libraries/net/kyori/examination-api/1.3.0/examination-api-1.3.0.jar
[19:03:21] [Server thread/INFO]: [SpigotLibraryLoader] [eco] Loaded library /workspaces/solarking/servidor_minecraft/libraries/net/kyori/examination-string/1.3.0/examination-string-1.3.0.jar
[19:03:21] [Server thread/INFO]: [SpigotLibraryLoader] [eco] Loaded library /workspaces/solarking/servidor_minecraft/libraries/net/kyori/adventure-text-serializer-gson-legacy-impl/4.21.0/adventure-text-serializer-gson-legacy-impl-4.21.0.jar
[19:03:21] [Server thread/INFO]: [SpigotLibraryLoader] [eco] Loaded library /workspaces/solarking/servidor_minecraft/libraries/net/kyori/adventure-text-serializer-json-legacy-impl/4.21.0/adventure-text-serializer-json-legacy-impl-4.21.0.jar
[19:03:21] [Server thread/INFO]: [SpigotLibraryLoader] [eco] Loaded library /workspaces/solarking/servidor_minecraft/libraries/net/kyori/adventure-platform-facet/4.4.1/adventure-platform-facet-4.4.1.jar
[19:03:21] [Server thread/INFO]: [SpigotLibraryLoader] [eco] Loaded library /workspaces/solarking/servidor_minecraft/libraries/net/kyori/adventure-platform-viaversion/4.4.1/adventure-platform-viaversion-4.4.1.jar
[19:03:21] [Server thread/INFO]: [SpigotLibraryLoader] [eco] Loaded library /workspaces/solarking/servidor_minecraft/libraries/org/mongodb/mongodb-driver-kotlin-coroutine/5.6.2/mongodb-driver-kotlin-coroutine-5.6.2.jar
[19:03:21] [Server thread/INFO]: [SpigotLibraryLoader] [eco] Loaded library /workspaces/solarking/servidor_minecraft/libraries/org/mongodb/bson/5.6.2/bson-5.6.2.jar
[19:03:21] [Server thread/INFO]: [SpigotLibraryLoader] [eco] Loaded library /workspaces/solarking/servidor_minecraft/libraries/org/mongodb/mongodb-driver-reactivestreams/5.6.2/mongodb-driver-reactivestreams-5.6.2.jar
[19:03:21] [Server thread/INFO]: [SpigotLibraryLoader] [eco] Loaded library /workspaces/solarking/servidor_minecraft/libraries/org/mongodb/mongodb-driver-core/5.6.2/mongodb-driver-core-5.6.2.jar
[19:03:21] [Server thread/INFO]: [SpigotLibraryLoader] [eco] Loaded library /workspaces/solarking/servidor_minecraft/libraries/org/mongodb/bson-record-codec/5.6.2/bson-record-codec-5.6.2.jar
[19:03:21] [Server thread/INFO]: [SpigotLibraryLoader] [eco] Loaded library /workspaces/solarking/servidor_minecraft/libraries/org/reactivestreams/reactive-streams/1.0.4/reactive-streams-1.0.4.jar
[19:03:21] [Server thread/INFO]: [SpigotLibraryLoader] [eco] Loaded library /workspaces/solarking/servidor_minecraft/libraries/io/projectreactor/reactor-core/3.5.0/reactor-core-3.5.0.jar
[19:03:21] [Server thread/INFO]: [SpigotLibraryLoader] [eco] Loaded library /workspaces/solarking/servidor_minecraft/libraries/org/jetbrains/kotlinx/kotlinx-coroutines-core/1.6.4/kotlinx-coroutines-core-1.6.4.jar
[19:03:21] [Server thread/INFO]: [SpigotLibraryLoader] [eco] Loaded library /workspaces/solarking/servidor_minecraft/libraries/org/jetbrains/kotlinx/kotlinx-coroutines-core-jvm/1.6.4/kotlinx-coroutines-core-jvm-1.6.4.jar
[19:03:21] [Server thread/INFO]: [SpigotLibraryLoader] [eco] Loaded library /workspaces/solarking/servidor_minecraft/libraries/org/jetbrains/kotlin/kotlin-stdlib-common/1.6.21/kotlin-stdlib-common-1.6.21.jar
[19:03:21] [Server thread/INFO]: [SpigotLibraryLoader] [eco] Loaded library /workspaces/solarking/servidor_minecraft/libraries/org/jetbrains/kotlin/kotlin-stdlib-jdk8/1.8.10/kotlin-stdlib-jdk8-1.8.10.jar
[19:03:21] [Server thread/INFO]: [SpigotLibraryLoader] [eco] Loaded library /workspaces/solarking/servidor_minecraft/libraries/org/jetbrains/kotlin/kotlin-stdlib/1.8.10/kotlin-stdlib-1.8.10.jar
[19:03:21] [Server thread/INFO]: [SpigotLibraryLoader] [eco] Loaded library /workspaces/solarking/servidor_minecraft/libraries/org/jetbrains/kotlin/kotlin-stdlib-jdk7/1.8.10/kotlin-stdlib-jdk7-1.8.10.jar
[19:03:21] [Server thread/INFO]: [SpigotLibraryLoader] [eco] Loaded library /workspaces/solarking/servidor_minecraft/libraries/org/jetbrains/kotlinx/kotlinx-coroutines-reactive/1.6.4/kotlinx-coroutines-reactive-1.6.4.jar
[19:03:21] [Server thread/INFO]: [SpigotLibraryLoader] [eco] Loaded library /workspaces/solarking/servidor_minecraft/libraries/org/mongodb/bson-kotlin/5.6.2/bson-kotlin-5.6.2.jar
[19:03:21] [Server thread/INFO]: [SpigotLibraryLoader] [eco] Loaded library /workspaces/solarking/servidor_minecraft/libraries/org/jetbrains/kotlin/kotlin-reflect/1.8.10/kotlin-reflect-1.8.10.jar
[19:03:21] [Server thread/INFO]: [SpigotLibraryLoader] [eco] Loaded library /workspaces/solarking/servidor_minecraft/libraries/io/hotmoka/toml4j/0.7.3/toml4j-0.7.3.jar
[19:03:21] [Server thread/INFO]: [SpigotLibraryLoader] [eco] Loaded library /workspaces/solarking/servidor_minecraft/libraries/com/google/code/gson/gson/2.8.9/gson-2.8.9.jar
[19:03:21] [Server thread/INFO]: [SpigotLibraryLoader] [eco] Loaded library /workspaces/solarking/servidor_minecraft/libraries/net/kyori/adventure-api/5.0.1/adventure-api-5.0.1.jar
[19:03:21] [Server thread/INFO]: [SpigotLibraryLoader] [eco] Loaded library /workspaces/solarking/servidor_minecraft/libraries/net/kyori/adventure-key/5.0.1/adventure-key-5.0.1.jar
[19:03:21] [Server thread/INFO]: [SpigotLibraryLoader] [eco] Loaded library /workspaces/solarking/servidor_minecraft/libraries/org/jetbrains/annotations/26.1.0/annotations-26.1.0.jar
[19:03:21] [Server thread/INFO]: [SpigotLibraryLoader] [eco] Loaded library /workspaces/solarking/servidor_minecraft/libraries/net/kyori/adventure-text-serializer-gson/5.0.1/adventure-text-serializer-gson-5.0.1.jar
[19:03:21] [Server thread/INFO]: [SpigotLibraryLoader] [eco] Loaded library /workspaces/solarking/servidor_minecraft/libraries/net/kyori/adventure-text-serializer-json/5.0.1/adventure-text-serializer-json-5.0.1.jar
[19:03:21] [Server thread/INFO]: [SpigotLibraryLoader] [eco] Loaded library /workspaces/solarking/servidor_minecraft/libraries/net/kyori/option/1.1.0/option-1.1.0.jar
[19:03:21] [Server thread/INFO]: [SpigotLibraryLoader] [eco] Loaded library /workspaces/solarking/servidor_minecraft/libraries/com/google/auto/service/auto-service-annotations/1.1.1/auto-service-annotations-1.1.1.jar
[19:03:21] [Server thread/INFO]: [SpigotLibraryLoader] [eco] Loaded library /workspaces/solarking/servidor_minecraft/libraries/net/kyori/adventure-text-serializer-commons/5.0.1/adventure-text-serializer-commons-5.0.1.jar
[19:03:21] [Server thread/INFO]: [SpigotLibraryLoader] [eco] Loaded library /workspaces/solarking/servidor_minecraft/libraries/net/kyori/adventure-text-serializer-legacy/5.0.1/adventure-text-serializer-legacy-5.0.1.jar
[19:03:21] [Server thread/INFO]: [SpigotLibraryLoader] [eco] Loaded library /workspaces/solarking/servidor_minecraft/libraries/com/github/ben-manes/caffeine/caffeine/3.2.3/caffeine-3.2.3.jar
[19:03:21] [Server thread/INFO]: [SpigotLibraryLoader] [eco] Loaded library /workspaces/solarking/servidor_minecraft/libraries/org/jspecify/jspecify/1.0.0/jspecify-1.0.0.jar
[19:03:21] [Server thread/INFO]: [SpigotLibraryLoader] [eco] Loaded library /workspaces/solarking/servidor_minecraft/libraries/com/google/errorprone/error_prone_annotations/2.43.0/error_prone_annotations-2.43.0.jar
[19:03:21] [Server thread/INFO]: [eco] Initializing eco
[19:03:22] [Server thread/INFO]: [EcoItems] Initializing EcoItems
[19:03:22] [Server thread/INFO]: [SpigotLibraryLoader] [zMenu] Loading 1 libraries... please wait
[19:03:22] [Server thread/INFO]: [SpigotLibraryLoader] [zMenu] Loaded library /workspaces/solarking/servidor_minecraft/libraries/org/mariadb/jdbc/mariadb-java-client/3.5.6/mariadb-java-client-3.5.6.jar
[19:03:22] [Server thread/INFO]: [SpigotLibraryLoader] [ItemEdit] Loading 5 libraries... please wait
[19:03:22] [Server thread/INFO]: [SpigotLibraryLoader] [ItemEdit] Loaded library /workspaces/solarking/servidor_minecraft/libraries/net/kyori/adventure-api/4.20.0/adventure-api-4.20.0.jar
[19:03:22] [Server thread/INFO]: [SpigotLibraryLoader] [ItemEdit] Loaded library /workspaces/solarking/servidor_minecraft/libraries/net/kyori/adventure-key/4.20.0/adventure-key-4.20.0.jar
[19:03:22] [Server thread/INFO]: [SpigotLibraryLoader] [ItemEdit] Loaded library /workspaces/solarking/servidor_minecraft/libraries/net/kyori/examination-api/1.3.0/examination-api-1.3.0.jar
[19:03:22] [Server thread/INFO]: [SpigotLibraryLoader] [ItemEdit] Loaded library /workspaces/solarking/servidor_minecraft/libraries/net/kyori/examination-string/1.3.0/examination-string-1.3.0.jar
[19:03:22] [Server thread/INFO]: [SpigotLibraryLoader] [ItemEdit] Loaded library /workspaces/solarking/servidor_minecraft/libraries/org/jetbrains/annotations/26.0.2/annotations-26.0.2.jar
[19:03:22] [Server thread/INFO]: [SpigotLibraryLoader] [ItemEdit] Loaded library /workspaces/solarking/servidor_minecraft/libraries/net/kyori/adventure-platform-bukkit/4.3.4/adventure-platform-bukkit-4.3.4.jar
[19:03:22] [Server thread/INFO]: [SpigotLibraryLoader] [ItemEdit] Loaded library /workspaces/solarking/servidor_minecraft/libraries/net/kyori/adventure-platform-api/4.3.4/adventure-platform-api-4.3.4.jar
[19:03:22] [Server thread/INFO]: [SpigotLibraryLoader] [ItemEdit] Loaded library /workspaces/solarking/servidor_minecraft/libraries/net/kyori/adventure-text-serializer-bungeecord/4.3.4/adventure-text-serializer-bungeecord-4.3.4.jar
[19:03:22] [Server thread/INFO]: [SpigotLibraryLoader] [ItemEdit] Loaded library /workspaces/solarking/servidor_minecraft/libraries/net/kyori/adventure-nbt/4.13.1/adventure-nbt-4.13.1.jar
[19:03:22] [Server thread/INFO]: [SpigotLibraryLoader] [ItemEdit] Loaded library /workspaces/solarking/servidor_minecraft/libraries/net/kyori/adventure-text-serializer-gson-legacy-impl/4.13.1/adventure-text-serializer-gson-legacy-impl-4.13.1.jar
[19:03:22] [Server thread/INFO]: [SpigotLibraryLoader] [ItemEdit] Loaded library /workspaces/solarking/servidor_minecraft/libraries/net/kyori/adventure-platform-facet/4.3.4/adventure-platform-facet-4.3.4.jar
[19:03:22] [Server thread/INFO]: [SpigotLibraryLoader] [ItemEdit] Loaded library /workspaces/solarking/servidor_minecraft/libraries/net/kyori/adventure-platform-viaversion/4.3.4/adventure-platform-viaversion-4.3.4.jar
[19:03:22] [Server thread/INFO]: [SpigotLibraryLoader] [ItemEdit] Loaded library /workspaces/solarking/servidor_minecraft/libraries/net/kyori/adventure-text-minimessage/4.20.0/adventure-text-minimessage-4.20.0.jar
[19:03:22] [Server thread/INFO]: [SpigotLibraryLoader] [ItemEdit] Loaded library /workspaces/solarking/servidor_minecraft/libraries/net/kyori/adventure-text-serializer-gson/4.20.0/adventure-text-serializer-gson-4.20.0.jar
[19:03:22] [Server thread/INFO]: [SpigotLibraryLoader] [ItemEdit] Loaded library /workspaces/solarking/servidor_minecraft/libraries/net/kyori/adventure-text-serializer-json/4.20.0/adventure-text-serializer-json-4.20.0.jar
[19:03:22] [Server thread/INFO]: [SpigotLibraryLoader] [ItemEdit] Loaded library /workspaces/solarking/servidor_minecraft/libraries/net/kyori/option/1.1.0/option-1.1.0.jar
[19:03:22] [Server thread/INFO]: [SpigotLibraryLoader] [ItemEdit] Loaded library /workspaces/solarking/servidor_minecraft/libraries/org/jspecify/jspecify/1.0.0/jspecify-1.0.0.jar
[19:03:22] [Server thread/INFO]: [SpigotLibraryLoader] [ItemEdit] Loaded library /workspaces/solarking/servidor_minecraft/libraries/com/google/code/gson/gson/2.8.0/gson-2.8.0.jar
[19:03:22] [Server thread/INFO]: [SpigotLibraryLoader] [ItemEdit] Loaded library /workspaces/solarking/servidor_minecraft/libraries/com/google/auto/service/auto-service-annotations/1.1.1/auto-service-annotations-1.1.1.jar
[19:03:22] [Server thread/INFO]: [SpigotLibraryLoader] [ItemEdit] Loaded library /workspaces/solarking/servidor_minecraft/libraries/net/kyori/adventure-text-serializer-commons/4.20.0/adventure-text-serializer-commons-4.20.0.jar
[19:03:22] [Server thread/INFO]: [SpigotLibraryLoader] [ItemEdit] Loaded library /workspaces/solarking/servidor_minecraft/libraries/net/kyori/adventure-text-serializer-legacy/4.20.0/adventure-text-serializer-legacy-4.20.0.jar
[19:03:23] [Server thread/INFO]: [SpigotLibraryLoader] [BattlePass] Loading 4 libraries... please wait
[19:03:23] [Server thread/INFO]: [SpigotLibraryLoader] [BattlePass] Loaded library /workspaces/solarking/servidor_minecraft/libraries/org/apache/commons/commons-lang3/3.12.0/commons-lang3-3.12.0.jar
[19:03:23] [Server thread/INFO]: [SpigotLibraryLoader] [BattlePass] Loaded library /workspaces/solarking/servidor_minecraft/libraries/com/zaxxer/HikariCP/7.0.2/HikariCP-7.0.2.jar
[19:03:23] [Server thread/INFO]: [SpigotLibraryLoader] [BattlePass] Loaded library /workspaces/solarking/servidor_minecraft/libraries/org/slf4j/slf4j-api/2.0.17/slf4j-api-2.0.17.jar
[19:03:23] [Server thread/INFO]: [SpigotLibraryLoader] [BattlePass] Loaded library /workspaces/solarking/servidor_minecraft/libraries/com/j256/ormlite/ormlite-jdbc/6.1/ormlite-jdbc-6.1.jar
[19:03:23] [Server thread/INFO]: [SpigotLibraryLoader] [BattlePass] Loaded library /workspaces/solarking/servidor_minecraft/libraries/org/postgresql/postgresql/42.7.5/postgresql-42.7.5.jar
[19:03:23] [Server thread/INFO]: [SpigotLibraryLoader] [BattlePass] Loaded library /workspaces/solarking/servidor_minecraft/libraries/org/checkerframework/checker-qual/3.48.3/checker-qual-3.48.3.jar
[19:03:23] [Server thread/INFO]: [EcoMobs] Initializing EcoMobs
[19:03:23] [Server thread/INFO]: [SpigotLibraryLoader] [MobsToEggs] Loading 1 libraries... please wait
[19:03:23] [Server thread/INFO]: [SpigotLibraryLoader] [MobsToEggs] Loaded library /workspaces/solarking/servidor_minecraft/libraries/org/jetbrains/kotlin/kotlin-stdlib/2.2.21/kotlin-stdlib-2.2.21.jar
[19:03:23] [Server thread/INFO]: [SpigotLibraryLoader] [MobsToEggs] Loaded library /workspaces/solarking/servidor_minecraft/libraries/org/jetbrains/annotations/13.0/annotations-13.0.jar
[19:03:24] [Server thread/INFO]: [EcoArmor] Initializing EcoArmor
[19:03:24] [Server thread/INFO]: [EcoJobs] Initializing EcoJobs
[19:03:24] [Server thread/INFO]: [EcoSkills] Initializing EcoSkills
[19:03:24] [Server thread/INFO]: [SpigotLibraryLoader] [zAuctionHouseV3] Loading 1 libraries... please wait
[19:03:24] [Server thread/INFO]: [SpigotLibraryLoader] [zAuctionHouseV3] Loaded library /workspaces/solarking/servidor_minecraft/libraries/org/mariadb/jdbc/mariadb-java-client/3.5.6/mariadb-java-client-3.5.6.jar
[19:03:24] [Server thread/WARN]: [org.bukkit.craftbukkit.legacy.CraftLegacy] Initializing Legacy Material Support. Unless you have legacy plugins and/or data this is a bug!
[19:03:34] [Server thread/WARN]: Legacy plugin Talismans v6.77.0 does not specify an api-version.
[19:03:34] [Server thread/ERROR]: [ModernPluginLoadingStrategy] Could not load plugin 'Talismans v6.77.0.jar' in folder 'plugins/.paper-remapped'
org.bukkit.plugin.InvalidPluginException: Exception initializing main class `com.willfp.talismans.TalismansPlugin'
	at org.bukkit.plugin.java.PluginClassLoader.<init>(PluginClassLoader.java:117) ~[paper-api-1.21.10-R0.1-SNAPSHOT.jar:?]
	at io.papermc.paper.plugin.provider.type.spigot.SpigotPluginProvider.createInstance(SpigotPluginProvider.java:125) ~[paper-1.21.10.jar:1.21.10-117-df4b668]
	at io.papermc.paper.plugin.provider.type.spigot.SpigotPluginProvider.createInstance(SpigotPluginProvider.java:35) ~[paper-1.21.10.jar:1.21.10-117-df4b668]
	at io.papermc.paper.plugin.entrypoint.strategy.modern.ModernPluginLoadingStrategy.loadProviders(ModernPluginLoadingStrategy.java:116) ~[paper-1.21.10.jar:1.21.10-117-df4b668]
	at io.papermc.paper.plugin.storage.SimpleProviderStorage.enter(SimpleProviderStorage.java:38) ~[paper-1.21.10.jar:1.21.10-117-df4b668]
	at io.papermc.paper.plugin.entrypoint.LaunchEntryPointHandler.enter(LaunchEntryPointHandler.java:39) ~[paper-1.21.10.jar:1.21.10-117-df4b668]
	at org.bukkit.craftbukkit.CraftServer.loadPlugins(CraftServer.java:555) ~[paper-1.21.10.jar:1.21.10-117-df4b668]
	at net.minecraft.server.dedicated.DedicatedServer.initServer(DedicatedServer.java:323) ~[paper-1.21.10.jar:1.21.10-117-df4b668]
	at net.minecraft.server.MinecraftServer.runServer(MinecraftServer.java:1257) ~[paper-1.21.10.jar:1.21.10-117-df4b668]
	at net.minecraft.server.MinecraftServer.lambda$spin$2(MinecraftServer.java:384) ~[paper-1.21.10.jar:1.21.10-117-df4b668]
	at java.base/java.lang.Thread.run(Thread.java:1474) ~[?:?]
Caused by: java.lang.reflect.InvocationTargetException
	at java.base/jdk.internal.reflect.DirectConstructorHandleAccessor.newInstance(DirectConstructorHandleAccessor.java:74) ~[?:?]
	at java.base/java.lang.reflect.Constructor.newInstanceWithCaller(Constructor.java:499) ~[?:?]
	at java.base/java.lang.reflect.Constructor.newInstance(Constructor.java:483) ~[?:?]
	at org.bukkit.plugin.java.PluginClassLoader.<init>(PluginClassLoader.java:109) ~[paper-api-1.21.10-R0.1-SNAPSHOT.jar:?]
	... 10 more
Caused by: java.lang.NoClassDefFoundError: kotlin/jvm/internal/Intrinsics
	at Talismans v6.77.0.jar/com.willfp.talismans.libreforge.loader.LibreforgePlugin.mutateProps(LibreforgePlugin.kt) ~[Talismans v6.77.0.jar:?]
	at eco-7.6.2-all.jar/com.willfp.eco.core.EcoPlugin.<init>(EcoPlugin.java:325) ~[eco-7.6.2-all.jar:?]
	at eco-7.6.2-all.jar/com.willfp.eco.core.EcoPlugin.<init>(EcoPlugin.java:185) ~[eco-7.6.2-all.jar:?]
	at Talismans v6.77.0.jar/com.willfp.talismans.libreforge.loader.LibreforgePlugin.<init>(LibreforgePlugin.kt:25) ~[Talismans v6.77.0.jar:?]
	at Talismans v6.77.0.jar/com.willfp.talismans.TalismansPlugin.<init>(TalismansPlugin.kt:30) ~[Talismans v6.77.0.jar:?]
	at java.base/jdk.internal.reflect.DirectConstructorHandleAccessor.newInstance(DirectConstructorHandleAccessor.java:62) ~[?:?]
	at java.base/java.lang.reflect.Constructor.newInstanceWithCaller(Constructor.java:499) ~[?:?]
	at java.base/java.lang.reflect.Constructor.newInstance(Constructor.java:483) ~[?:?]
	at org.bukkit.plugin.java.PluginClassLoader.<init>(PluginClassLoader.java:109) ~[paper-api-1.21.10-R0.1-SNAPSHOT.jar:?]
	... 10 more
Caused by: java.lang.ClassNotFoundException: kotlin.jvm.internal.Intrinsics
	at org.bukkit.plugin.java.PluginClassLoader.loadClass0(PluginClassLoader.java:208) ~[paper-api-1.21.10-R0.1-SNAPSHOT.jar:?]
	at org.bukkit.plugin.java.PluginClassLoader.loadClass(PluginClassLoader.java:175) ~[paper-api-1.21.10-R0.1-SNAPSHOT.jar:?]
	at java.base/java.lang.ClassLoader.loadClass(ClassLoader.java:490) ~[?:?]
	at Talismans v6.77.0.jar/com.willfp.talismans.libreforge.loader.LibreforgePlugin.mutateProps(LibreforgePlugin.kt) ~[Talismans v6.77.0.jar:?]
	at eco-7.6.2-all.jar/com.willfp.eco.core.EcoPlugin.<init>(EcoPlugin.java:325) ~[eco-7.6.2-all.jar:?]
	at eco-7.6.2-all.jar/com.willfp.eco.core.EcoPlugin.<init>(EcoPlugin.java:185) ~[eco-7.6.2-all.jar:?]
	at Talismans v6.77.0.jar/com.willfp.talismans.libreforge.loader.LibreforgePlugin.<init>(LibreforgePlugin.kt:25) ~[Talismans v6.77.0.jar:?]
	at Talismans v6.77.0.jar/com.willfp.talismans.TalismansPlugin.<init>(TalismansPlugin.kt:30) ~[Talismans v6.77.0.jar:?]
	at java.base/jdk.internal.reflect.DirectConstructorHandleAccessor.newInstance(DirectConstructorHandleAccessor.java:62) ~[?:?]
	at java.base/java.lang.reflect.Constructor.newInstanceWithCaller(Constructor.java:499) ~[?:?]
	at java.base/java.lang.reflect.Constructor.newInstance(Constructor.java:483) ~[?:?]
	at org.bukkit.plugin.java.PluginClassLoader.<init>(PluginClassLoader.java:109) ~[paper-api-1.21.10-R0.1-SNAPSHOT.jar:?]
	... 10 more
[19:03:34] [Server thread/INFO]: [EcoPets] Initializing EcoPets
[19:03:34] [Server thread/WARN]: Legacy plugin EconomyX v2.8.3-FINAL does not specify an api-version.
[19:03:34] [Server thread/WARN]: Legacy plugin PlayerVaults v3.6.0-bSNAPSHOT does not specify an api-version.
[19:03:34] [Server thread/WARN]: Legacy plugin Annoncement v3.0 does not specify an api-version.
[19:03:34] [Server thread/INFO]: [LuckPerms] Loading server plugin LuckPerms v5.5.0
[19:03:34] [Server thread/INFO]: [Vault] Loading server plugin Vault v1.7.3-b131
[19:03:34] [Server thread/INFO]: [WorldEdit] Loading server plugin WorldEdit v7.3.18+7298-4383852
[19:03:35] [Server thread/INFO]: Got request to register class com.sk89q.worldedit.bukkit.BukkitServerInterface with WorldEdit [com.sk89q.worldedit.extension.platform.PlatformManager@1fec76e1]
[19:03:35] [Server thread/INFO]: [PlaceholderAPI] Loading server plugin PlaceholderAPI v2.12.2
[19:03:35] [Server thread/INFO]: [WorldGuard] Loading server plugin WorldGuard v7.0.14+2339-43997ec
[19:03:36] [Server thread/INFO]: [CoreLogging] Loading server plugin Multiverse-Core v5.3.0
[19:03:36] [Server thread/INFO]: [MythicMobs] Loading server plugin MythicMobs v5.11.0-SNAPSHOT-b95565d9
[19:03:36] [Server thread/INFO]: [LumineUtils] (io.lumine.mythic.bukkit.utils.) is bound to plugin MythicMobs - io.lumine.mythic.bukkit.MythicBukkit
[19:03:36] [Server thread/INFO]: [MythicMobs] §x§f§f§0§0§0§0M§x§f§f§6§6§0§0y§x§f§f§c§c§0§0t§x§c§b§f§f§0§0h§x§6§5§f§f§0§0i§x§0§0§f§f§0§0c§x§0§0§f§f§6§6 §x§0§0§f§f§c§bE§x§0§0§c§b§f§fn§x§0§0§6§5§f§fa§x§0§0§0§0§f§fb§x§6§6§0§0§f§fl§x§c§c§0§0§f§fe§x§f§f§0§0§c§cd§x§f§f§0§0§6§6!
[19:03:36] [Server thread/INFO]: [ProtocolLib] Loading server plugin ProtocolLib v5.4.0
[19:03:36] [Server thread/WARN]: [ProtocolLib] Version (MC: 1.21.10) has not yet been tested! Proceed with caution.
[19:03:36] [Server thread/INFO]: [Essentials] Loading server plugin Essentials v2.22.1-dev+1-b303bf9
[19:03:36] [Server thread/INFO]: [GHolo] Loading server plugin GHolo v2.2.6
[19:03:36] [Server thread/INFO]: [ModelEngine] Loading server plugin ModelEngine vR4.0.9
[19:03:36] [Server thread/INFO]: [SCore] Loading server plugin SCore v5.26.2.3
[19:03:36] [Server thread/INFO]: [nightcore] Loading server plugin nightcore v2.11.0
[19:03:36] [Server thread/INFO]: [SpawnerMeta] Loading server plugin SpawnerMeta v25.6
[19:03:36] [Server thread/INFO]: [EssentialsChat] Loading server plugin EssentialsChat v2.22.0-dev+57-7775662
[19:03:36] [Server thread/INFO]: [eco] Loading server plugin eco v7.6.2
[19:03:36] [Server thread/INFO]: [ProtectionStones] Loading server plugin ProtectionStones v2.10.5
[19:03:36] [Server thread/INFO]: [ExecutableItems] Loading server plugin ExecutableItems v7.26.2.3
[19:03:36] [Server thread/INFO]: [EconomyShopGUI] Loading server plugin EconomyShopGUI v6.16.2
[19:03:36] [Server thread/INFO]: [EcoItems] Loading server plugin EcoItems v6.7.0
[19:03:36] [Server thread/INFO]: [libreforge] Initializing libreforge
[19:03:36] [Server thread/INFO]: [libreforge] Loading server plugin libreforge v5.6.0
[19:03:36] [Server thread/INFO]: [AdvancedEnchantments] Loading server plugin AdvancedEnchantments v9.22.7
[19:03:36] [Server thread/INFO]: [zMenu] Loading server plugin zMenu v1.1.0.7
[19:03:36] [Server thread/INFO]: [ItemEdit] Loading server plugin ItemEdit v3.7.8
[19:03:36] [Server thread/INFO]: [Skulls] Loading server plugin Skulls v3.29.0
[19:03:36] [Server thread/WARN]: [Skulls] Could not add URL to classpath using any method: file:/workspaces/solarking/servidor_minecraft/plugins/Skulls/libs/sqlite-jdbc-3.44.1.0.jar
[19:03:36] [Server thread/INFO]: [Skulls] Loaded dependency: org.xerial:sqlite-jdbc:3.44.1.0
[19:03:36] [Server thread/INFO]: [VotifierPlus] Loading server plugin VotifierPlus v1.4.3
[19:03:36] [Server thread/INFO]: [AxSellwands] Loading server plugin AxSellwands v1.12.0
[19:03:36] [Server thread/INFO]: [SkinsRestorer] Loading server plugin SkinsRestorer v15.12.0
[19:03:36] [Server thread/INFO]: [VoidTeleport] Loading server plugin VoidTeleport v2.4.5
[19:03:36] [Server thread/INFO]: [BattlePass] Loading server plugin BattlePass v5.0.3
[19:03:36] [Server thread/INFO]: [EcoMobs] Loading server plugin EcoMobs v10.24.0
[19:03:36] [Server thread/INFO]: [Simple_RTP] Loading server plugin Simple_RTP v1.0.2-BETA
[19:03:36] [Server thread/INFO]: [InfiniteGUI] Loading server plugin InfiniteGUI v1.1.10
[19:03:36] [Server thread/INFO]: [MobsToEggs] Loading server plugin MobsToEggs v1.7.22
[19:03:36] [Server thread/INFO]: [TAB] Loading server plugin TAB v5.4.0
[19:03:36] [Server thread/INFO]: [RealScoreboard] Loading server plugin RealScoreboard v1.5.7
[19:03:36] [Server thread/INFO]: [AxRewards] Loading server plugin AxRewards v3.7.0
[19:03:36] [Server thread/INFO]: [Shopkeepers] Loading server plugin Shopkeepers v2.25.0
[19:03:37] [Server thread/INFO]: [Shopkeepers] Loaded all plugin classes (660 ms).
[19:03:37] [Server thread/INFO]: [Shopkeepers] Compatibility provider loaded: 1_21_R8_paper
[19:03:37] [Server thread/INFO]: [Shopkeepers] Loading config.
[19:03:37] [Server thread/INFO]: [Shopkeepers] Loading language file: language-en-default.yml
[19:03:37] [Server thread/INFO]: [Shopkeepers] Registering WorldGuard flag 'allow-shop'.
[19:03:37] [Server thread/INFO]: [Shopkeepers] Registering defaults.
[19:03:37] [Server thread/INFO]: [EcoArmor] Loading server plugin EcoArmor v9.7.0
[19:03:37] [Server thread/WARN]: [libreforge] On 2026-05-04 'take_damage' will no longer trigger for Entity damage.
[19:03:37] [Server thread/WARN]: [libreforge] Please migrate all relevant usages of 'take_damage' to 'take_entity_damage' before this date.
[19:03:37] [Server thread/WARN]: [libreforge] Alternatively, enable 'opt-in.take_damage_blocks_entity_damage' to apply the internal change before 2026-05-04.
[19:03:37] [Server thread/INFO]: [EcoJobs] Loading server plugin EcoJobs v3.72.0
[19:03:37] [Server thread/INFO]: [EssentialsSpawn] Loading server plugin EssentialsSpawn v2.22.0-dev+57-7775662
[19:03:37] [Server thread/INFO]: [EcoSkills] Loading server plugin EcoSkills v3.67.1
[19:03:37] [Server thread/INFO]: [zAuctionHouseV3] Loading server plugin zAuctionHouseV3 v3.2.4.0
[19:03:37] [Server thread/INFO]: [MiniMOTD] Loading server plugin MiniMOTD v2.2.3
[19:03:37] [Server thread/INFO]: [Rankup] Loading server plugin Rankup v3.15.2
[19:03:37] [Server thread/INFO]: [Ouranos] Loading server plugin Ouranos v1.1.11
[19:03:37] [Server thread/INFO]: [AdvancedKits] Loading server plugin AdvancedKits v1.21.29
[19:03:37] [Server thread/INFO]: [XVaults] Loading server plugin XVaults v2.1.2
[19:03:37] [Server thread/INFO]: [EcoPets] Loading server plugin EcoPets v3.7.0
[19:03:37] [Server thread/INFO]: [EconomyX] Loading server plugin EconomyX v2.8.3-FINAL
[19:03:37] [Server thread/INFO]: [PlayerVaults] Loading server plugin PlayerVaults v3.6.0-bSNAPSHOT
[19:03:37] [Server thread/INFO]: [Annoncement] Loading server plugin Annoncement v3.0
[19:03:37] [Server thread/INFO]: >>----------------------------------
[19:03:37] [Server thread/INFO]: [Annoncement] Loading...
[19:03:37] [Server thread/INFO]: >>----------------------------------
[19:03:37] [Server thread/INFO]: [DeepVoid] Loading server plugin DeepVoid v2.22.0
[19:03:37] [Server thread/INFO]: [CommandPanels] Loading server plugin CommandPanels v3.23.4
[19:03:37] [Server thread/INFO]: [DeluxeMenus] Loading server plugin DeluxeMenus v1.14.1-Release
[19:03:37] [Server thread/WARN]: [DeluxeMenus] Could not setup a NMS hook for your server version! The following Item options will not work: nbt_int, nbt_ints, nbt_string and nbt_strings.
[19:03:37] [Server thread/INFO]: [RavenWelcome] Loading server plugin RavenWelcome v1.0
[19:03:37] [Server thread/INFO]: [RealMines] Loading server plugin RealMines v1.8.8
[19:03:37] [Server thread/INFO]: [AnimaBossBar] Loading server plugin AnimaBossBar v${project.version}
[19:03:37] [Server thread/INFO]: [PinataParty] Loading server plugin PinataParty v2.69.3
[19:03:37] [Server thread/INFO]: [ExcellentCrates] Loading server plugin ExcellentCrates v6.6.1
[19:03:37] [Server thread/INFO]: Server permissions file permissions.yml is empty, ignoring it
[19:03:37] [Server thread/INFO]: [LuckPerms] Enabling LuckPerms v5.5.0
[19:03:38] [Server thread/INFO]:         __    
[19:03:38] [Server thread/INFO]:   |    |__)   LuckPerms v5.5.0
[19:03:38] [Server thread/INFO]:   |___ |      Running on Bukkit - Paper
[19:03:38] [Server thread/INFO]: 
[19:03:38] [Server thread/INFO]: [LuckPerms] Loading configuration...
[19:03:38] [Server thread/INFO]: [LuckPerms] Loading storage provider... [H2]
[19:03:39] [Server thread/INFO]: [LuckPerms] Loading internal permission managers...
[19:03:39] [Server thread/INFO]: [LuckPerms] Performing initial data load...
[19:03:39] [Server thread/INFO]: [LuckPerms] Successfully enabled. (took 1971ms)
[19:03:39] [Server thread/INFO]: [Vault] Enabling Vault v1.7.3-b131
[19:03:39] [Server thread/INFO]: [Vault] [Economy] Essentials Economy found: Waiting
[19:03:40] [Server thread/INFO]: [Vault] [Permission] SuperPermissions loaded as backup permission system.
[19:03:40] [Server thread/INFO]: [Vault] Enabled Version 1.7.3-b131
[19:03:40] [Server thread/INFO]: [LuckPerms] Registered Vault permission & chat hook.
[19:03:40] [Server thread/INFO]: [WorldEdit] Enabling WorldEdit v7.3.18+7298-4383852
[19:03:40] [Server thread/INFO]: Registering commands with com.sk89q.worldedit.bukkit.BukkitServerInterface
[19:03:40] [Server thread/INFO]: WEPIF: Vault detected! Using Vault for permissions
[19:03:41] [Server thread/INFO]: Using com.sk89q.worldedit.bukkit.adapter.impl.v1_21_9.PaperweightAdapter as the Bukkit adapter
[19:03:41] [Server thread/INFO]: [ProtocolLib] Enabling ProtocolLib v5.4.0
[19:03:41] [Server thread/INFO]: [ModelEngine] Enabling ModelEngine vR4.0.9
[19:03:42] [Server thread/INFO]: [ModelEngine] [S] Loading cache version: R4.0.8
[19:03:42] [Server thread/WARN]: [ModelEngine] [S] Unable to activate MineSkin skin generation: Empty API Key
[19:03:42] [Server thread/INFO]: [ModelEngine] [S] Loading default skin: Steve
[19:03:42] [Server thread/INFO]: [ModelEngine] [S] Loading default skin: Alex
[19:03:42] [ForkJoinPool.commonPool-worker-2/INFO]: [ModelEngine] [A] Registered default skin: Alex
[19:03:42] [ForkJoinPool.commonPool-worker-1/INFO]: [ModelEngine] [A] Registered default skin: Steve
[19:03:42] [Server thread/INFO]: [nightcore] Enabling nightcore v2.11.0
[19:03:42] [Server thread/INFO]: [nightcore] Server version detected as 1.21.10. Using paper-bridge.
[19:03:42] [Server thread/INFO]: Environment: Environment[sessionHost=https://sessionserver.mojang.com, servicesHost=https://api.minecraftservices.com, profilesHost=https://api.mojang.com, name=PROD]
[19:03:42] [Server thread/INFO]: [nightcore] Time zone set as Etc/UTC
[19:03:42] [Server thread/INFO]: [nightcore] Loaded 2 color schemes.
[19:03:42] [Server thread/INFO]: [nightcore] Using 'custom' color scheme.
[19:03:42] [Server thread/INFO]: [nightcore] Registered permissions provider: LuckPerms
[19:03:42] [Server thread/INFO]: [nightcore] Registered item provider: 'vanilla'.
[19:03:42] [Server thread/INFO]: [nightcore] Registered item provider: 'excellentcrates'.
[19:03:42] [Server thread/INFO]: [nightcore] Registered item provider: 'excellentcrates_crate'.
[19:03:42] [Server thread/INFO]: [nightcore] Registered item provider: 'excellentcrates_key'.
[19:03:42] [Server thread/INFO]: [nightcore] Registered item provider: 'executableitems'.
[19:03:42] [Server thread/INFO]: [nightcore] Vault detected! Loading currency...
[19:03:42] [Server thread/INFO]: [nightcore] Currency registered: 'vault'.
[19:03:42] [Server thread/INFO]: [nightcore] Currency registered: 'xp_level'.
[19:03:42] [Server thread/INFO]: [nightcore] Currency registered: 'gold'.
[19:03:42] [Server thread/INFO]: [nightcore] Currency registered: 'emerald'.
[19:03:42] [Server thread/INFO]: [nightcore] Currency registered: 'custom_diamond'.
[19:03:42] [Server thread/INFO]: [nightcore] Plugin loaded in 188 ms!
[19:03:42] [Server thread/INFO]: [eco] Enabling eco v7.6.2
[19:03:42] [Server thread/INFO]: [eco] Loading eco
[19:03:42] [Server thread/INFO]: [PlaceholderAPI] Successfully registered internal expansion: eco [7.6.2]
[19:03:42] [Server thread/INFO]: [eco] Loaded integrations (8): EconomyShopGUI, ExecutableItems, MythicMobs, ModelEngine, Essentials, Vault, PlaceholderAPI, WorldGuard
[19:03:42] [Server thread/INFO]: [eco] Loaded price factories (9): xp, xplevels, experience, coins, explevels, exp, l, $, levels
[19:03:42] [Server thread/INFO]: [eco] Scanning for conflicts...
[19:03:42] [Server thread/INFO]: [eco] No conflicts found!
[19:03:42] [Server thread/INFO]: [SkinsRestorer] Enabling SkinsRestorer v15.12.0
[19:03:43] [Server thread/INFO]: [SkinsRestorer] Running on Minecraft 1.21.10.
[19:03:44] [Server thread/INFO]: [SkinsRestorer] Using paper join listener!
[19:03:44] [Server thread/INFO]: [PlaceholderAPI] Successfully registered internal expansion: skinsrestorer [15.12.0]
[19:03:44] [Server thread/INFO]: [SkinsRestorer] PlaceholderAPI expansion registered!
[19:03:44] [Server thread/INFO]: [Ouranos] Enabling Ouranos v1.1.11
[19:03:44] [Folia Async Scheduler Thread #1/INFO]: [SkinsRestorer] ----------------------------------------------
[19:03:44] [Folia Async Scheduler Thread #1/INFO]: [SkinsRestorer]     +==================+
[19:03:44] [Folia Async Scheduler Thread #1/INFO]: [SkinsRestorer]     |   SkinsRestorer  |
[19:03:44] [Folia Async Scheduler Thread #1/INFO]: [SkinsRestorer]     |------------------|
[19:03:44] [Folia Async Scheduler Thread #1/INFO]: [SkinsRestorer]     |  Standalone Mode |
[19:03:44] [Folia Async Scheduler Thread #1/INFO]: [SkinsRestorer]     +==================+
[19:03:44] [Folia Async Scheduler Thread #1/INFO]: [SkinsRestorer] ----------------------------------------------
[19:03:44] [Folia Async Scheduler Thread #1/INFO]: [SkinsRestorer]     Version: 15.12.0
[19:03:44] [Folia Async Scheduler Thread #1/INFO]: [SkinsRestorer]     Commit: 2903414
[19:03:44] [Folia Async Scheduler Thread #1/INFO]: [SkinsRestorer]     This is the latest version!
[19:03:44] [Folia Async Scheduler Thread #1/INFO]: [SkinsRestorer] ----------------------------------------------
[19:03:44] [Folia Async Scheduler Thread #1/INFO]: [SkinsRestorer] Do you have issues? Read our troubleshooting guide: https://skinsrestorer.net/docs/troubleshooting
[19:03:44] [Folia Async Scheduler Thread #1/INFO]: [SkinsRestorer] Want to support SkinsRestorer or receive priority support? Become a supporter: https://skinsrestorer.net/pricing
[19:03:57] [Server thread/INFO]: [com.zaxxer.hikari.HikariDataSource] HikariPool-1 - Starting...
[19:03:57] [Server thread/INFO]: [com.zaxxer.hikari.pool.HikariPool] HikariPool-1 - Added connection org.sqlite.jdbc4.JDBC4Connection@3816739c
[19:03:57] [Server thread/INFO]: [com.zaxxer.hikari.HikariDataSource] HikariPool-1 - Start completed.
[19:03:57] [Server thread/WARN]: **** SERVER IS RUNNING IN OFFLINE/INSECURE MODE!
[19:03:57] [Server thread/WARN]: The server will make no attempt to authenticate usernames. Beware.
[19:03:57] [Server thread/WARN]: While this makes the game possible to play without internet access, it also opens up the ability for hackers to connect with any username they choose.
[19:03:57] [Server thread/WARN]: To change this, set "online-mode" to "true" in the server.properties file.
[19:03:57] [Server thread/INFO]: Preparing level "world"
[19:03:59] [Server thread/INFO]: Loading 0 persistent chunks for world 'minecraft:overworld'...
[19:03:59] [Server thread/INFO]: Preparing spawn area: 100%
[19:03:59] [Server thread/INFO]: Prepared spawn area in 4 ms
[19:03:59] [Server thread/INFO]: Loading 0 persistent chunks for world 'minecraft:the_nether'...
[19:03:59] [Server thread/INFO]: Prepared spawn area in 0 ms
[19:03:59] [Server thread/INFO]: Loading 0 persistent chunks for world 'minecraft:the_end'...
[19:03:59] [Server thread/INFO]: Prepared spawn area in 0 ms
[19:03:59] [Server thread/INFO]: Done preparing level "world" (1.608s)
[19:03:59] [Server thread/INFO]: [PlaceholderAPI] Enabling PlaceholderAPI v2.12.2
[19:03:59] [Server thread/INFO]: [PlaceholderAPI] Fetching available expansion information...
[19:03:59] [Server thread/INFO]: [WorldGuard] Enabling WorldGuard v7.0.14+2339-43997ec
[19:03:59] [Server thread/INFO]: [WorldGuard] (world) TNT ignition is PERMITTED.
[19:03:59] [Server thread/INFO]: [WorldGuard] (world) Lighters are PERMITTED.
[19:03:59] [Server thread/INFO]: [WorldGuard] (world) Lava fire is PERMITTED.
[19:03:59] [Server thread/INFO]: [WorldGuard] (world) Fire spread is UNRESTRICTED.
[19:03:59] [Server thread/INFO]: [WorldGuard] Loaded configuration for world 'world'
[19:03:59] [Server thread/INFO]: [WorldGuard] (world_nether) TNT ignition is PERMITTED.
[19:03:59] [Server thread/INFO]: [WorldGuard] (world_nether) Lighters are PERMITTED.
[19:03:59] [Server thread/INFO]: [WorldGuard] (world_nether) Lava fire is PERMITTED.
[19:03:59] [Server thread/INFO]: [WorldGuard] (world_nether) Fire spread is UNRESTRICTED.
[19:03:59] [Server thread/INFO]: [WorldGuard] Loaded configuration for world 'world_nether'
[19:03:59] [Server thread/INFO]: [WorldGuard] (world_the_end) TNT ignition is PERMITTED.
[19:03:59] [Server thread/INFO]: [WorldGuard] (world_the_end) Lighters are PERMITTED.
[19:03:59] [Server thread/INFO]: [WorldGuard] (world_the_end) Lava fire is PERMITTED.
[19:03:59] [Server thread/INFO]: [WorldGuard] (world_the_end) Fire spread is UNRESTRICTED.
[19:03:59] [Server thread/INFO]: [WorldGuard] Loaded configuration for world 'world_the_end'
[19:03:59] [Server thread/INFO]: [WorldGuard] Loading region data...
[19:03:59] [Server thread/INFO]: [Multiverse-Core] Enabling Multiverse-Core v5.3.0
[19:04:00] [Server thread/INFO]: Could not set generator for world 'spawn2': Plugin 'DeepVoid v2.22.0' is not enabled
[19:04:00] [Server thread/INFO]: Loading 0 persistent chunks for world 'minecraft:spawn2'...
[19:04:00] [Server thread/INFO]: Prepared spawn area in 2 ms
[19:04:00] [Server thread/INFO]: [WorldGuard] (spawn2) TNT ignition is PERMITTED.
[19:04:00] [Server thread/INFO]: [WorldGuard] (spawn2) Lighters are PERMITTED.
[19:04:00] [Server thread/INFO]: [WorldGuard] (spawn2) Lava fire is PERMITTED.
[19:04:00] [Server thread/INFO]: [WorldGuard] (spawn2) Fire spread is UNRESTRICTED.
[19:04:00] [Server thread/INFO]: [WorldGuard] Loaded configuration for world 'spawn2'
[19:04:00] [Server thread/INFO]: Loading 0 persistent chunks for world 'minecraft:world2'...
[19:04:00] [Server thread/INFO]: Prepared spawn area in 0 ms
[19:04:00] [Server thread/INFO]: [WorldGuard] (world2) TNT ignition is PERMITTED.
[19:04:00] [Server thread/INFO]: [WorldGuard] (world2) Lighters are PERMITTED.
[19:04:00] [Server thread/INFO]: [WorldGuard] (world2) Lava fire is PERMITTED.
[19:04:00] [Server thread/INFO]: [WorldGuard] (world2) Fire spread is UNRESTRICTED.
[19:04:00] [Server thread/INFO]: [WorldGuard] Loaded configuration for world 'world2'
[19:04:00] [Server thread/INFO]: Could not set generator for world 'dungeon2': Plugin 'DeepVoid v2.22.0' is not enabled
[19:04:00] [Server thread/INFO]: Loading 0 persistent chunks for world 'minecraft:dungeon2'...
[19:04:00] [Server thread/INFO]: Preparing spawn area: 100%
[19:04:00] [Server thread/INFO]: Prepared spawn area in 1 ms
[19:04:00] [Server thread/INFO]: [WorldGuard] (dungeon2) TNT ignition is PERMITTED.
[19:04:00] [Server thread/INFO]: [WorldGuard] (dungeon2) Lighters are PERMITTED.
[19:04:00] [Server thread/INFO]: [WorldGuard] (dungeon2) Lava fire is PERMITTED.
[19:04:00] [Server thread/INFO]: [WorldGuard] (dungeon2) Fire spread is UNRESTRICTED.
[19:04:00] [Server thread/INFO]: [WorldGuard] Loaded configuration for world 'dungeon2'
[19:04:00] [Server thread/INFO]: Could not set generator for world 'minasranks': Plugin 'DeepVoid v2.22.0' is not enabled
[19:04:00] [Server thread/INFO]: Loading 0 persistent chunks for world 'minecraft:minasranks'...
[19:04:00] [Server thread/INFO]: Prepared spawn area in 0 ms
[19:04:00] [Server thread/INFO]: [WorldGuard] (minasranks) TNT ignition is PERMITTED.
[19:04:00] [Server thread/INFO]: [WorldGuard] (minasranks) Lighters are PERMITTED.
[19:04:00] [Server thread/INFO]: [WorldGuard] (minasranks) Lava fire is PERMITTED.
[19:04:00] [Server thread/INFO]: [WorldGuard] (minasranks) Fire spread is UNRESTRICTED.
[19:04:00] [Server thread/INFO]: [WorldGuard] Loaded configuration for world 'minasranks'
[19:04:00] [Server thread/INFO]: Could not set generator for world 'koth': Plugin 'DeepVoid v2.22.0' is not enabled
[19:04:00] [Server thread/INFO]: Loading 0 persistent chunks for world 'minecraft:koth'...
[19:04:00] [Server thread/INFO]: Prepared spawn area in 0 ms
[19:04:00] [Server thread/INFO]: [WorldGuard] (koth) TNT ignition is PERMITTED.
[19:04:00] [Server thread/INFO]: [WorldGuard] (koth) Lighters are PERMITTED.
[19:04:00] [Server thread/INFO]: [WorldGuard] (koth) Lava fire is PERMITTED.
[19:04:00] [Server thread/INFO]: [WorldGuard] (koth) Fire spread is UNRESTRICTED.
[19:04:00] [Server thread/INFO]: [WorldGuard] Loaded configuration for world 'koth'
[19:04:00] [Server thread/INFO]: Could not set generator for world 'arenapvp': Plugin 'DeepVoid v2.22.0' is not enabled
[19:04:00] [Server thread/INFO]: Loading 0 persistent chunks for world 'minecraft:arenapvp'...
[19:04:00] [Server thread/INFO]: Preparing spawn area: 100%
[19:04:00] [Server thread/INFO]: Prepared spawn area in 1 ms
[19:04:00] [Server thread/INFO]: [WorldGuard] (arenapvp) TNT ignition is PERMITTED.
[19:04:00] [Server thread/INFO]: [WorldGuard] (arenapvp) Lighters are PERMITTED.
[19:04:00] [Server thread/INFO]: [WorldGuard] (arenapvp) Lava fire is PERMITTED.
[19:04:00] [Server thread/INFO]: [WorldGuard] (arenapvp) Fire spread is UNRESTRICTED.
[19:04:00] [Server thread/INFO]: [WorldGuard] Loaded configuration for world 'arenapvp'
[19:04:00] [Server thread/INFO]: Could not set generator for world 'dungeon': Plugin 'DeepVoid v2.22.0' is not enabled
[19:04:00] [Server thread/INFO]: Loading 0 persistent chunks for world 'minecraft:dungeon'...
[19:04:00] [Server thread/INFO]: Preparing spawn area: 100%
[19:04:00] [Server thread/INFO]: Prepared spawn area in 2 ms
[19:04:00] [Server thread/INFO]: [WorldGuard] (dungeon) TNT ignition is PERMITTED.
[19:04:00] [Server thread/INFO]: [WorldGuard] (dungeon) Lighters are PERMITTED.
[19:04:00] [Server thread/INFO]: [WorldGuard] (dungeon) Lava fire is PERMITTED.
[19:04:00] [Server thread/INFO]: [WorldGuard] (dungeon) Fire spread is UNRESTRICTED.
[19:04:00] [Server thread/INFO]: [WorldGuard] Loaded configuration for world 'dungeon'
[19:04:00] [Server thread/INFO]: Could not set generator for world 'lobby': Plugin 'DeepVoid v2.22.0' is not enabled
[19:04:01] [Server thread/INFO]: Loading 0 persistent chunks for world 'minecraft:lobby'...
[19:04:01] [Server thread/INFO]: Prepared spawn area in 1 ms
[19:04:01] [Server thread/INFO]: [WorldGuard] (lobby) TNT ignition is PERMITTED.
[19:04:01] [Server thread/INFO]: [WorldGuard] (lobby) Lighters are PERMITTED.
[19:04:01] [Server thread/INFO]: [WorldGuard] (lobby) Lava fire is PERMITTED.
[19:04:01] [Server thread/INFO]: [WorldGuard] (lobby) Fire spread is UNRESTRICTED.
[19:04:01] [Server thread/INFO]: [WorldGuard] Loaded configuration for world 'lobby'
[19:04:01] [Server thread/INFO]: Could not set generator for world 'spawn': Plugin 'DeepVoid v2.22.0' is not enabled
[19:04:01] [Server thread/INFO]: Loading 0 persistent chunks for world 'minecraft:spawn'...
[19:04:01] [Server thread/INFO]: Prepared spawn area in 0 ms
[19:04:01] [Server thread/INFO]: [WorldGuard] (spawn) TNT ignition is PERMITTED.
[19:04:01] [Server thread/INFO]: [WorldGuard] (spawn) Lighters are PERMITTED.
[19:04:01] [Server thread/INFO]: [WorldGuard] (spawn) Lava fire is PERMITTED.
[19:04:01] [Server thread/INFO]: [WorldGuard] (spawn) Fire spread is UNRESTRICTED.
[19:04:01] [Server thread/INFO]: [WorldGuard] Loaded configuration for world 'spawn'
[19:04:01] [Server thread/INFO]: Could not set generator for world 'olimpus': Plugin 'DeepVoid v2.22.0' is not enabled
[19:04:01] [Server thread/INFO]: Loading 0 persistent chunks for world 'minecraft:olimpus'...
[19:04:01] [Server thread/INFO]: Preparing spawn area: 100%
[19:04:01] [Server thread/INFO]: Prepared spawn area in 1 ms
[19:04:01] [Server thread/INFO]: [WorldGuard] (olimpus) TNT ignition is PERMITTED.
[19:04:01] [Server thread/INFO]: [WorldGuard] (olimpus) Lighters are PERMITTED.
[19:04:01] [Server thread/INFO]: [WorldGuard] (olimpus) Lava fire is PERMITTED.
[19:04:01] [Server thread/INFO]: [WorldGuard] (olimpus) Fire spread is UNRESTRICTED.
[19:04:01] [Server thread/INFO]: [WorldGuard] Loaded configuration for world 'olimpus'
[19:04:01] [Server thread/INFO]: Could not set generator for world 'minas2': Plugin 'DeepVoid v2.22.0' is not enabled
[19:04:01] [Server thread/INFO]: Loading 0 persistent chunks for world 'minecraft:minas2'...
[19:04:01] [Server thread/INFO]: Preparing spawn area: 100%
[19:04:01] [Server thread/INFO]: Prepared spawn area in 1 ms
[19:04:01] [Server thread/INFO]: [WorldGuard] (minas2) TNT ignition is PERMITTED.
[19:04:01] [Server thread/INFO]: [WorldGuard] (minas2) Lighters are PERMITTED.
[19:04:01] [Server thread/INFO]: [WorldGuard] (minas2) Lava fire is PERMITTED.
[19:04:01] [Server thread/INFO]: [WorldGuard] (minas2) Fire spread is UNRESTRICTED.
[19:04:01] [Server thread/INFO]: [WorldGuard] Loaded configuration for world 'minas2'
[19:04:01] [Server thread/INFO]: Could not set generator for world 'minas1': Plugin 'DeepVoid v2.22.0' is not enabled
[19:04:01] [Server thread/INFO]: Loading 0 persistent chunks for world 'minecraft:minas1'...
[19:04:01] [Server thread/INFO]: Prepared spawn area in 1 ms
[19:04:01] [Server thread/INFO]: [WorldGuard] (minas1) TNT ignition is PERMITTED.
[19:04:01] [Server thread/INFO]: [WorldGuard] (minas1) Lighters are PERMITTED.
[19:04:01] [Server thread/INFO]: [WorldGuard] (minas1) Lava fire is PERMITTED.
[19:04:01] [Server thread/INFO]: [WorldGuard] (minas1) Fire spread is UNRESTRICTED.
[19:04:01] [Server thread/INFO]: [WorldGuard] Loaded configuration for world 'minas1'
[19:04:01] [Server thread/INFO]: [PlaceholderAPI] Successfully registered internal expansion: multiverse-core [5.3.0]
[19:04:01] [Server thread/INFO]: [Multiverse-Core] API service loaded!
[19:04:01] [Server thread/INFO]: [Multiverse-Core] Version 5.3.0 (API v5.3) Enabled - By dumptruckman, Rigby, fernferret, lithium3141, main--, benwoo1110 and Zax71
[19:04:01] [Server thread/INFO]: [Multiverse-Core] Loving Multiverse-Core? Please consider supporting the project with a small donation: https://github.com/sponsors/Multiverse
[19:04:01] [Server thread/INFO]: [MythicMobs] Enabling MythicMobs v5.11.0-SNAPSHOT-b95565d9
[19:04:01] [Server thread/INFO]: [MythicMobs] Loading MythicMobs for Paper (MC: 1.21.10)...
[19:04:01] [Server thread/INFO]: [MythicMobs] The server is running Paper; enabled Paper exclusive functionality
[19:04:03] [Server thread/INFO]: [PlaceholderAPI] Successfully registered internal expansion: mythic [5.0.0]
[19:04:04] [Server thread/INFO]: [MythicMobs] Mythic PlaceholderAPI Support has been enabled!
[19:04:04] [Server thread/INFO]: [MythicMobs] Mythic Vault Support has been enabled!
[19:04:04] [Server thread/INFO]: [MythicMobs] Mythic WorldGuard Support has been enabled!
[19:04:07] [Server thread/INFO]: [MythicMobs] Loading Packs...
[19:04:07] [Server thread/INFO]: [MythicMobs] Loading Items...
[19:04:07] [Server thread/INFO]: [MythicMobs] Loading Item Groups...
[19:04:07] [Server thread/INFO]: [MythicMobs] All items loaded after 44ms!
[19:04:07] [Server thread/INFO]: [MythicMobs] Loading Skills...
[19:04:07] [Server thread/INFO]: [MythicMobs] Loaded 0 skill commands
[19:04:08] [Server thread/INFO]: [MythicMobs] Loading Drop Tables...
[19:04:08] [Server thread/INFO]: [MythicMobs] Loading Random Spawns...
[19:04:08] [Server thread/INFO]: [MythicMobs] Loading Spawn Blocks...
[19:04:08] [Server thread/INFO]: [MythicMobs] Second passes loaded after 26ms!
[19:04:08] [Server thread/INFO]: [MythicMobs] ✓ Loaded 19 mobs.
[19:04:08] [Server thread/INFO]: [MythicMobs] ✓ Loaded 3 vanilla mob overrides.
[19:04:08] [Server thread/INFO]: [MythicMobs] ✓ Loaded 0 mob stacks.
[19:04:08] [Server thread/INFO]: [MythicMobs] ✓ Loaded 69 skills.
[19:04:08] [Server thread/INFO]: [MythicMobs] ✓ Loaded 0 random spawns.
[19:04:08] [Server thread/INFO]: [MythicMobs] ✓ Loaded 3 mythic items.
[19:04:08] [Server thread/INFO]: [MythicMobs] ✓ Loaded 2 drop tables.
[19:04:08] [Server thread/INFO]: [MythicMobs] ✓ Loaded 0 mob spawners.
[19:04:08] [Server thread/INFO]: [MythicMobs] MythicMobs configuration file loaded successfully.
[19:04:08] [Server thread/INFO]: [MythicMobs] Started up bStats Metrics
[19:04:08] [Server thread/INFO]: [MythicMobs] ✓ MythicMobs Premium v5.11.0 ( build b95565d9 ) has been successfully loaded!
[19:04:08] [Server thread/INFO]: [Ouranos] [STDOUT] MythicMobs plugin loaded, enabling mob provider
[19:04:08] [Server thread/WARN]: Nag author(s): '[Civious]' of 'Ouranos v1.1.11' about their usage of System.out/err.print. Please use your plugin's logger instead (JavaPlugin#getLogger).
[19:04:09] [Server thread/INFO]: [MythicMobs] Model Engine Compatibility Loaded.
[19:04:09] [Server thread/INFO]: [ModelEngine] [S] Compatibility applied: MythicMobs
[19:04:09] [Server thread/INFO]: [Essentials] Enabling Essentials v2.22.1-dev+1-b303bf9
[19:04:10] [Server thread/ERROR]: [Essentials] You are running an unsupported server version!
[19:04:10] [Server thread/WARN]: [Essentials] Version mismatch! Please update EssentialsChat to the same version.
[19:04:10] [Server thread/WARN]: [Essentials] Version mismatch! Please update EssentialsSpawn to the same version.
[19:04:10] [Server thread/INFO]: [Essentials] Attempting to convert old kits in config.yml to new kits.yml
[19:04:10] [Server thread/INFO]: [Essentials] No kits found to migrate.
[19:04:10] [Server thread/INFO]: [Essentials] Selected Reflection Formatted Command Alias Provider as the provider for FormattedCommandAliasProvider
[19:04:10] [Server thread/INFO]: [Essentials] Selected Paper Material Tag Provider as the provider for MaterialTagProvider
[19:04:10] [Server thread/INFO]: [Essentials] Selected Legacy Biome Name Provider as the provider for BiomeNameProvider
[19:04:10] [Server thread/INFO]: [Essentials] Selected 1.20.6+ Potion Meta Provider as the provider for PotionMetaProvider
[19:04:10] [Server thread/INFO]: [Essentials] Selected Paper Container Provider as the provider for ContainerProvider
[19:04:10] [Server thread/INFO]: [Essentials] Selected 1.14.4+ Persistent Data Container Provider as the provider for PersistentDataProvider
[19:04:10] [Server thread/INFO]: [Essentials] Selected Paper Server State Provider as the provider for ServerStateProvider
[19:04:10] [Server thread/INFO]: [Essentials] Selected Paper Tick Count Provider as the provider for TickCountProvider
[19:04:10] [Server thread/INFO]: [Essentials] Selected 1.21+ InventoryView Interface ABI Provider as the provider for InventoryViewProvider
[19:04:10] [Server thread/INFO]: [Essentials] Selected 1.20.5+ Banner Data Provider as the provider for BannerDataProvider
[19:04:10] [Server thread/INFO]: [Essentials] Selected Paper 1.13+ Tile Entity Provider as the provider for TileEntityProvider
[19:04:10] [Server thread/INFO]: [Essentials] Selected 1.11+ Item Unbreakable Provider as the provider for ItemUnbreakableProvider
[19:04:10] [Server thread/INFO]: [Essentials] Selected 1.12+ Spawner Block Provider as the provider for SpawnerBlockProvider
[19:04:10] [Server thread/INFO]: [Essentials] Selected 1.13+ Spawn Egg Provider as the provider for SpawnEggProvider
[19:04:10] [Server thread/INFO]: [Essentials] Selected 1.14+ Sign Data Provider as the provider for SignDataProvider
[19:04:10] [Server thread/INFO]: [Essentials] Selected Paper Biome Key Provider as the provider for BiomeKeyProvider
[19:04:10] [Server thread/INFO]: [Essentials] Selected 1.12.2+ Player Locale Provider as the provider for PlayerLocaleProvider
[19:04:10] [Server thread/INFO]: [Essentials] Selected 1.20.4+ Damage Event Provider as the provider for DamageEventProvider
[19:04:10] [Server thread/INFO]: [Essentials] Selected 1.17.1+ World Info Provider as the provider for WorldInfoProvider
[19:04:10] [Server thread/INFO]: [Essentials] Selected 1.21.4+ Sync Commands Provider as the provider for SyncCommandsProvider
[19:04:10] [Server thread/INFO]: [Essentials] Selected 1.8.3+ Spawner Item Provider as the provider for SpawnerItemProvider
[19:04:10] [Server thread/INFO]: [Essentials] Selected Reflection Online Mode Provider as the provider for OnlineModeProvider
[19:04:10] [Server thread/INFO]: [Essentials] Selected Paper Known Commands Provider as the provider for KnownCommandsProvider
[19:04:10] [Server thread/INFO]: [Essentials] Selected Paper Serialization Provider as the provider for SerializationProvider
[19:04:10] [Server thread/INFO]: [Essentials] Loaded 46312 items from items.json.
[19:04:10] [Server thread/INFO]: [Essentials] Using locale en
[19:04:10] [Server thread/INFO]: [Essentials] ServerListPingEvent: Spigot iterator API
[19:04:10] [Server thread/INFO]: [Essentials] Starting Metrics. Opt-out using the global bStats config.
[19:04:10] [Server thread/INFO]: [Vault] [Economy] Essentials Economy hooked.
[19:04:10] [Server thread/INFO]: [Essentials] Using Vault based permissions (LuckPerms)
[19:04:10] [Server thread/INFO]: [GHolo] Enabling GHolo v2.2.6
[19:04:10] [Server thread/INFO]: [GHolo] The plugin was successfully enabled.
[19:04:10] [Server thread/INFO]: [GHolo] Link with PlaceholderAPI successful!
[19:04:10] [Server thread/INFO]: [SCore] Enabling SCore v5.26.2.3
[19:04:10] [Server thread/INFO]: SCore The library part of SCore is initializing ... (by SCore)
[19:04:10] [Server thread/INFO]: SCore ExecutableItems hooked !  (7.26.2.3) Load After
[19:04:10] [Server thread/INFO]: SCore PlaceholderAPI hooked !  (2.12.2)  Load Before
[19:04:10] [Server thread/INFO]: SCore WorldGuard hooked !  (7.0.14+2339-43997ec)  Load Before
[19:04:10] [Server thread/INFO]: SCore Vault hooked !  (1.7.3-b131)  Load Before
[19:04:10] [Server thread/INFO]: SCore Multiverse-Core hooked !  (5.3.0)  Load Before
[19:04:10] [Server thread/INFO]: SCore ProtocolLib hooked !
[19:04:10] [Server thread/INFO]: SCore Locale setup: EN
[19:04:10] [Server thread/INFO]: SCore MythicMobs hooked !  (5.11.0-SNAPSHOT-b95565d9)  Load Before
[19:04:10] [Server thread/INFO]: SCore ProtectionStones hooked !  (2.10.5) Load After
[19:04:10] [Server thread/INFO]: SCore TAB hooked !  (5.4.0) Load After
[19:04:10] [Server thread/INFO]: SCore EcoSkills hooked !  (3.67.1) Load After
[19:04:10] [Server thread/INFO]: SCore WorldEdit hooked !  (7.3.18+7298-4383852)  Load Before
[19:04:10] [Server thread/INFO]: SCore Language of the editor setup on EN
[19:04:10] [Server thread/INFO]: SCore will connect to the database hosted: In Local
[19:04:10] [Server thread/INFO]: SCore Connection to the db...
[19:04:10] [Server thread/INFO]: SCore will connect to the database hosted: In Local
[19:04:10] [Server thread/INFO]: SCore Creating table SecurityOP if not exists...
[19:04:10] [Server thread/INFO]: SCore Creating table Commands if not exists...
[19:04:10] [Server thread/INFO]: SCore Creating table Cooldowns if not exists...
[19:04:10] [Server thread/INFO]: SCore Creating table Commands Player if not exists...
[19:04:10] [Server thread/INFO]: SCore Creating table Commands Entity if not exists...
[19:04:10] [Server thread/INFO]: SCore Creating table Commands Block if not exists...
[19:04:10] [Server thread/INFO]: SCore Creating table UsePerDay if not exists...
[19:04:10] [Server thread/INFO]: SCore Creating table AbsorptionQuery if not exists...
[19:04:10] [Server thread/INFO]: SCore Creating table ATemporaryAttributesQuery if not exists...
[19:04:11] [Server thread/INFO]: SCore SCore loaded 0 delayed commands saved
[19:04:11] [Server thread/INFO]: ================ SCore ================
[19:04:11] [Server thread/INFO]: SCore is running on Folia
[19:04:11] [Server thread/INFO]: SCore is running on Paper or fork
[19:04:11] [Server thread/INFO]: SCore Version of the server 1.21.10-117-df4b668 (MC: 1.21.10) !
[19:04:11] [Server thread/INFO]: SCore Language for in-game messages setup on EN
[19:04:11] [Server thread/INFO]: SCore SCore loaded 1 variables from local files !
[19:04:11] [Server thread/INFO]: [SCore] CustomListsManager: Loaded entity list 'ANNOYING_MOBS' with 3 entries
[19:04:11] [Server thread/INFO]: [SCore] CustomListsManager: Loaded entity list 'HOSTILE_MOBS' with 4 entries
[19:04:11] [Server thread/INFO]: [SCore] CustomListsManager: Loaded block list 'STUPID_BLOCKS' with 3 entries
[19:04:11] [Server thread/INFO]: [SCore] CustomListsManager: Loaded block list 'ORES' with 5 entries
[19:04:11] [Server thread/INFO]: [SCore] CustomListsManager: Loaded 2 entity lists and 2 block lists
[19:04:11] [Server thread/INFO]: [PlaceholderAPI] Successfully registered internal expansion: SCore [1.0.0]
[19:04:11] [Server thread/INFO]: ================ SCore ================
[19:04:11] [Server thread/INFO]: [SpawnerMeta] Enabling SpawnerMeta v25.6
[19:04:11] [Server thread/INFO]: [SpawnerMeta v25.6] enabled!
[19:04:11] [Server thread/INFO]: [SpawnerMeta] Vault has been found, economy enabled!
[19:04:11] [Server thread/INFO]: [EssentialsChat] Enabling EssentialsChat v2.22.0-dev+57-7775662
[19:04:11] [Server thread/ERROR]: Error occurred while enabling EssentialsChat v2.22.0-dev+57-7775662 (Is it up to date?)
java.lang.NoClassDefFoundError: com/earth2me/essentials/utils/AdventureUtil
	at EssentialsXChat-2.22.0-dev+57-7775662.jar/com.earth2me.essentials.chat.EssentialsChat.onEnable(EssentialsChat.java:30) ~[EssentialsXChat-2.22.0-dev+57-7775662.jar:?]
	at org.bukkit.plugin.java.JavaPlugin.setEnabled(JavaPlugin.java:279) ~[paper-api-1.21.10-R0.1-SNAPSHOT.jar:?]
	at io.papermc.paper.plugin.manager.PaperPluginInstanceManager.enablePlugin(PaperPluginInstanceManager.java:202) ~[paper-1.21.10.jar:1.21.10-117-df4b668]
	at io.papermc.paper.plugin.manager.PaperPluginManagerImpl.enablePlugin(PaperPluginManagerImpl.java:109) ~[paper-1.21.10.jar:1.21.10-117-df4b668]
	at org.bukkit.plugin.SimplePluginManager.enablePlugin(SimplePluginManager.java:520) ~[paper-api-1.21.10-R0.1-SNAPSHOT.jar:?]
	at org.bukkit.craftbukkit.CraftServer.enablePlugin(CraftServer.java:639) ~[paper-1.21.10.jar:1.21.10-117-df4b668]
	at org.bukkit.craftbukkit.CraftServer.enablePlugins(CraftServer.java:596) ~[paper-1.21.10.jar:1.21.10-117-df4b668]
	at net.minecraft.server.MinecraftServer.initPostWorld(MinecraftServer.java:637) ~[paper-1.21.10.jar:1.21.10-117-df4b668]
	at net.minecraft.server.dedicated.DedicatedServer.initServer(DedicatedServer.java:368) ~[paper-1.21.10.jar:1.21.10-117-df4b668]
	at net.minecraft.server.MinecraftServer.runServer(MinecraftServer.java:1257) ~[paper-1.21.10.jar:1.21.10-117-df4b668]
	at net.minecraft.server.MinecraftServer.lambda$spin$2(MinecraftServer.java:384) ~[paper-1.21.10.jar:1.21.10-117-df4b668]
	at java.base/java.lang.Thread.run(Thread.java:1474) ~[?:?]
Caused by: java.lang.ClassNotFoundException: com.earth2me.essentials.utils.AdventureUtil
	at org.bukkit.plugin.java.PluginClassLoader.loadClass0(PluginClassLoader.java:208) ~[paper-api-1.21.10-R0.1-SNAPSHOT.jar:?]
	at org.bukkit.plugin.java.PluginClassLoader.loadClass(PluginClassLoader.java:175) ~[paper-api-1.21.10-R0.1-SNAPSHOT.jar:?]
	at java.base/java.lang.ClassLoader.loadClass(ClassLoader.java:490) ~[?:?]
	... 12 more
[19:04:11] [Server thread/INFO]: [EssentialsChat] Disabling EssentialsChat v2.22.0-dev+57-7775662
[19:04:11] [Server thread/INFO]: [ProtectionStones] Enabling ProtectionStones v2.10.5
[19:04:11] [Server thread/INFO]: [WorldGuard] Registering session handler dev.espi.protectionstones.flags.GreetingFlagHandler
[19:04:11] [Server thread/INFO]: [WorldGuard] Registering session handler dev.espi.protectionstones.flags.FarewellFlagHandler
[19:04:11] [Server thread/INFO]: [ProtectionStones] PlaceholderAPI support enabled!
[19:04:11] [Server thread/INFO]: [PlaceholderAPI] Successfully registered internal expansion: protectionstones [2.10.5]
[19:04:11] [Server thread/INFO]: [ProtectionStones] LuckPerms support enabled!
[19:04:11] [Server thread/INFO]: [ProtectionStones] Protection Stone Blocks:
[19:04:11] [Server thread/INFO]: [ProtectionStones] - EMERALD_ORE (64)
[19:04:12] [Server thread/INFO]: [ProtectionStones] Building region cache...
[19:04:12] [Server thread/INFO]: [ProtectionStones] Building UUID cache... (if slow change async-load-uuid-cache in the config to true)
[19:04:12] [Server thread/INFO]: [ProtectionStones] Checking if PS regions have been updated to UUIDs...
[19:04:12] [Server thread/INFO]: [ProtectionStones] §fProtectionStones has successfully started!
[19:04:12] [Server thread/INFO]: [ExecutableItems] Enabling ExecutableItems v7.26.2.3
[19:04:12] [Server thread/INFO]: ========*======== ExecutableItems ========*========
[19:04:13] [Server thread/INFO]: Injector com.ssomar.score.pack.custom.PackHttpInjector registered (TPack selfhosting)
[19:04:16] [Server thread/INFO]: ExecutableItems ERROR, Couldn't load the Material + GROUPS value of blocks from config, value: GRASS (Item: Prem_Grass_Cutter_v1_14).(detailedBlocks) >> Check the wiki if you want the list of materials and groups
[19:04:16] [Server thread/INFO]: ExecutableItems Amount of Executable Items configurations loaded: 205
[19:04:16] [Server thread/INFO]: ExecutableItems Items with display conditions :  
[19:04:16] [Server thread/INFO]: ========*======== ExecutableItems ========*========
[19:04:16] [Server thread/INFO]: [PlaceholderAPI] Successfully registered internal expansion: ExecutableItems [1.0.0]
[19:04:16] [Server thread/INFO]: [EconomyShopGUI] Enabling EconomyShopGUI v6.16.2
[19:04:16] [Server thread/INFO]: [EconomyShopGUI] [INFO]: Initializing paper meta...
[19:04:16] [Server thread/INFO]: [EconomyShopGUI] [INFO]: Using lang-en.yml as language file
[19:04:16] [Server thread/INFO]: [EconomyShopGUI] [INFO]: Completed loading 16 section configs from /sections/
[19:04:16] [Server thread/INFO]: [EconomyShopGUI] [INFO]: Completed loading 16 shop configs from /shops/
[19:04:16] [Server thread/INFO]: [EconomyShopGUI] [INFO]: Updating Shop settings...
[19:04:16] [Server thread/INFO]: [EconomyShopGUI] [INFO]: Successfully hooked into Vault and using EssentialsX Economy as economy provider
[19:04:16] [Server thread/INFO]: [EconomyShopGUI] [INFO]: Completed loading 1 economy provider(s) for all 14 shop sections.
[19:04:16] [Server thread/INFO]: [EconomyShopGUI] [INFO]: Using minecraft version 1.21.10...
[19:04:16] [Server thread/INFO]: [EconomyShopGUI] [INFO]: Spawner provider set to AUTO in config
[19:04:16] [Server thread/INFO]: [EconomyShopGUI] [INFO]: Automatically searching for compatible spawner provider....
[19:04:16] [Server thread/INFO]: [EconomyShopGUI] [INFO]: SpawnerMeta found, integrating...
[19:04:16] [Server thread/INFO]: [EconomyShopGUI] [INFO]: Using SpawnerMeta as spawner provider.
[19:04:16] [Server thread/INFO]: [PlaceholderAPI] Successfully registered internal expansion: esgui [1.1.0]
[19:04:16] [Server thread/INFO]: [EconomyShopGUI] [INFO]: Debug mode is enabled.
[19:04:16] [Server thread/INFO]: [EconomyShopGUI] [INFO]: Loading all items...
[19:04:17] [Server thread/INFO]: [EconomyShopGUI] [INFO]: Initialized - Took 1172ms to complete
[19:04:17] [Server thread/INFO]: [EcoItems] Enabling EcoItems v6.7.0
[19:04:17] [Server thread/INFO]: [EcoItems] Loading EcoItems
[19:04:17] [ESGUI_UTIL_THREAD #0/INFO]: [EconomyShopGUI] [INFO]: There is an update available for EconomyShopGUI, you are running v6.16.2 but found v7.0.3.
[19:04:17] [ESGUI_UTIL_THREAD #0/INFO]: [EconomyShopGUI] [INFO]: Download at: https://www.spigotmc.org/resources/economyshopgui.69927/
[19:04:17] [Server thread/INFO]: [PlaceholderAPI] Successfully registered internal expansion: ecoitems [6.7.0]
[19:04:17] [Server thread/INFO]: [EcoItems] Loaded price factories (9): xp, xplevels, experience, coins, explevels, exp, l, $, levels
[19:04:17] [Server thread/INFO]: [AdvancedEnchantments] Enabling AdvancedEnchantments v9.22.7
[19:04:18] [Server thread/INFO]: [AdvancedEnchantments] Loading Minecraft Version MC1_21_R7
[19:04:18] [Server thread/INFO]: [AdvancedEnchantments] Loaded 7 armor sets.
[19:04:18] [Server thread/INFO]: [AdvancedEnchantments] Loaded 5 weapons.
[19:04:18] [Server thread/INFO]: [AdvancedEnchantments] Successfully hooked into economy plugin (Vault)
[19:04:18] [Server thread/INFO]: [PlaceholderAPI] Successfully registered internal expansion: advancedenchantments [1.0.0]
[19:04:18] [Server thread/INFO]: [zMenu] Enabling zMenu v1.1.0.7
[19:04:18] [Server thread/INFO]: [zMenu v1.1.0.7] === ENABLE START ===
[19:04:18] [Server thread/INFO]: [zMenu v1.1.0.7] Plugin Version V1.1.0.7
[19:04:18] [Server thread/INFO]: [PlaceholderAPI] Successfully registered internal expansion: zmenu [1.1.0.7]
[19:04:18] [Server thread/INFO]: [zMenu] The database connection is valid ! (SQLITE)
[19:04:18] [Server thread/INFO]: [zMenu] Use ComponentMeta
[19:04:18] [Server thread/INFO]: [zMenu v1.1.0.7] Paper server detected, loading Dialogs support
[19:04:18] [Server thread/INFO]: [zMenu v1.1.0.7] zMenu Config
[19:04:18] [Server thread/INFO]: [zMenu] Registered Eco material loader
[19:04:18] [Server thread/INFO]: [zMenu] Registered ExecutableItems material loader
[19:04:18] [Server thread/INFO]: [zMenu] Registered MythicMobs material loader and listener
[19:04:18] [Server thread/INFO]: [zMenu v1.1.0.7] plugins/zMenu/patterns/pattern_example.yml loaded successfully !
[19:04:18] [Server thread/INFO]: [zMenu v1.1.0.7] plugins/zMenu/inventories/examples/switch.yml loaded successfully !
[19:04:19] [Server thread/INFO]: [zMenu v1.1.0.7] plugins/zMenu/inventories/examples/playtimes.yml loaded successfully !
[19:04:19] [Server thread/INFO]: [zMenu v1.1.0.7] plugins/zMenu/inventories/examples/cookies.yml loaded successfully !
[19:04:19] [Server thread/INFO]: [zMenu v1.1.0.7] plugins/zMenu/inventories/advanced_inventory.yml loaded successfully !
[19:04:19] [Server thread/INFO]: [zMenu v1.1.0.7] plugins/zMenu/inventories/example_punish.yml loaded successfully !
[19:04:19] [Server thread/INFO]: [zMenu v1.1.0.7] plugins/zMenu/inventories/pro_inventory.yml loaded successfully !
[19:04:19] [Server thread/INFO]: [zMenu v1.1.0.7] plugins/zMenu/inventories/recompensas.yml loaded successfully !
[19:04:19] [Server thread/INFO]: [zMenu v1.1.0.7] plugins/zMenu/inventories/basic_inventory.yml loaded successfully !
[19:04:19] [Server thread/INFO]: [zMenu v1.1.0.7] plugins/zMenu/inventories/INVENTORY-WARPS.yml loaded successfully !
[19:04:19] [Server thread/INFO]: [zMenu v1.1.0.7] plugins/zMenu/website/inventories.yml loaded successfully !
[19:04:19] [Server thread/INFO]: [zMenu v1.1.0.7] plugins/zMenu/dialogs/multi_action-dialog.yml loaded successfully!
[19:04:19] [Server thread/INFO]: [zMenu v1.1.0.7] plugins/zMenu/dialogs/default-dialog.yml loaded successfully!
[19:04:19] [Server thread/INFO]: [zMenu v1.1.0.7] plugins/zMenu/dialogs/server_link-dialog.yml loaded successfully!
[19:04:19] [Server thread/INFO]: [zMenu v1.1.0.7] plugins/zMenu/dialogs/confirmation-dialog.yml loaded successfully!
[19:04:19] [Server thread/INFO]: [zMenu v1.1.0.7] Command /basic_command successfully register.
[19:04:19] [Server thread/INFO]: [zMenu v1.1.0.7] Command /advanced_command successfully register.
[19:04:19] [Server thread/INFO]: [zMenu v1.1.0.7] Command /pro_command successfully register.
[19:04:19] [Server thread/INFO]: [zMenu v1.1.0.7] Command /openbook successfully register.
[19:04:19] [Server thread/INFO]: [zMenu v1.1.0.7] Command /punish successfully register.
[19:04:19] [Server thread/INFO]: [zMenu v1.1.0.7] 
[19:04:19] [Server thread/INFO]: [zMenu v1.1.0.7] You can support zMenu by upgrading your account here: https://minecraft-inventory-builder.com/account-upgrade
[19:04:19] [Server thread/INFO]: [zMenu v1.1.0.7] zMenu’s site includes an inventory editor (under development), a marketplace (already available) is a forum (under development)
[19:04:19] [Server thread/INFO]: [zMenu v1.1.0.7] 
[19:04:19] [Server thread/INFO]: [zMenu v1.1.0.7] Loading 6 commands
[19:04:19] [Server thread/INFO]: [zMenu v1.1.0.7] === ENABLE DONE (582ms) ===
[19:04:19] [Server thread/INFO]: [ItemEdit] Enabling ItemEdit v3.7.8
[19:04:19] [Server thread/INFO]: [ItemEdit] Hooking into MiniMessageAPI see https://webui.advntr.dev/
[19:04:19] [Server thread/INFO]: [ItemEdit] Selected Storage Type: YAML
[19:04:19] [Server thread/INFO]: [ItemEdit] Hooking into Vault
[19:04:19] [Server thread/INFO]: [ItemEdit] Hooking into PlaceHolderAPI
[19:04:19] [Server thread/INFO]: [ItemEdit] placeholders:
[19:04:19] [Server thread/INFO]: [ItemEdit]   %itemedit_amount_<{itemid}>_[{slot}]_[{player}]%
[19:04:19] [Server thread/INFO]: [ItemEdit]     shows how many itemid player has on slot
[19:04:19] [Server thread/INFO]: [ItemEdit]     <{itemid}> for item id on serveritem
[19:04:19] [Server thread/INFO]: [ItemEdit]     [{slot}] for the slot where the item should be counted, by default inventory
[19:04:19] [Server thread/INFO]: [ItemEdit]       Values: inventory (include offhand), equip (include offhand), inventoryandequip (include offhand), hand, offhand, head, chest, legs, feet
[19:04:19] [Server thread/INFO]: [ItemEdit]     [{player}] for the player, by default self
[19:04:19] [Server thread/INFO]: [ItemEdit]     example: %itemedit_amount_{my_item_id}_{hand}%
[19:04:19] [Server thread/INFO]: [PlaceholderAPI] Successfully registered internal expansion: itemedit [1.0]
[19:04:19] [Server thread/INFO]: [ItemEdit] Hooking into MythicMobs
[19:04:19] [Server thread/INFO]: [ItemEdit] # Enabled (took 452 ms)
[19:04:19] [Server thread/INFO]: [Skulls] Enabling Skulls v3.29.0
[19:04:19] [Server thread/INFO]:  
[19:04:19] [Server thread/INFO]: =============================
[19:04:19] [Server thread/INFO]: Skulls v3.29.0 by Tweetzy
[19:04:19] [Server thread/INFO]: Developer: Kiran Hart
[19:04:20] [Server thread/INFO]: [Skulls] Initializing SQLite connection pool for Skulls
[19:04:20] [Server thread/INFO]: [ca.tweetzy.skulls.flight.third_party.com.zaxxer.HikariDataSource] HikariPool-1 - Starting...
[19:04:20] [Server thread/INFO]: [ca.tweetzy.skulls.flight.third_party.com.zaxxer.pool.HikariPool] HikariPool-1 - Added connection org.sqlite.jdbc4.JDBC4Connection@4a2a5555
[19:04:20] [Server thread/INFO]: [ca.tweetzy.skulls.flight.third_party.com.zaxxer.HikariDataSource] HikariPool-1 - Start completed.
[19:04:20] [Server thread/INFO]: [Skulls] SQLite connection pool initialized successfully
[19:04:20] [Server thread/INFO]: Skulls » Setting up vault economy provider
[19:04:20] [Server thread/INFO]: [FlightCore] Enabling metrics for Skulls
[19:04:20] [Server thread/INFO]: =============================
[19:04:20] [Server thread/INFO]:  
[19:04:20] [Server thread/INFO]: [VotifierPlus] Enabling VotifierPlus v1.4.3
[19:04:20] [Server thread/INFO]: [VotifierPlus] Votifier enabled.
[19:04:20] [Server thread/INFO]: [AxSellwands] Enabling AxSellwands v1.12.0
[19:04:21] [Server thread/INFO]: [AxSellwands] Hooked into Vault!
[19:04:21] [Server thread/INFO]: [AxSellwands] Using builtin prices!
[19:04:21] [Server thread/INFO]: [PlaceholderAPI] Successfully registered internal expansion: axsellwands [1.0.0]
[19:04:21] [Server thread/INFO]: [AxSellwands] Hooked into WorldGuard!
[19:04:21] [Server thread/INFO]: [AxSellwands] Loaded plugin!
[19:04:21] [Server thread/INFO]: [VoidTeleport] Enabling VoidTeleport v2.4.5
[19:04:21] [Server thread/INFO]: 

                ===================================================
                                    VoidTeleport
                ===================================================

                              Current version: 2.4.5
                        You are running the latest version!

                ===================================================

[19:04:21] [Server thread/INFO]: [VoidTeleport] Developed by EndlessGames.
[19:04:21] [Server thread/INFO]: [BattlePass] Enabling BattlePass v5.0.3
[19:04:21] [Server thread/INFO]: [BattlePass] Finished loading the week-2 quests. All quests loaded successfully.
[19:04:22] [Server thread/INFO]: [BattlePass] Finished loading the event-easter quests. All quests loaded successfully.
[19:04:22] [Server thread/INFO]: [BattlePass] Finished loading the week-1 quests. All quests loaded successfully.
[19:04:22] [Server thread/INFO]: [BattlePass] Finished loading the week-4 quests. All quests loaded successfully.
[19:04:22] [Server thread/INFO]: [BattlePass] Finished loading the week-3 quests. All quests loaded successfully.
[19:04:22] [Server thread/INFO]: [BattlePass] Finished loading the week-pool quests. All quests loaded successfully.
[19:04:22] [Server thread/INFO]: [BattlePass] Finished loading the daily quests. All quests loaded successfully.
[19:04:22] [Server thread/INFO]: [BattlePass] Successfully loaded the pass type with the id: free
[19:04:22] [Server thread/INFO]: [BattlePass] Successfully loaded the pass type with the id: premium
[19:04:22] [Server thread/INFO]: [BattlePass] Register PlaceholderAPI placeholders
[19:04:22] [Server thread/INFO]: [PlaceholderAPI] Successfully registered internal expansion: battlepass [1.1]
[19:04:22] [Server thread/INFO]: [EcoMobs] Enabling EcoMobs v10.24.0
[19:04:22] [Server thread/INFO]: [EcoMobs] Loading EcoMobs
[19:04:22] [Server thread/INFO]: [PlaceholderAPI] Successfully registered internal expansion: ecomobs [10.24.0]
[19:04:22] [Server thread/INFO]: [EcoMobs] Loaded integrations (1): ModelEngine
[19:04:22] [Server thread/INFO]: [EcoMobs] Loaded price factories (9): xp, xplevels, experience, coins, explevels, exp, l, $, levels
[19:04:22] [Server thread/INFO]: [Simple_RTP] Enabling Simple_RTP v1.0.2-BETA
[19:04:22] [Server thread/INFO]: [Simple_RTP] Plugin has been enabled!
[19:04:22] [Server thread/INFO]: [Simple_RTP] Thank you for using RTP plugin! by Jaeden
[19:04:22] [Server thread/INFO]: [InfiniteGUI] Enabling InfiniteGUI v1.1.10
[19:04:22] [Server thread/INFO]: [InfiniteGUI]    
   ####   ###  ##  ### ###    ####   ###  ##    ####   #### ##  ### ###            ## ##   ##  ###    ####   
    ##      ## ##   ##  ##     ##      ## ##     ##    # ## ##   ##  ##           ##   ##  ##   ##     ##    
    ##     # ## #   ##         ##     # ## #     ##      ##      ##               ##       ##   ##     ##    
    ##     ## ##    ## ##      ##     ## ##      ##      ##      ## ##            ##  ###  ##   ##     ##    
    ##     ##  ##   ##         ##     ##  ##     ##      ##      ##               ##   ##  ##   ##     ##    
    ##     ##  ##   ##         ##     ##  ##     ##      ##      ##  ##           ##   ##  ##   ##     ##    
   ####   ###  ##  ####       ####   ###  ##    ####    ####    ### ###            ## ##    ## ##     ####
 
[19:04:22] [Server thread/INFO]: [NBTAPI] [NBTAPI] Found Minecraft: 1.21.10! Trying to find NMS support
[19:04:22] [Server thread/WARN]: [NBTAPI] [NBTAPI] This Server-Version(1.21.10-R0.1-SNAPSHOT) is not supported by this NBT-API Version(2.13.1) located in InfiniteGUI. The NBT-API will try to work as good as it can! Some functions may not work!
[19:04:22] [Server thread/INFO]: [NBTAPI] [NBTAPI] Using the plugin 'InfiniteGUI' to create a bStats instance!
[19:04:22] [Server thread/INFO]: [PlaceholderAPI] Successfully registered internal expansion: infinitegui [1.1.1]
[19:04:22] [Server thread/INFO]: [MobsToEggs] Enabling MobsToEggs v1.7.22
[19:04:22] [Server thread/INFO]: [MobsToEggs] Loading files for MobsToEggs...
[19:04:22] [Server thread/INFO]: [MobsToEggs] Loading language: es
[19:04:22] [Server thread/INFO]: [MobsToEggs] Using Dependencies:
[19:04:22] [Server thread/INFO]: [MobsToEggs] ✔️ [Vault, WorldGuard, MythicMobs]
[19:04:22] [Server thread/INFO]: [MobsToEggs] ❌ [NBTAPI, StackMob, Towny]
[19:04:22] [Server thread/INFO]: [TAB] Enabling TAB v5.4.0
[19:04:23] [Server thread/INFO]: [TAB] [WARN] [config.yml] playerlist-objective: Playerlist objective value is set to be empty, but the configured value must evaluate to a number. Using 0.
[19:04:23] [Server thread/INFO]: [TAB] [WARN] Found a total of 1 issues.
[19:04:23] [Server thread/INFO]: [TAB] Enabled in 264ms
[19:04:23] [Server thread/INFO]: [RealScoreboard] Enabling RealScoreboard v1.5.7
[19:04:23] [Server thread/INFO]: [RealScoreboard]    ____            _ ____                     _                         _
[19:04:23] [Server thread/INFO]: [RealScoreboard]   |  _ \ ___  __ _| / ___|  ___ ___  _ __ ___| |__   ___   __ _ _ __ __| |
[19:04:23] [Server thread/INFO]: [RealScoreboard]   | |_) / _ \/ _` | \___ \ / __/ _ \| '__/ _ \ '_ \ / _ \ / _` | '__/ _` |
[19:04:23] [Server thread/INFO]: [RealScoreboard]   |  _ <  __/ (_| | |___) | (_| (_) | | |  __/ |_) | (_) | (_| | | | (_| |
[19:04:23] [Server thread/INFO]: [RealScoreboard]   |_| \_\___|\__,_|_|____/ \___\___/|_|  \___|_.__/ \___/ \__,_|_|  \__,_|
[19:04:23] [Server thread/INFO]: [RealScoreboard]   Made by: JoseGamer_PT 		                      Version: 1.5.7
[19:04:23] [Server thread/INFO]: [RealScoreboard] 
[19:04:23] [Server thread/INFO]: [RealScoreboard] Loaded 2 conditions.
[19:04:23] [Server thread/INFO]: [RealScoreboard] Loaded 1 scoreboards.
[19:04:23] [Server thread/INFO]: [RealScoreboard] Server version: 1.21.10-R0.1-SNAPSHOT
[19:04:23] [Server thread/INFO]: [RealScoreboard] Finished loading in 0.388 seconds.
[19:04:23] [Server thread/INFO]: [RealScoreboard] <------------------ RealScoreboard v1.5.7 ------------------>
[19:04:23] [Server thread/INFO]: [AxRewards] Enabling AxRewards v3.7.0
[19:04:24] [Server thread/INFO]: [PlaceholderAPI] Successfully registered internal expansion: axrewards [1.0.0]
[19:04:24] [Server thread/INFO]: [AxRewards] Hooked into PlaceholderAPI!
[19:04:24] [Server thread/ERROR]: Error occurred while enabling AxRewards v3.7.0 (Is it up to date?)
java.lang.IllegalStateException: A command with path 'axrewards reset' already exists!
	at AxRewards-3.7.0.jar/com.artillexstudios.axrewards.libs.lamp.core.CommandParser.putOrError(CommandParser.java:563) ~[AxRewards-3.7.0.jar:?]
	at AxRewards-3.7.0.jar/com.artillexstudios.axrewards.libs.lamp.core.CommandParser.lambda$parse$4(CommandParser.java:203) ~[AxRewards-3.7.0.jar:?]
	at java.base/java.util.ArrayList.forEach(ArrayList.java:1604) ~[?:?]
	at AxRewards-3.7.0.jar/com.artillexstudios.axrewards.libs.lamp.core.CommandParser.parse(CommandParser.java:168) ~[AxRewards-3.7.0.jar:?]
	at AxRewards-3.7.0.jar/com.artillexstudios.axrewards.libs.lamp.core.CommandParser.parse(CommandParser.java:109) ~[AxRewards-3.7.0.jar:?]
	at AxRewards-3.7.0.jar/com.artillexstudios.axrewards.libs.lamp.core.BaseCommandHandler.register(BaseCommandHandler.java:185) ~[AxRewards-3.7.0.jar:?]
	at AxRewards-3.7.0.jar/com.artillexstudios.axrewards.libs.lamp.bukkit.core.BukkitHandler.register(BukkitHandler.java:149) ~[AxRewards-3.7.0.jar:?]
	at AxRewards-3.7.0.jar/com.artillexstudios.axrewards.commands.CommandManager.load(CommandManager.java:73) ~[AxRewards-3.7.0.jar:?]
	at AxRewards-3.7.0.jar/com.artillexstudios.axrewards.AxRewards.enable(AxRewards.java:118) ~[AxRewards-3.7.0.jar:?]
	at AxRewards-3.7.0.jar/com.artillexstudios.axrewards.libs.axapi.AxPlugin.onEnable(AxPlugin.java:146) ~[AxRewards-3.7.0.jar:?]
	at org.bukkit.plugin.java.JavaPlugin.setEnabled(JavaPlugin.java:279) ~[paper-api-1.21.10-R0.1-SNAPSHOT.jar:?]
	at io.papermc.paper.plugin.manager.PaperPluginInstanceManager.enablePlugin(PaperPluginInstanceManager.java:202) ~[paper-1.21.10.jar:1.21.10-117-df4b668]
	at io.papermc.paper.plugin.manager.PaperPluginManagerImpl.enablePlugin(PaperPluginManagerImpl.java:109) ~[paper-1.21.10.jar:1.21.10-117-df4b668]
	at org.bukkit.plugin.SimplePluginManager.enablePlugin(SimplePluginManager.java:520) ~[paper-api-1.21.10-R0.1-SNAPSHOT.jar:?]
	at org.bukkit.craftbukkit.CraftServer.enablePlugin(CraftServer.java:639) ~[paper-1.21.10.jar:1.21.10-117-df4b668]
	at org.bukkit.craftbukkit.CraftServer.enablePlugins(CraftServer.java:596) ~[paper-1.21.10.jar:1.21.10-117-df4b668]
	at net.minecraft.server.MinecraftServer.initPostWorld(MinecraftServer.java:637) ~[paper-1.21.10.jar:1.21.10-117-df4b668]
	at net.minecraft.server.dedicated.DedicatedServer.initServer(DedicatedServer.java:368) ~[paper-1.21.10.jar:1.21.10-117-df4b668]
	at net.minecraft.server.MinecraftServer.runServer(MinecraftServer.java:1257) ~[paper-1.21.10.jar:1.21.10-117-df4b668]
	at net.minecraft.server.MinecraftServer.lambda$spin$2(MinecraftServer.java:384) ~[paper-1.21.10.jar:1.21.10-117-df4b668]
	at java.base/java.lang.Thread.run(Thread.java:1474) ~[?:?]
[19:04:24] [Server thread/INFO]: [AxRewards] Disabling AxRewards v3.7.0
[19:04:24] [Server thread/INFO]: [Shopkeepers] Enabling Shopkeepers v2.25.0
[19:04:24] [Server thread/INFO]: [Shopkeepers] Loading the data of 31 shopkeepers ...
[19:04:26] [Server thread/INFO]: [EcoArmor] Enabling EcoArmor v9.7.0
[19:04:26] [Server thread/INFO]: [EcoArmor] Loading EcoArmor
[19:04:26] [Server thread/INFO]: [PlaceholderAPI] Successfully registered internal expansion: ecoarmor [9.7.0]
[19:04:26] [Server thread/INFO]: [EcoArmor] Loaded price factories (9): xp, xplevels, experience, coins, explevels, exp, l, $, levels
[19:04:26] [Server thread/INFO]: [EcoJobs] Enabling EcoJobs v3.72.0
[19:04:26] [Server thread/INFO]: [EcoJobs] Loading EcoJobs
[19:04:26] [Server thread/INFO]: [PlaceholderAPI] Successfully registered internal expansion: ecojobs [3.72.0]
[19:04:26] [Server thread/INFO]: [EcoJobs] Loaded price factories (9): xp, xplevels, experience, coins, explevels, exp, l, $, levels
[19:04:26] [Server thread/ERROR]: Error occurred while enabling EcoJobs v3.72.0 (Is it up to date?)
java.lang.NoSuchMethodError: 'com.willfp.libreforge.ConfigArguments com.willfp.libreforge.ConfigArgumentsKt.arguments(kotlin.jvm.functions.Function1)'
	at EcoJobs v3.72.0.jar/com.willfp.ecojobs.libreforge.ConditionHasJobLevel.<clinit>(ConditionHasJobLevel.kt:20) ~[EcoJobs v3.72.0.jar:?]
	at EcoJobs v3.72.0.jar/com.willfp.ecojobs.EcoJobsPlugin.handleEnable(EcoJobsPlugin.kt:51) ~[EcoJobs v3.72.0.jar:?]
	at eco-7.6.2-all.jar/com.willfp.eco.core.EcoPlugin.handleLifecycle(EcoPlugin.java:748) ~[eco-7.6.2-all.jar:?]
	at eco-7.6.2-all.jar/com.willfp.eco.core.EcoPlugin.onEnable(EcoPlugin.java:468) ~[eco-7.6.2-all.jar:?]
	at org.bukkit.plugin.java.JavaPlugin.setEnabled(JavaPlugin.java:279) ~[paper-api-1.21.10-R0.1-SNAPSHOT.jar:?]
	at io.papermc.paper.plugin.manager.PaperPluginInstanceManager.enablePlugin(PaperPluginInstanceManager.java:202) ~[paper-1.21.10.jar:1.21.10-117-df4b668]
	at io.papermc.paper.plugin.manager.PaperPluginManagerImpl.enablePlugin(PaperPluginManagerImpl.java:109) ~[paper-1.21.10.jar:1.21.10-117-df4b668]
	at org.bukkit.plugin.SimplePluginManager.enablePlugin(SimplePluginManager.java:520) ~[paper-api-1.21.10-R0.1-SNAPSHOT.jar:?]
	at org.bukkit.craftbukkit.CraftServer.enablePlugin(CraftServer.java:639) ~[paper-1.21.10.jar:1.21.10-117-df4b668]
	at org.bukkit.craftbukkit.CraftServer.enablePlugins(CraftServer.java:596) ~[paper-1.21.10.jar:1.21.10-117-df4b668]
	at net.minecraft.server.MinecraftServer.initPostWorld(MinecraftServer.java:637) ~[paper-1.21.10.jar:1.21.10-117-df4b668]
	at net.minecraft.server.dedicated.DedicatedServer.initServer(DedicatedServer.java:368) ~[paper-1.21.10.jar:1.21.10-117-df4b668]
	at net.minecraft.server.MinecraftServer.runServer(MinecraftServer.java:1257) ~[paper-1.21.10.jar:1.21.10-117-df4b668]
	at net.minecraft.server.MinecraftServer.lambda$spin$2(MinecraftServer.java:384) ~[paper-1.21.10.jar:1.21.10-117-df4b668]
	at java.base/java.lang.Thread.run(Thread.java:1474) ~[?:?]
[19:04:26] [Server thread/INFO]: [EcoJobs] Disabling EcoJobs v3.72.0
[19:04:26] [Server thread/INFO]: [EcoJobs] Cleaning up...
[19:04:27] [Server thread/INFO]: [EssentialsSpawn] Enabling EssentialsSpawn v2.22.0-dev+57-7775662
[19:04:27] [Server thread/ERROR]: Error occurred while enabling EssentialsSpawn v2.22.0-dev+57-7775662 (Is it up to date?)
java.lang.NoClassDefFoundError: com/earth2me/essentials/utils/AdventureUtil
	at EssentialsXSpawn-2.22.0-dev+57-7775662.jar/com.earth2me.essentials.spawn.EssentialsSpawn.onEnable(EssentialsSpawn.java:32) ~[EssentialsXSpawn-2.22.0-dev+57-7775662.jar:?]
	at org.bukkit.plugin.java.JavaPlugin.setEnabled(JavaPlugin.java:279) ~[paper-api-1.21.10-R0.1-SNAPSHOT.jar:?]
	at io.papermc.paper.plugin.manager.PaperPluginInstanceManager.enablePlugin(PaperPluginInstanceManager.java:202) ~[paper-1.21.10.jar:1.21.10-117-df4b668]
	at io.papermc.paper.plugin.manager.PaperPluginManagerImpl.enablePlugin(PaperPluginManagerImpl.java:109) ~[paper-1.21.10.jar:1.21.10-117-df4b668]
	at org.bukkit.plugin.SimplePluginManager.enablePlugin(SimplePluginManager.java:520) ~[paper-api-1.21.10-R0.1-SNAPSHOT.jar:?]
	at org.bukkit.craftbukkit.CraftServer.enablePlugin(CraftServer.java:639) ~[paper-1.21.10.jar:1.21.10-117-df4b668]
	at org.bukkit.craftbukkit.CraftServer.enablePlugins(CraftServer.java:596) ~[paper-1.21.10.jar:1.21.10-117-df4b668]
	at net.minecraft.server.MinecraftServer.initPostWorld(MinecraftServer.java:637) ~[paper-1.21.10.jar:1.21.10-117-df4b668]
	at net.minecraft.server.dedicated.DedicatedServer.initServer(DedicatedServer.java:368) ~[paper-1.21.10.jar:1.21.10-117-df4b668]
	at net.minecraft.server.MinecraftServer.runServer(MinecraftServer.java:1257) ~[paper-1.21.10.jar:1.21.10-117-df4b668]
	at net.minecraft.server.MinecraftServer.lambda$spin$2(MinecraftServer.java:384) ~[paper-1.21.10.jar:1.21.10-117-df4b668]
	at java.base/java.lang.Thread.run(Thread.java:1474) ~[?:?]
Caused by: java.lang.ClassNotFoundException: com.earth2me.essentials.utils.AdventureUtil
	at org.bukkit.plugin.java.PluginClassLoader.loadClass0(PluginClassLoader.java:208) ~[paper-api-1.21.10-R0.1-SNAPSHOT.jar:?]
	at org.bukkit.plugin.java.PluginClassLoader.loadClass(PluginClassLoader.java:175) ~[paper-api-1.21.10-R0.1-SNAPSHOT.jar:?]
	at java.base/java.lang.ClassLoader.loadClass(ClassLoader.java:490) ~[?:?]
	... 12 more
[19:04:27] [Server thread/INFO]: [EssentialsSpawn] Disabling EssentialsSpawn v2.22.0-dev+57-7775662
[19:04:27] [Server thread/INFO]: [EcoSkills] Enabling EcoSkills v3.67.1
[19:04:27] [Server thread/INFO]: [EcoSkills] Loading EcoSkills
[19:04:27] [Server thread/INFO]: [PlaceholderAPI] Successfully registered internal expansion: ecoskills [3.67.1]
[19:04:27] [Server thread/INFO]: [EcoSkills] Loaded price factories (9): xp, xplevels, experience, coins, explevels, exp, l, $, levels
[19:04:27] [Server thread/ERROR]: Error occurred while enabling EcoSkills v3.67.1 (Is it up to date?)
java.lang.NoSuchMethodError: 'com.willfp.libreforge.ConfigArguments com.willfp.libreforge.ConfigArgumentsKt.arguments(kotlin.jvm.functions.Function1)'
	at EcoSkills v3.67.1.jar/com.willfp.ecoskills.libreforge.EffectAddStat.<clinit>(EffectAddStat.kt:22) ~[EcoSkills v3.67.1.jar:?]
	at EcoSkills v3.67.1.jar/com.willfp.ecoskills.EcoSkillsPlugin.handleEnable(EcoSkillsPlugin.kt:63) ~[EcoSkills v3.67.1.jar:?]
	at eco-7.6.2-all.jar/com.willfp.eco.core.EcoPlugin.handleLifecycle(EcoPlugin.java:748) ~[eco-7.6.2-all.jar:?]
	at eco-7.6.2-all.jar/com.willfp.eco.core.EcoPlugin.onEnable(EcoPlugin.java:468) ~[eco-7.6.2-all.jar:?]
	at org.bukkit.plugin.java.JavaPlugin.setEnabled(JavaPlugin.java:279) ~[paper-api-1.21.10-R0.1-SNAPSHOT.jar:?]
	at io.papermc.paper.plugin.manager.PaperPluginInstanceManager.enablePlugin(PaperPluginInstanceManager.java:202) ~[paper-1.21.10.jar:1.21.10-117-df4b668]
	at io.papermc.paper.plugin.manager.PaperPluginManagerImpl.enablePlugin(PaperPluginManagerImpl.java:109) ~[paper-1.21.10.jar:1.21.10-117-df4b668]
	at org.bukkit.plugin.SimplePluginManager.enablePlugin(SimplePluginManager.java:520) ~[paper-api-1.21.10-R0.1-SNAPSHOT.jar:?]
	at org.bukkit.craftbukkit.CraftServer.enablePlugin(CraftServer.java:639) ~[paper-1.21.10.jar:1.21.10-117-df4b668]
	at org.bukkit.craftbukkit.CraftServer.enablePlugins(CraftServer.java:596) ~[paper-1.21.10.jar:1.21.10-117-df4b668]
	at net.minecraft.server.MinecraftServer.initPostWorld(MinecraftServer.java:637) ~[paper-1.21.10.jar:1.21.10-117-df4b668]
	at net.minecraft.server.dedicated.DedicatedServer.initServer(DedicatedServer.java:368) ~[paper-1.21.10.jar:1.21.10-117-df4b668]
	at net.minecraft.server.MinecraftServer.runServer(MinecraftServer.java:1257) ~[paper-1.21.10.jar:1.21.10-117-df4b668]
	at net.minecraft.server.MinecraftServer.lambda$spin$2(MinecraftServer.java:384) ~[paper-1.21.10.jar:1.21.10-117-df4b668]
	at java.base/java.lang.Thread.run(Thread.java:1474) ~[?:?]
[19:04:27] [Server thread/INFO]: [EcoSkills] Disabling EcoSkills v3.67.1
[19:04:27] [Server thread/INFO]: [EcoSkills] Cleaning up...
[19:04:28] [Server thread/INFO]: [zAuctionHouseV3] Enabling zAuctionHouseV3 v3.2.4.0
[19:04:28] [Server thread/INFO]: [PlaceholderAPI] Successfully registered internal expansion: zauctionhouse [3.2.4.0]
[19:04:28] [Server thread/INFO]: [zAuctionHouseV3 v3.2.4.0] === ENABLE START ===
[19:04:28] [Server thread/INFO]: [zAuctionHouseV3 v3.2.4.0] Plugin Version V3.2.4.0
[19:04:28] [Server thread/INFO]: [zAuctionHouseV3 v3.2.4.0] Loading of 4 price items
[19:04:28] [Server thread/INFO]: [zAuctionHouseV3 v3.2.4.0] /workspaces/solarking/servidor_minecraft/plugins/zAuctionHouseV3/blacklistplayers.json loaded successfully !
[19:04:28] [Server thread/INFO]: [zAuctionHouseV3 v3.2.4.0] Loaded config.yml
[19:04:28] [Server thread/INFO]: [zAuctionHouseV3 v3.2.4.0] Loading of 3 tax items
[19:04:28] [Server thread/INFO]: [zAuctionHouseV3 v3.2.4.0] Loaded 4 blacklist items
[19:04:28] [Server thread/INFO]: [zAuctionHouseV3 v3.2.4.0] Loaded 0 whitelist items
[19:04:28] [Server thread/INFO]: [zAuctionHouseV3 v3.2.4.0] Loading the Examples category with 4 materials
[19:04:28] [Server thread/INFO]: [zAuctionHouseV3 v3.2.4.0] Loading the Blocks category with 1166 materials
[19:04:28] [Server thread/INFO]: [zAuctionHouseV3 v3.2.4.0] Loading the Potions category with 17 materials
[19:04:28] [Server thread/INFO]: [zAuctionHouseV3 v3.2.4.0] Loading the Tools category with 20 materials
[19:04:28] [Server thread/INFO]: [zAuctionHouseV3 v3.2.4.0] Loading the Weapons category with 13 materials
[19:04:28] [Server thread/INFO]: [zAuctionHouseV3 v3.2.4.0] Loading 3 inventories
[19:04:28] [Server thread/INFO]: [zAuctionHouseV3 v3.2.4.0] Loading 0 commands
[19:04:28] [Server thread/INFO]: [zAuctionHouseV3] Using SQLITE for storage
[19:04:28] [Server thread/INFO]: [zAuctionHouseV3 v3.2.4.0] Load SQL...
[19:04:28] [Server thread/INFO]: [zMenu v1.1.0.7] plugins/zAuctionHouseV3/patterns/back.yml loaded successfully !
[19:04:28] [Server thread/INFO]: [zMenu v1.1.0.7] plugins/zAuctionHouseV3/patterns/decoration.yml loaded successfully !
[19:04:28] [Server thread/INFO]: [zMenu v1.1.0.7] plugins/zAuctionHouseV3/patterns/auction.yml loaded successfully !
[19:04:28] [Server thread/INFO]: [zMenu v1.1.0.7] plugins/zAuctionHouseV3/patterns/pagination.yml loaded successfully !
[19:04:28] [Server thread/INFO]: [zMenu v1.1.0.7] plugins/zAuctionHouseV3/inventories/economy.yml loaded successfully !
[19:04:28] [Server thread/INFO]: [zMenu v1.1.0.7] plugins/zAuctionHouseV3/inventories/buyconfirminventory.yml loaded successfully !
[19:04:28] [Server thread/INFO]: [zMenu v1.1.0.7] plugins/zAuctionHouseV3/inventories/expire.yml loaded successfully !
[19:04:28] [Server thread/INFO]: [zMenu v1.1.0.7] plugins/zAuctionHouseV3/inventories/items.yml loaded successfully !
[19:04:28] [Server thread/INFO]: [zMenu v1.1.0.7] plugins/zAuctionHouseV3/inventories/buyconfirm.yml loaded successfully !
[19:04:28] [Server thread/INFO]: [zMenu v1.1.0.7] plugins/zAuctionHouseV3/inventories/search.yml loaded successfully !
[19:04:28] [Server thread/INFO]: [zMenu v1.1.0.7] plugins/zAuctionHouseV3/inventories/sell.yml loaded successfully !
[19:04:28] [Server thread/INFO]: [zMenu v1.1.0.7] plugins/zAuctionHouseV3/inventories/show.yml loaded successfully !
[19:04:28] [Server thread/INFO]: [zMenu v1.1.0.7] plugins/zAuctionHouseV3/inventories/sellshow.yml loaded successfully !
[19:04:28] [Server thread/INFO]: [zMenu v1.1.0.7] plugins/zAuctionHouseV3/inventories/auction.yml loaded successfully !
[19:04:28] [Server thread/INFO]: [zMenu v1.1.0.7] plugins/zAuctionHouseV3/inventories/categories.yml loaded successfully !
[19:04:28] [Server thread/INFO]: [zMenu v1.1.0.7] plugins/zAuctionHouseV3/inventories/removeconfirm.yml loaded successfully !
[19:04:28] [Server thread/INFO]: [zMenu v1.1.0.7] plugins/zAuctionHouseV3/inventories/category.yml loaded successfully !
[19:04:28] [Server thread/INFO]: [zMenu v1.1.0.7] plugins/zAuctionHouseV3/inventories/buying.yml loaded successfully !
[19:04:28] [Server thread/INFO]: [zMenu v1.1.0.7] plugins/zAuctionHouseV3/inventories/adminremove.yml loaded successfully !
[19:04:28] [Server thread/WARN]: [CurrenciesAPI] The framework is not up to date, the latest version is 1.0.13
[19:04:28] [Server thread/INFO]: [zAuctionHouseV3 v3.2.4.0] Register VAULT economy with name vault
[19:04:28] [Server thread/INFO]: [zAuctionHouseV3 v3.2.4.0] Register ProtocolLib implementation
[19:04:28] [Server thread/INFO]: [zAuctionHouseV3 v3.2.4.0] === ENABLE DONE (615ms) ===
[19:04:28] [Server thread/INFO]: [MiniMOTD] Enabling MiniMOTD v2.2.3
[19:04:28] [Server thread/INFO]: [Rankup] Enabling Rankup v3.15.2
[19:04:28] [Server thread/INFO]: [PlaceholderAPI] Successfully registered internal expansion: rankup [3.15.2]
[19:04:28] [Server thread/INFO]: [AdvancedKits] Enabling AdvancedKits v1.21.29
[19:04:28] [Server thread/INFO]: [AdvancedKits] Bootstrapping runtime (libraries & configuration)...
[19:04:29] [Server thread/INFO]: [AdvancedKits] Loading library boosted-yaml
[19:04:29] [Server thread/INFO]: [AdvancedKits] Loading library YamlAssist
[19:04:29] [Server thread/INFO]: [AdvancedKits] Loading library gson
[19:04:29] [Server thread/INFO]: [AdvancedKits] Loading library XSeries
[19:04:29] [Server thread/INFO]: [AdvancedKits] Loading library fast-uuid
[19:04:29] [Server thread/INFO]: [AdvancedKits] Loading library bstats-bukkit
[19:04:29] [Server thread/INFO]: [AdvancedKits] Loading library bstats-base
[19:04:29] [Server thread/INFO]: [AdvancedKits] Loading library adventure-api
[19:04:29] [Server thread/INFO]: [AdvancedKits] Loading library adventure-key
[19:04:29] [Server thread/INFO]: [AdvancedKits] Loading library examination-api
[19:04:29] [Server thread/INFO]: [AdvancedKits] Loading library examination-string
[19:04:29] [Server thread/INFO]: [AdvancedKits] Loading library adventure-text-serializer-legacy
[19:04:29] [Server thread/INFO]: [AdvancedKits] Loading library adventure-text-minimessage
[19:04:29] [Server thread/INFO]: [AdvancedKits] Bootstrap completed successfully in 494 ms!
[19:04:29] [Server thread/INFO]: [AdvancedKits] [NBTAPI] Found Minecraft: 1.21.10! Trying to find NMS support
[19:04:29] [Server thread/INFO]: [AdvancedKits] [NBTAPI] NMS support 'MC1_21_R6' loaded!
[19:04:29] [Server thread/INFO]: [AdvancedKits] [NBTAPI] Using the plugin 'AdvancedKits' to create a bStats instance!
[19:04:29] [Server thread/INFO]: [AdvancedKits] Successfully connected to the YAML database!
[19:04:29] [Server thread/INFO]: [AdvancedKits] Successfully registered economy with ID EXP!
[19:04:29] [Server thread/INFO]: [PlaceholderAPI] Successfully registered internal expansion: advancedkits [1.21.29]
[19:04:29] [Server thread/INFO]: [AdvancedKits] Successfully hooked into PlaceholderAPI (EXPANSION)!
[19:04:29] [Server thread/INFO]: [AdvancedKits] Successfully hooked into PlaceholderAPI (PLACEHOLDER)!
[19:04:29] [Server thread/INFO]: [AdvancedKits] Successfully registered economy with ID VAULT!
[19:04:29] [Server thread/INFO]: [AdvancedKits] Successfully hooked into Vault (ECONOMY) [EssentialsX Economy]!
[19:04:29] [Server thread/INFO]: [AdvancedKits] Successfully hooked into ItemEdit (ITEM)!
[19:04:29] [Server thread/INFO]: [AdvancedKits] Successfully registered economy with ID ESSENTIALS!
[19:04:29] [Server thread/INFO]: [AdvancedKits] Successfully hooked into Essentials (ECONOMY)!
[19:04:29] [Server thread/INFO]: [AdvancedKits] Successfully hooked into Skulls (ITEM)!
[19:04:29] [Server thread/INFO]: [AdvancedKits] Successfully hooked into MythicMobs (ITEM)!
[19:04:29] [Server thread/INFO]: [AdvancedKits] Enabled asynchronous tab completion support with PaperSpigot!
[19:04:29] [Server thread/INFO]: [AdvancedKits] Successfully enabled in 801 ms!
[19:04:29] [Server thread/INFO]: [XVaults] Enabling XVaults v2.1.2
[19:04:29] [/INFO]: [AdvancedKits] There is a new update available.
[19:04:29] [/INFO]: [AdvancedKits] Current installed version: v1.21.29
[19:04:29] [/INFO]: [AdvancedKits] Latest available version: v1.23.11
[19:04:29] [/INFO]: [AdvancedKits] Download link: https://www.spigotmc.org/resources/90054/
[19:04:29] [Server thread/INFO]: [EcoPets] Enabling EcoPets v3.7.0
[19:04:29] [Server thread/INFO]: [EcoPets] Loading EcoPets
[19:04:29] [Server thread/INFO]: [PlaceholderAPI] Successfully registered internal expansion: ecopets [3.7.0]
[19:04:29] [Server thread/INFO]: [EcoPets] Loaded integrations (1): ModelEngine
[19:04:29] [Server thread/INFO]: [EcoPets] Loaded price factories (9): xp, xplevels, experience, coins, explevels, exp, l, $, levels
[19:04:29] [Server thread/INFO]: [EconomyX] Enabling EconomyX v2.8.3-FINAL*
[19:04:29] [Server thread/INFO]: [EconomyX] Vault found, Economy has been registered.
[19:04:29] [Server thread/INFO]: [PlayerVaults] Enabling PlayerVaults v3.6.0-bSNAPSHOT*
[19:04:29] [Server thread/INFO]: [Annoncement] Enabling Annoncement v3.0*
[19:04:29] [Server thread/INFO]: >>----------------------------------
[19:04:29] [Server thread/INFO]: [Annoncement] Loaded
[19:04:29] [Server thread/INFO]: >>----------------------------------
[19:04:29] [Server thread/INFO]: >>----------------------------------
[19:04:29] [Server thread/INFO]: [Annoncement] Config Loaded !
[19:04:29] [Server thread/INFO]: >>----------------------------------
[19:04:29] [Server thread/INFO]: [DeepVoid] Enabling DeepVoid v2.22.0
[19:04:29] [Server thread/INFO]: [DeepVoid] Database tables initialized
[19:04:29] [Server thread/INFO]: [DeepVoid] Loaded 3 managed worlds and 0 DeepVoid worlds from database
[19:04:30] [Server thread/INFO]: [DeepVoid] Saved world data to database
[19:04:30] [Server thread/INFO]: [DeepVoid] Saved world data to database
[19:04:30] [Server thread/INFO]: [DeepVoid] DeepVoid successfully enabled.
[19:04:30] [Server thread/INFO]: [CommandPanels] Enabling CommandPanels v3.23.4
[19:04:30] [Server thread/INFO]: [CommandPanels] RockyHawk's CommandPanels v3.23.4 Plugin Loading...
[19:04:30] [Server thread/INFO]: [NBTAPI] [NBTAPI] Found Minecraft: 1.21.10! Trying to find NMS support
[19:04:30] [Server thread/WARN]: [NBTAPI] [NBTAPI] This Server-Version(1.21.10-R0.1-SNAPSHOT) is not supported by this NBT-API Version(2.15.1-SNAPSHOT) located in CommandPanels. The NBT-API will try to work as good as it can! Some functions may not work!
[19:04:30] [Server thread/INFO]: [NBTAPI] [NBTAPI] Using the plugin 'CommandPanels' to create a bStats instance!
[19:04:30] [Server thread/INFO]: [PlaceholderAPI] Successfully registered internal expansion: commandpanels [3.23.4]
[19:04:30] [Server thread/INFO]: [CommandPanels] RockyHawk's CommandPanels v3.23.4 Plugin Loaded!
[19:04:30] [Server thread/INFO]: [DeluxeMenus] Enabling DeluxeMenus v1.14.1-Release
[19:04:30] [Server thread/INFO]: [DeluxeMenus] Successfully hooked into PlaceholderAPI!
[19:04:30] [Server thread/INFO]: [DeluxeMenus] Successfully hooked into Vault!
[19:04:30] [Server thread/WARN]: [DeluxeMenus] Found 'data' option for item: fill in menu: ranks. This option is deprecated and will be removed soon. Please use 'damage' instead.
[19:04:30] [Server thread/INFO]: [DeluxeMenus] 1 GUI menus loaded!
[19:04:30] [Server thread/INFO]: [PlaceholderAPI] Successfully registered internal expansion: deluxemenus [1.14.1-Release]
[19:04:30] [Server thread/INFO]: [DeluxeMenus] You are running the latest version of DeluxeMenus!
[19:04:30] [Server thread/INFO]: [RavenWelcome] Enabling RavenWelcome v1.0
[19:04:30] [Server thread/INFO]: [PlaceholderAPI] Successfully registered internal expansion: ravenwelcome [1.0]
[19:04:30] [Server thread/INFO]: [RavenWelcome] PlaceholderAPI expansion registered!
[19:04:30] [Server thread/INFO]: [RealMines] Enabling RealMines v1.8.8
[19:04:30] [Server thread/INFO]: [RealMines]    _____           ____  ____
[19:04:30] [Server thread/INFO]: [RealMines]   | ___ \         | |  \/  (_)  Version: 1.8.8
[19:04:30] [Server thread/INFO]: [RealMines]   | |_/ /___  __ _| | .  . |_ _ __   ___  ___
[19:04:30] [Server thread/INFO]: [RealMines]   |    // _ \/ _` | | |\/| | | '_ \ / _ \/ __|
[19:04:30] [Server thread/INFO]: [RealMines]   | |\ \  __/ (_| | | |  | | | | | |  __/\__ \
[19:04:30] [Server thread/INFO]: [RealMines]   \_| \_\___|\__,_|_\_|  |_/_|_| |_|\___||___/
[19:04:30] [Server thread/INFO]: [RealMines]                          Made by: JoseGamer_PT
[19:04:30] [Server thread/INFO]: [RealMines] Hooked into Vault!
[19:04:30] [Server thread/INFO]: [RealMines] Loading Mines.
[19:04:32] [Server thread/INFO]: [RealMines] Loaded 2 mines and 0 mine signs.
[19:04:32] [Server thread/INFO]: [RealMines] Loaded 0 mine tasks.
[19:04:32] [Server thread/INFO]: [PlaceholderAPI] Successfully registered internal expansion: realmines [1.8.8]
[19:04:32] [Server thread/INFO]: [RealMines] Hooked onto PlaceholderAPI!
[19:04:32] [Server thread/INFO]: [RealMines] Using FAWE/WorldEdit for block placement.
[19:04:32] [Server thread/INFO]: [RealMines] Finished loading in 1.435 seconds.
[19:04:32] [Server thread/INFO]: [RealMines] <------------------ RealMines v1.8.8 ------------------>
[19:04:32] [Server thread/INFO]: [AnimaBossBar] Enabling AnimaBossBar v${project.version}
[19:04:32] [Server thread/INFO]: [AnimaBossBar] AnimaBossBar enabled.
[19:04:32] [Server thread/INFO]: [PinataParty] Enabling PinataParty v2.69.3
[19:04:32] [Server thread/INFO]: [PinataParty] Loading data...
[19:04:32] [Server thread/INFO]: [PinataParty] Registering hooks...
[19:04:32] [Server thread/INFO]: [PlaceholderAPI] Successfully registered internal expansion: pinataparty [2.69.3]
[19:04:32] [Server thread/INFO]: [PinataParty] Hooked into PlaceholderAPI
[19:04:32] [Server thread/INFO]: [PinataParty] Hooked into VotifierPlus
[19:04:32] [Server thread/INFO]: [PinataParty] Hooked into Vault
[19:04:32] [Server thread/INFO]: [PinataParty] Registering commands...
[19:04:32] [Server thread/INFO]: [PinataParty] Registering listeners...
[19:04:32] [Server thread/INFO]: [PinataParty] Starting tasks...
[19:04:32] [Server thread/INFO]: [PinataParty] Starting metrics...
[19:04:32] [Server thread/INFO]: [PinataParty] Plugin registered to 429752 | 1390746895
[19:04:32] [Server thread/INFO]: [PinataParty] Done and enabled in 74.63ms
[19:04:32] [Server thread/INFO]: [ExcellentCrates] Enabling ExcellentCrates v6.6.1
[19:04:32] [Server thread/INFO]: [ExcellentCrates] Powered by nightcore
[19:04:32] [Server thread/INFO]: [com.zaxxer.hikari.HikariDataSource] ExcellentCratesPool - Starting...
[19:04:32] [Server thread/INFO]: [com.zaxxer.hikari.pool.HikariPool] ExcellentCratesPool - Added connection org.sqlite.jdbc4.JDBC4Connection@74b1a1ad
[19:04:32] [Server thread/INFO]: [com.zaxxer.hikari.HikariDataSource] ExcellentCratesPool - Start completed.
[19:04:32] [Server thread/INFO]: [ExcellentCrates] Loaded 8 crate openings.
[19:04:32] [Server thread/INFO]: [ExcellentCrates] Loaded 9 crate keys.
[19:04:32] [Server thread/INFO]: [ExcellentCrates] Loaded 3 rarities!
[19:04:33] [Server thread/INFO]: [ExcellentCrates] Loaded 9 crates.
[19:04:33] [Server thread/INFO]: [PlaceholderAPI] Successfully registered internal expansion: excellentcrates [6.6.1]
[19:04:33] [Server thread/INFO]: [ExcellentCrates] Plugin loaded in 1356 ms!
[19:04:33] [Server thread/INFO]: [libreforge] Enabling libreforge v5.6.0
[19:04:33] [Server thread/INFO]: [libreforge] Loading libreforge
[19:04:33] [Server thread/INFO]: [PlaceholderAPI] Successfully registered internal expansion: libreforge [5.6.0]
[19:04:33] [Server thread/INFO]: [libreforge] Loaded integrations (6): TAB, Shopkeepers, MythicMobs, ModelEngine, Vault, WorldGuard
[19:04:33] [Server thread/INFO]: [libreforge] Loaded price factories (9): xp, xplevels, experience, coins, explevels, exp, l, $, levels
[19:04:33] [Server thread/INFO]: [libreforge] 
[19:04:33] [Server thread/INFO]: [libreforge] Hey, what's this plugin doing here? I didn't install it!
[19:04:33] [Server thread/INFO]: [libreforge] libreforge is the effects system for plugins like EcoEnchants,
[19:04:33] [Server thread/INFO]: [libreforge] EcoJobs, EcoItems, etc. If you're looking for config options for
[19:04:33] [Server thread/INFO]: [libreforge] things like cooldown messages, lrcdb, and stuff like that, you'll
[19:04:33] [Server thread/INFO]: [libreforge] find it under /plugins/libreforge
[19:04:33] [Server thread/INFO]: [libreforge] 
[19:04:33] [Server thread/INFO]: [libreforge] Don't worry about updating libreforge, it's handled automatically!
[19:04:33] [Server thread/INFO]: [libreforge] 
[19:04:33] [Server thread/INFO]: [spark] Starting background profiler...
[19:04:34] [Server thread/INFO]: [PlaceholderAPI] Placeholder expansion registration initializing...
[19:04:34] [Server thread/INFO]: Running delayed init tasks
[19:04:34] [Craft Scheduler Thread - 7 - Essentials/INFO]: [Essentials] Fetching version information...
[19:04:34] [Craft Scheduler Thread - 14 - zAuctionHouseV3/INFO]: [zAuctionHouseV3] The database connection is valid ! (192.168.10.10)
[19:04:34] [Craft Scheduler Thread - 17 - PlayerVaults/INFO]: [PlayerVaults] We didn't find an update!
[19:04:34] [ForkJoinPool.commonPool-worker-3/INFO]: [ModelEngine] [A] 
[19:04:34] [ForkJoinPool.commonPool-worker-3/INFO]: [ModelEngine] [A] [Importing models]
[19:04:34] [ForkJoinPool.commonPool-worker-3/INFO]: [ModelEngine] [A] Loading cache version: R4.0.8
[19:04:34] [Craft Scheduler Thread - 13 - RealScoreboard/INFO]: [RealScoreboard] The plugin is updated to the latest version.
[19:04:34] [Craft Scheduler Thread - 14 - zAuctionHouseV3/INFO]: [zAuctionHouseV3] Executing SQL: PRAGMA table_info(zauctionhouse_options)
[19:04:34] [Craft Scheduler Thread - 13 - Vault/INFO]: [Vault] Checking for Updates ... 
[19:04:34] [Craft Scheduler Thread - 14 - zAuctionHouseV3/INFO]: [zAuctionHouseV3 v3.2.4.0] Loading items
[19:04:34] [Craft Scheduler Thread - 13 - Vault/INFO]: [Vault] No new version available
[19:04:34] [Server thread/INFO]: [Essentials] Essentials found a compatible payment resolution method: Vault Compatibility Layer (v1.7.3-b131)!
[19:04:34] [Craft Scheduler Thread - 20 - PinataParty/INFO]: [PinataParty] v2.69.4 is available! You are running v2.69.3!
[19:04:34] [Craft Scheduler Thread - 20 - PinataParty/INFO]: [PinataParty] Download it here: https://www.spigotmc.org/resources/59318/
[19:04:34] [Craft Scheduler Thread - 14 - zAuctionHouseV3/INFO]: [zAuctionHouseV3 v3.2.4.0] Loading transactions
[19:04:34] [pool-143-thread-1/INFO]: [zAuctionHouseV3 v3.2.4.0] Loading of items successfully completed.
[19:04:34] [pool-143-thread-2/INFO]: [zAuctionHouseV3 v3.2.4.0] Loading of transactions successfully completed.
[19:04:34] [Craft Scheduler Thread - 19 - RealMines/INFO]: [RealMines] The plugin is updated to the latest version.
[19:04:34] [Server thread/WARN]: [AdvancedEnchantments] Task #235 for AdvancedEnchantments v9.22.7 generated an exception
java.io.IOException: Server returned HTTP response code: 429 for URL: http://servers.advancedmarket.co/ae/apitest.php?&userId=25090&minecraftVersion=121&aeVersion=9.22.7&re=false&playerCount=0
	at java.base/sun.net.www.protocol.http.HttpURLConnection.getInputStream0(HttpURLConnection.java:1700) ~[?:?]
	at java.base/sun.net.www.protocol.http.HttpURLConnection.getInputStream(HttpURLConnection.java:1302) ~[?:?]
	at AdvancedEnchantments-9.22.7.jar/net.advancedplugins.ae.Core$2.run(Core.java:388) ~[AdvancedEnchantments-9.22.7.jar:?]
	at org.bukkit.craftbukkit.scheduler.CraftTask.run(CraftTask.java:78) ~[paper-1.21.10.jar:1.21.10-117-df4b668]
	at org.bukkit.craftbukkit.scheduler.CraftScheduler.mainThreadHeartbeat(CraftScheduler.java:474) ~[paper-1.21.10.jar:1.21.10-117-df4b668]
	at net.minecraft.server.MinecraftServer.runServer(MinecraftServer.java:1271) ~[paper-1.21.10.jar:1.21.10-117-df4b668]
	at net.minecraft.server.MinecraftServer.lambda$spin$2(MinecraftServer.java:384) ~[paper-1.21.10.jar:1.21.10-117-df4b668]
	at java.base/java.lang.Thread.run(Thread.java:1474) ~[?:?]
[19:04:34] [pool-23-thread-4/INFO]: [ModelEngine] [A] 
[19:04:34] [pool-23-thread-4/INFO]: [ModelEngine] [A] Importing black_star_field.bbmodel.
[19:04:34] [pool-23-thread-4/WARN]: [ModelEngine] [A] --Warning: Missing hitbox.
[19:04:34] [pool-23-thread-2/INFO]: [ModelEngine] [A] 
[19:04:34] [pool-23-thread-2/INFO]: [ModelEngine] [A] Importing beam.bbmodel.
[19:04:34] [pool-23-thread-2/WARN]: [ModelEngine] [A] --Warning: Missing hitbox.
[19:04:34] [pool-23-thread-7/INFO]: [ModelEngine] [A] 
[19:04:34] [pool-23-thread-7/INFO]: [ModelEngine] [A] Importing combo_first.bbmodel.
[19:04:34] [pool-23-thread-7/WARN]: [ModelEngine] [A] --Warning: Missing hitbox.
[19:04:34] [pool-23-thread-3/INFO]: [ModelEngine] [A] 
[19:04:34] [pool-23-thread-3/INFO]: [ModelEngine] [A] Importing black_hole.bbmodel.
[19:04:34] [pool-23-thread-3/WARN]: [ModelEngine] [A] --Warning: Missing hitbox.
[19:04:34] [pool-23-thread-9/INFO]: [ModelEngine] [A] 
[19:04:34] [pool-23-thread-9/INFO]: [ModelEngine] [A] Importing combo_third.bbmodel.
[19:04:34] [pool-23-thread-9/WARN]: [ModelEngine] [A] --Warning: Missing hitbox.
[19:04:34] [pool-23-thread-8/INFO]: [ModelEngine] [A] 
[19:04:34] [pool-23-thread-8/INFO]: [ModelEngine] [A] Importing combo_second.bbmodel.
[19:04:34] [pool-23-thread-8/WARN]: [ModelEngine] [A] --Warning: Missing hitbox.
[19:04:34] [pool-23-thread-10/INFO]: [ModelEngine] [A] 
[19:04:34] [pool-23-thread-10/INFO]: [ModelEngine] [A] Importing combo_x.bbmodel.
[19:04:34] [pool-23-thread-10/WARN]: [ModelEngine] [A] --Warning: Missing hitbox.
[19:04:34] [pool-23-thread-6/INFO]: [ModelEngine] [A] 
[19:04:34] [pool-23-thread-6/INFO]: [ModelEngine] [A] Importing buildings_collapse.bbmodel.
[19:04:34] [pool-23-thread-6/WARN]: [ModelEngine] [A] --Warning: Missing hitbox.
[19:04:34] [pool-23-thread-4/INFO]: [ModelEngine] [A] 
[19:04:34] [pool-23-thread-4/INFO]: [ModelEngine] [A] Importing internal_fire.bbmodel.
[19:04:34] [pool-23-thread-1/INFO]: [ModelEngine] [A] 
[19:04:34] [pool-23-thread-1/INFO]: [ModelEngine] [A] Importing apocalypse_type_a.bbmodel.
[19:04:34] [pool-23-thread-7/INFO]: [ModelEngine] [A] 
[19:04:34] [pool-23-thread-7/INFO]: [ModelEngine] [A] Importing white_void.bbmodel.
[19:04:34] [pool-23-thread-7/WARN]: [ModelEngine] [A] --Warning: Missing hitbox.
[19:04:35] [Craft Scheduler Thread - 9 - zMenu/INFO]: [zMenu v1.1.0.7] New update available. Your version: 1.1.0.7, latest version: 1.1.1.4
[19:04:35] [Craft Scheduler Thread - 9 - zMenu/INFO]: [zMenu v1.1.0.7] Download plugin here: https://groupez.dev/resources/253
[19:04:35] [pool-23-thread-2/INFO]: [ModelEngine] [A] 
[19:04:35] [pool-23-thread-2/INFO]: [ModelEngine] [A] Importing void_storm.bbmodel.
[19:04:35] [pool-23-thread-2/WARN]: [ModelEngine] [A] --Warning: Missing hitbox.
[19:04:35] [Craft Scheduler Thread - 12 - EcoMobs/WARN]: [EcoMobs] EcoMobs is out of date! (Version 10.24.0)
[19:04:35] [Craft Scheduler Thread - 12 - EcoMobs/WARN]: [EcoMobs] The newest version is 10.26.0
[19:04:35] [Craft Scheduler Thread - 12 - EcoMobs/WARN]: [EcoMobs] Download the new version!
[19:04:35] [pool-23-thread-5/INFO]: [ModelEngine] [A] 
[19:04:35] [pool-23-thread-5/INFO]: [ModelEngine] [A] Importing blackbox.bbmodel.
[19:04:35] [pool-23-thread-5/WARN]: [ModelEngine] [A] --Warning: Missing hitbox.
[19:04:35] [Server thread/INFO]: Skulls » Loaded 102792 skulls in 14,868.561ms
[19:04:35] [pool-129-thread-1/INFO]: [BattlePass] [STDOUT] Leaderboards reloaded in 34 ms
[19:04:35] [pool-129-thread-1/WARN]: Nag author(s): '[]' of 'BattlePass v5.0.3' about their usage of System.out/err.print. Please use your plugin's logger instead (JavaPlugin#getLogger).
[19:04:35] [Server thread/INFO]: [PlayerVaults] ** Vaults have already been converted to UUIDs. If this is incorrect, shutdown your server and rename the plugins/PlayerVaults/uuidvaults directory.
[19:04:35] [Server thread/WARN]: [ExcellentCrates] 
********** PROBLEM REPORT **********
> Subject: <gradient:#047600:#047600>ᴄᴀᴊ</gradient><gradient:#047600:#5FE270>ᴀ ᴠᴏᴛᴇ</gradient>
> Path: plugins/ExcellentCrates/crates/vote.yml
> Found Problems (1):
└── Opening is invalid!
***********************************

[19:04:35] [Server thread/WARN]: [ExcellentCrates] 
********** PROBLEM REPORT **********
> Subject: <gradient:#991A1A:#5CFCC7>ᴄᴀᴊᴀ ᴠᴏɪᴅ</gradient>
> Path: plugins/ExcellentCrates/crates/void.yml
> Found Problems (1):
└── Opening is invalid!
***********************************

[19:04:35] [Server thread/WARN]: [ExcellentCrates] 
********** PROBLEM REPORT **********
> Subject: <gradient:#59B4DE:#E43A96>ᴄᴀᴊᴀ ʀᴜꜱᴛ</gradient>
> Path: plugins/ExcellentCrates/crates/rust.yml
> Found Problems (1):
└── Opening is invalid!
***********************************

[19:04:35] [Server thread/WARN]: [ExcellentCrates] 
********** PROBLEM REPORT **********
> Subject: <gradient:#FF0000:#FCB65C>ᴄᴀᴊᴀ ᴋᴏᴛʜ</gradient>
> Path: plugins/ExcellentCrates/crates/gradientff0000fcb65cᴄᴀᴊᴀ_ᴋ.yml
> Found Problems (1):
└── Opening is invalid!
***********************************

[19:04:35] [Server thread/WARN]: [ExcellentCrates] 
********** PROBLEM REPORT **********
> Subject: <gradient:#441A99:#5FFC5C>ᴄᴀᴊᴀ ᴏɴʏx</gradient>
> Path: plugins/ExcellentCrates/crates/onyx.yml
> Found Problems (1):
└── Opening is invalid!
***********************************

[19:04:35] [Server thread/WARN]: [ExcellentCrates] 
********** PROBLEM REPORT **********
> Subject: <gradient:#00D441:#78A541>ᴄᴀᴊᴀ ᴅɪɴᴇʀᴏ</gradient>
> Path: plugins/ExcellentCrates/crates/dinero.yml
> Found Problems (1):
└── Opening is invalid!
***********************************

[19:04:35] [Server thread/WARN]: [ExcellentCrates] 
********** PROBLEM REPORT **********
> Subject: <gradient:#491AB8:#FCD05C>ᴄᴀᴊᴀ ᴢᴇɴɪᴛʜ</gradient>
> Path: plugins/ExcellentCrates/crates/zenit.yml
> Found Problems (1):
└── Opening is invalid!
***********************************

[19:04:35] [Server thread/WARN]: [ExcellentCrates] 
********** PROBLEM REPORT **********
> Subject: <gradient:#FF9A00:#FFED8A>ᴄᴀᴊᴀ ꜱᴏʟᴀʀ</gradient>
> Path: plugins/ExcellentCrates/crates/solar.yml
> Found Problems (1):
└── Opening is invalid!
***********************************

[19:04:35] [Craft Scheduler Thread - 15 - zAuctionHouseV3/INFO]: [zAuctionHouseV3 v3.2.4.0] New update available. Your version: 3.2.4.0, latest version: 4.0.0.8
[19:04:35] [Craft Scheduler Thread - 15 - zAuctionHouseV3/INFO]: [zAuctionHouseV3 v3.2.4.0] Download plugin here: https://groupez.dev/resources/1
[19:04:36] [Server thread/ERROR]: [EcoArmor] 
[19:04:36] [Server thread/ERROR]: [EcoArmor] Invalid configuration found at Armor Set golem) -> helmet:
[19:04:36] [Server thread/ERROR]: [EcoArmor] (Cause) Argument 'id'
[19:04:36] [Server thread/ERROR]: [EcoArmor] (Reason) Invalid effect ID specified: add_stat!
[19:04:36] [Server thread/ERROR]: [EcoArmor] 
[19:04:36] [Server thread/ERROR]: [EcoArmor] 
[19:04:36] [Server thread/ERROR]: [EcoArmor] Invalid configuration found at Armor Set golem) -> helmet:
[19:04:36] [Server thread/ERROR]: [EcoArmor] (Cause) Argument 'id'
[19:04:36] [Server thread/ERROR]: [EcoArmor] (Reason) Invalid effect ID specified: add_stat!
[19:04:36] [Server thread/ERROR]: [EcoArmor] 
[19:04:36] [Server thread/ERROR]: [EcoArmor] 
[19:04:36] [Server thread/ERROR]: [EcoArmor] Invalid configuration found at Armor Set golem) -> chestplate:
[19:04:36] [Server thread/ERROR]: [EcoArmor] (Cause) Argument 'id'
[19:04:36] [Server thread/ERROR]: [EcoArmor] (Reason) Invalid effect ID specified: add_stat!
[19:04:36] [Server thread/ERROR]: [EcoArmor] 
[19:04:36] [Server thread/ERROR]: [EcoArmor] 
[19:04:36] [Server thread/ERROR]: [EcoArmor] Invalid configuration found at Armor Set golem) -> chestplate:
[19:04:36] [Server thread/ERROR]: [EcoArmor] (Cause) Argument 'id'
[19:04:36] [Server thread/ERROR]: [EcoArmor] (Reason) Invalid effect ID specified: add_stat!
[19:04:36] [Server thread/ERROR]: [EcoArmor] 
[19:04:36] [Server thread/ERROR]: [EcoArmor] 
[19:04:36] [Server thread/ERROR]: [EcoArmor] Invalid configuration found at Armor Set golem) -> leggings:
[19:04:36] [Server thread/ERROR]: [EcoArmor] (Cause) Argument 'id'
[19:04:36] [Server thread/ERROR]: [EcoArmor] (Reason) Invalid effect ID specified: add_stat!
[19:04:36] [Server thread/ERROR]: [EcoArmor] 
[19:04:36] [Server thread/ERROR]: [EcoArmor] 
[19:04:36] [Server thread/ERROR]: [EcoArmor] Invalid configuration found at Armor Set golem) -> leggings:
[19:04:36] [Server thread/ERROR]: [EcoArmor] (Cause) Argument 'id'
[19:04:36] [Server thread/ERROR]: [EcoArmor] (Reason) Invalid effect ID specified: add_stat!
[19:04:36] [Server thread/ERROR]: [EcoArmor] 
[19:04:36] [Server thread/ERROR]: [EcoArmor] 
[19:04:36] [Server thread/ERROR]: [EcoArmor] Invalid configuration found at Armor Set golem) -> boots:
[19:04:36] [Server thread/ERROR]: [EcoArmor] (Cause) Argument 'id'
[19:04:36] [Server thread/ERROR]: [EcoArmor] (Reason) Invalid effect ID specified: add_stat!
[19:04:36] [Server thread/ERROR]: [EcoArmor] 
[19:04:36] [Server thread/ERROR]: [EcoArmor] 
[19:04:36] [Server thread/ERROR]: [EcoArmor] Invalid configuration found at Armor Set golem) -> boots:
[19:04:36] [Server thread/ERROR]: [EcoArmor] (Cause) Argument 'id'
[19:04:36] [Server thread/ERROR]: [EcoArmor] (Reason) Invalid effect ID specified: add_stat!
[19:04:36] [Server thread/ERROR]: [EcoArmor] 
[19:04:36] [Server thread/ERROR]: [EcoArmor] 
[19:04:36] [Server thread/ERROR]: [EcoArmor] Invalid configuration found at Armor Set legendary_young_dragon_armor:
[19:04:36] [Server thread/ERROR]: [EcoArmor] (Cause) Argument 'id'
[19:04:36] [Server thread/ERROR]: [EcoArmor] (Reason) Invalid effect ID specified: add_stat!
[19:04:36] [Server thread/ERROR]: [EcoArmor] 
[19:04:36] [Server thread/ERROR]: [EcoArmor] 
[19:04:36] [Server thread/ERROR]: [EcoArmor] Invalid configuration found at Armor Set legendary_young_dragon_armor) -> helmet:
[19:04:36] [Server thread/ERROR]: [EcoArmor] (Cause) Argument 'id'
[19:04:36] [Server thread/ERROR]: [EcoArmor] (Reason) Invalid effect ID specified: add_stat!
[19:04:36] [Server thread/ERROR]: [EcoArmor] 
[19:04:36] [Server thread/ERROR]: [EcoArmor] 
[19:04:36] [Server thread/ERROR]: [EcoArmor] Invalid configuration found at Armor Set legendary_young_dragon_armor) -> helmet:
[19:04:36] [Server thread/ERROR]: [EcoArmor] (Cause) Argument 'id'
[19:04:36] [Server thread/ERROR]: [EcoArmor] (Reason) Invalid effect ID specified: add_stat!
[19:04:36] [Server thread/ERROR]: [EcoArmor] 
[19:04:36] [Server thread/ERROR]: [EcoArmor] 
[19:04:36] [Server thread/ERROR]: [EcoArmor] Invalid configuration found at Armor Set legendary_young_dragon_armor) -> helmet:
[19:04:36] [Server thread/ERROR]: [EcoArmor] (Cause) Argument 'id'
[19:04:36] [Server thread/ERROR]: [EcoArmor] (Reason) Invalid effect ID specified: add_stat!
[19:04:36] [Server thread/ERROR]: [EcoArmor] 
[19:04:36] [Server thread/ERROR]: [EcoArmor] 
[19:04:36] [Server thread/ERROR]: [EcoArmor] Invalid configuration found at Armor Set legendary_young_dragon_armor) -> chestplate:
[19:04:36] [Server thread/ERROR]: [EcoArmor] (Cause) Argument 'id'
[19:04:36] [Server thread/ERROR]: [EcoArmor] (Reason) Invalid effect ID specified: add_stat!
[19:04:36] [Server thread/ERROR]: [EcoArmor] 
[19:04:36] [Server thread/ERROR]: [EcoArmor] 
[19:04:36] [Server thread/ERROR]: [EcoArmor] Invalid configuration found at Armor Set legendary_young_dragon_armor) -> chestplate:
[19:04:36] [Server thread/ERROR]: [EcoArmor] (Cause) Argument 'id'
[19:04:36] [Server thread/ERROR]: [EcoArmor] (Reason) Invalid effect ID specified: add_stat!
[19:04:36] [Server thread/ERROR]: [EcoArmor] 
[19:04:36] [Server thread/ERROR]: [EcoArmor] 
[19:04:36] [Server thread/ERROR]: [EcoArmor] Invalid configuration found at Armor Set legendary_young_dragon_armor) -> chestplate:
[19:04:36] [Server thread/ERROR]: [EcoArmor] (Cause) Argument 'id'
[19:04:36] [Server thread/ERROR]: [EcoArmor] (Reason) Invalid effect ID specified: add_stat!
[19:04:36] [Server thread/ERROR]: [EcoArmor] 
[19:04:36] [Server thread/ERROR]: [EcoArmor] 
[19:04:36] [Server thread/ERROR]: [EcoArmor] Invalid configuration found at Armor Set legendary_young_dragon_armor) -> leggings:
[19:04:36] [Server thread/ERROR]: [EcoArmor] (Cause) Argument 'id'
[19:04:36] [Server thread/ERROR]: [EcoArmor] (Reason) Invalid effect ID specified: add_stat!
[19:04:36] [Server thread/ERROR]: [EcoArmor] 
[19:04:36] [Server thread/ERROR]: [EcoArmor] 
[19:04:36] [Server thread/ERROR]: [EcoArmor] Invalid configuration found at Armor Set legendary_young_dragon_armor) -> leggings:
[19:04:36] [Server thread/ERROR]: [EcoArmor] (Cause) Argument 'id'
[19:04:36] [Server thread/ERROR]: [EcoArmor] (Reason) Invalid effect ID specified: add_stat!
[19:04:36] [Server thread/ERROR]: [EcoArmor] 
[19:04:36] [Server thread/ERROR]: [EcoArmor] 
[19:04:36] [Server thread/ERROR]: [EcoArmor] Invalid configuration found at Armor Set legendary_young_dragon_armor) -> leggings:
[19:04:36] [Server thread/ERROR]: [EcoArmor] (Cause) Argument 'id'
[19:04:36] [Server thread/ERROR]: [EcoArmor] (Reason) Invalid effect ID specified: add_stat!
[19:04:36] [Server thread/ERROR]: [EcoArmor] 
[19:04:36] [Server thread/ERROR]: [EcoArmor] 
[19:04:36] [Server thread/ERROR]: [EcoArmor] Invalid configuration found at Armor Set legendary_young_dragon_armor) -> boots:
[19:04:36] [Server thread/ERROR]: [EcoArmor] (Cause) Argument 'id'
[19:04:36] [Server thread/ERROR]: [EcoArmor] (Reason) Invalid effect ID specified: add_stat!
[19:04:36] [Server thread/ERROR]: [EcoArmor] 
[19:04:36] [Server thread/ERROR]: [EcoArmor] 
[19:04:36] [Server thread/ERROR]: [EcoArmor] Invalid configuration found at Armor Set legendary_young_dragon_armor) -> boots:
[19:04:36] [Server thread/ERROR]: [EcoArmor] (Cause) Argument 'id'
[19:04:36] [Server thread/ERROR]: [EcoArmor] (Reason) Invalid effect ID specified: add_stat!
[19:04:36] [Server thread/ERROR]: [EcoArmor] 
[19:04:36] [Server thread/ERROR]: [EcoArmor] 
[19:04:36] [Server thread/ERROR]: [EcoArmor] Invalid configuration found at Armor Set legendary_young_dragon_armor) -> boots:
[19:04:36] [Server thread/ERROR]: [EcoArmor] (Cause) Argument 'id'
[19:04:36] [Server thread/ERROR]: [EcoArmor] (Reason) Invalid effect ID specified: add_stat!
[19:04:36] [Server thread/ERROR]: [EcoArmor] 
[19:04:36] [Server thread/ERROR]: [EcoArmor] 
[19:04:36] [Server thread/ERROR]: [EcoArmor] Invalid configuration found at Armor Set miners_outfit) -> helmet:
[19:04:36] [Server thread/ERROR]: [EcoArmor] (Cause) Argument 'id'
[19:04:36] [Server thread/ERROR]: [EcoArmor] (Reason) Invalid effect ID specified: add_stat!
[19:04:36] [Server thread/ERROR]: [EcoArmor] 
[19:04:36] [Server thread/ERROR]: [EcoArmor] 
[19:04:36] [Server thread/ERROR]: [EcoArmor] Invalid configuration found at Armor Set miners_outfit) -> chestplate:
[19:04:36] [Server thread/ERROR]: [EcoArmor] (Cause) Argument 'id'
[19:04:36] [Server thread/ERROR]: [EcoArmor] (Reason) Invalid effect ID specified: add_stat!
[19:04:36] [Server thread/ERROR]: [EcoArmor] 
[19:04:36] [Server thread/ERROR]: [EcoArmor] 
[19:04:36] [Server thread/ERROR]: [EcoArmor] Invalid configuration found at Armor Set miners_outfit) -> leggings:
[19:04:36] [Server thread/ERROR]: [EcoArmor] (Cause) Argument 'id'
[19:04:36] [Server thread/ERROR]: [EcoArmor] (Reason) Invalid effect ID specified: add_stat!
[19:04:36] [Server thread/ERROR]: [EcoArmor] 
[19:04:36] [Server thread/ERROR]: [EcoArmor] 
[19:04:36] [Server thread/ERROR]: [EcoArmor] Invalid configuration found at Armor Set miners_outfit) -> boots:
[19:04:36] [Server thread/ERROR]: [EcoArmor] (Cause) Argument 'id'
[19:04:36] [Server thread/ERROR]: [EcoArmor] (Reason) Invalid effect ID specified: add_stat!
[19:04:36] [Server thread/ERROR]: [EcoArmor] 
[19:04:36] [Server thread/ERROR]: [EcoArmor] 
[19:04:36] [Server thread/ERROR]: [EcoArmor] Invalid configuration found at Armor Set perfect_i) -> helmet:
[19:04:36] [Server thread/ERROR]: [EcoArmor] (Cause) Argument 'id'
[19:04:36] [Server thread/ERROR]: [EcoArmor] (Reason) Invalid effect ID specified: add_stat!
[19:04:36] [Server thread/ERROR]: [EcoArmor] 
[19:04:36] [Server thread/ERROR]: [EcoArmor] 
[19:04:36] [Server thread/ERROR]: [EcoArmor] Invalid configuration found at Armor Set perfect_i) -> chestplate:
[19:04:36] [Server thread/ERROR]: [EcoArmor] (Cause) Argument 'id'
[19:04:36] [Server thread/ERROR]: [EcoArmor] (Reason) Invalid effect ID specified: add_stat!
[19:04:36] [Server thread/ERROR]: [EcoArmor] 
[19:04:36] [Server thread/ERROR]: [EcoArmor] 
[19:04:36] [Server thread/ERROR]: [EcoArmor] Invalid configuration found at Armor Set perfect_i) -> elytra:
[19:04:36] [Server thread/ERROR]: [EcoArmor] (Cause) Argument 'id'
[19:04:36] [Server thread/ERROR]: [EcoArmor] (Reason) Invalid effect ID specified: add_stat!
[19:04:36] [Server thread/ERROR]: [EcoArmor] 
[19:04:36] [Server thread/ERROR]: [EcoArmor] 
[19:04:36] [Server thread/ERROR]: [EcoArmor] Invalid configuration found at Armor Set perfect_i) -> leggings:
[19:04:36] [Server thread/ERROR]: [EcoArmor] (Cause) Argument 'id'
[19:04:36] [Server thread/ERROR]: [EcoArmor] (Reason) Invalid effect ID specified: add_stat!
[19:04:36] [Server thread/ERROR]: [EcoArmor] 
[19:04:36] [Server thread/ERROR]: [EcoArmor] 
[19:04:36] [Server thread/ERROR]: [EcoArmor] Invalid configuration found at Armor Set perfect_i) -> boots:
[19:04:36] [Server thread/ERROR]: [EcoArmor] (Cause) Argument 'id'
[19:04:36] [Server thread/ERROR]: [EcoArmor] (Reason) Invalid effect ID specified: add_stat!
[19:04:36] [Server thread/ERROR]: [EcoArmor] 
[19:04:36] [pool-23-thread-6/INFO]: [ModelEngine] [A] 
[19:04:36] [pool-23-thread-6/INFO]: [ModelEngine] [A] Resource pack zipped.
[19:04:36] [pool-23-thread-6/INFO]: [ModelEngine] [A] Generator Profiled:
[19:04:36] [pool-23-thread-6/INFO]: [ModelEngine] [A]  - Import Phase: 343.4ms
[19:04:36] [pool-23-thread-6/INFO]: [ModelEngine] [A]  - Assets Phase: 415.0ms
[19:04:36] [pool-23-thread-6/INFO]: [ModelEngine] [A]  - Zipping Phase: 1,210.4ms
[19:04:36] [Server thread/INFO]: Done (89.843s)! For help, type "help"
[19:04:36] [Craft Scheduler Thread - 10 - Skulls/INFO]: Skulls » Running database check :)
[19:04:36] [Server thread/INFO]: [eco] Loaded eco
[19:04:36] [Server thread/INFO]: [EcoItems] Loaded EcoItems
[19:04:36] [Server thread/INFO]: [EcoMobs] Loaded EcoMobs
[19:04:37] [Server thread/ERROR]: [EcoArmor] 
[19:04:37] [Server thread/ERROR]: [EcoArmor] Invalid configuration found at Armor Set golem) -> helmet:
[19:04:37] [Server thread/ERROR]: [EcoArmor] (Cause) Argument 'id'
[19:04:37] [Server thread/ERROR]: [EcoArmor] (Reason) Invalid effect ID specified: add_stat!
[19:04:37] [Server thread/ERROR]: [EcoArmor] 
[19:04:37] [Server thread/ERROR]: [EcoArmor] 
[19:04:37] [Server thread/ERROR]: [EcoArmor] Invalid configuration found at Armor Set golem) -> helmet:
[19:04:37] [Server thread/ERROR]: [EcoArmor] (Cause) Argument 'id'
[19:04:37] [Server thread/ERROR]: [EcoArmor] (Reason) Invalid effect ID specified: add_stat!
[19:04:37] [Server thread/ERROR]: [EcoArmor] 
[19:04:37] [Server thread/ERROR]: [EcoArmor] 
[19:04:37] [Server thread/ERROR]: [EcoArmor] Invalid configuration found at Armor Set golem) -> chestplate:
[19:04:37] [Server thread/ERROR]: [EcoArmor] (Cause) Argument 'id'
[19:04:37] [Server thread/ERROR]: [EcoArmor] (Reason) Invalid effect ID specified: add_stat!
[19:04:37] [Server thread/ERROR]: [EcoArmor] 
[19:04:37] [Server thread/ERROR]: [EcoArmor] 
[19:04:37] [Server thread/ERROR]: [EcoArmor] Invalid configuration found at Armor Set golem) -> chestplate:
[19:04:37] [Server thread/ERROR]: [EcoArmor] (Cause) Argument 'id'
[19:04:37] [Server thread/ERROR]: [EcoArmor] (Reason) Invalid effect ID specified: add_stat!
[19:04:37] [Server thread/ERROR]: [EcoArmor] 
[19:04:37] [Server thread/ERROR]: [EcoArmor] 
[19:04:37] [Server thread/ERROR]: [EcoArmor] Invalid configuration found at Armor Set golem) -> leggings:
[19:04:37] [Server thread/ERROR]: [EcoArmor] (Cause) Argument 'id'
[19:04:37] [Server thread/ERROR]: [EcoArmor] (Reason) Invalid effect ID specified: add_stat!
[19:04:37] [Server thread/ERROR]: [EcoArmor] 
[19:04:37] [Server thread/ERROR]: [EcoArmor] 
[19:04:37] [Server thread/ERROR]: [EcoArmor] Invalid configuration found at Armor Set golem) -> leggings:
[19:04:37] [Server thread/ERROR]: [EcoArmor] (Cause) Argument 'id'
[19:04:37] [Server thread/ERROR]: [EcoArmor] (Reason) Invalid effect ID specified: add_stat!
[19:04:37] [Server thread/ERROR]: [EcoArmor] 
[19:04:37] [Server thread/ERROR]: [EcoArmor] 
[19:04:37] [Server thread/ERROR]: [EcoArmor] Invalid configuration found at Armor Set golem) -> boots:
[19:04:37] [Server thread/ERROR]: [EcoArmor] (Cause) Argument 'id'
[19:04:37] [Server thread/ERROR]: [EcoArmor] (Reason) Invalid effect ID specified: add_stat!
[19:04:37] [Server thread/ERROR]: [EcoArmor] 
[19:04:37] [Server thread/ERROR]: [EcoArmor] 
[19:04:37] [Server thread/ERROR]: [EcoArmor] Invalid configuration found at Armor Set golem) -> boots:
[19:04:37] [Server thread/ERROR]: [EcoArmor] (Cause) Argument 'id'
[19:04:37] [Server thread/ERROR]: [EcoArmor] (Reason) Invalid effect ID specified: add_stat!
[19:04:37] [Server thread/ERROR]: [EcoArmor] 
[19:04:37] [Server thread/ERROR]: [EcoArmor] 
[19:04:37] [Server thread/ERROR]: [EcoArmor] Invalid configuration found at Armor Set legendary_young_dragon_armor:
[19:04:37] [Server thread/ERROR]: [EcoArmor] (Cause) Argument 'id'
[19:04:37] [Server thread/ERROR]: [EcoArmor] (Reason) Invalid effect ID specified: add_stat!
[19:04:37] [Server thread/ERROR]: [EcoArmor] 
[19:04:37] [Server thread/ERROR]: [EcoArmor] 
[19:04:37] [Server thread/ERROR]: [EcoArmor] Invalid configuration found at Armor Set legendary_young_dragon_armor) -> helmet:
[19:04:37] [Server thread/ERROR]: [EcoArmor] (Cause) Argument 'id'
[19:04:37] [Server thread/ERROR]: [EcoArmor] (Reason) Invalid effect ID specified: add_stat!
[19:04:37] [Server thread/ERROR]: [EcoArmor] 
[19:04:37] [Server thread/ERROR]: [EcoArmor] 
[19:04:37] [Server thread/ERROR]: [EcoArmor] Invalid configuration found at Armor Set legendary_young_dragon_armor) -> helmet:
[19:04:37] [Server thread/ERROR]: [EcoArmor] (Cause) Argument 'id'
[19:04:37] [Server thread/ERROR]: [EcoArmor] (Reason) Invalid effect ID specified: add_stat!
[19:04:37] [Server thread/ERROR]: [EcoArmor] 
[19:04:37] [Server thread/ERROR]: [EcoArmor] 
[19:04:37] [Server thread/ERROR]: [EcoArmor] Invalid configuration found at Armor Set legendary_young_dragon_armor) -> helmet:
[19:04:37] [Server thread/ERROR]: [EcoArmor] (Cause) Argument 'id'
[19:04:37] [Server thread/ERROR]: [EcoArmor] (Reason) Invalid effect ID specified: add_stat!
[19:04:37] [Server thread/ERROR]: [EcoArmor] 
[19:04:37] [Server thread/ERROR]: [EcoArmor] 
[19:04:37] [Server thread/ERROR]: [EcoArmor] Invalid configuration found at Armor Set legendary_young_dragon_armor) -> chestplate:
[19:04:37] [Server thread/ERROR]: [EcoArmor] (Cause) Argument 'id'
[19:04:37] [Server thread/ERROR]: [EcoArmor] (Reason) Invalid effect ID specified: add_stat!
[19:04:37] [Server thread/ERROR]: [EcoArmor] 
[19:04:37] [Server thread/ERROR]: [EcoArmor] 
[19:04:37] [Server thread/ERROR]: [EcoArmor] Invalid configuration found at Armor Set legendary_young_dragon_armor) -> chestplate:
[19:04:37] [Server thread/ERROR]: [EcoArmor] (Cause) Argument 'id'
[19:04:37] [Server thread/ERROR]: [EcoArmor] (Reason) Invalid effect ID specified: add_stat!
[19:04:37] [Server thread/ERROR]: [EcoArmor] 
[19:04:37] [Server thread/ERROR]: [EcoArmor] 
[19:04:37] [Server thread/ERROR]: [EcoArmor] Invalid configuration found at Armor Set legendary_young_dragon_armor) -> chestplate:
[19:04:37] [Server thread/ERROR]: [EcoArmor] (Cause) Argument 'id'
[19:04:37] [Server thread/ERROR]: [EcoArmor] (Reason) Invalid effect ID specified: add_stat!
[19:04:37] [Server thread/ERROR]: [EcoArmor] 
[19:04:37] [Server thread/ERROR]: [EcoArmor] 
[19:04:37] [Server thread/ERROR]: [EcoArmor] Invalid configuration found at Armor Set legendary_young_dragon_armor) -> leggings:
[19:04:37] [Server thread/ERROR]: [EcoArmor] (Cause) Argument 'id'
[19:04:37] [Server thread/ERROR]: [EcoArmor] (Reason) Invalid effect ID specified: add_stat!
[19:04:37] [Server thread/ERROR]: [EcoArmor] 
[19:04:37] [Server thread/ERROR]: [EcoArmor] 
[19:04:37] [Server thread/ERROR]: [EcoArmor] Invalid configuration found at Armor Set legendary_young_dragon_armor) -> leggings:
[19:04:37] [Server thread/ERROR]: [EcoArmor] (Cause) Argument 'id'
[19:04:37] [Server thread/ERROR]: [EcoArmor] (Reason) Invalid effect ID specified: add_stat!
[19:04:37] [Server thread/ERROR]: [EcoArmor] 
[19:04:37] [Server thread/ERROR]: [EcoArmor] 
[19:04:37] [Server thread/ERROR]: [EcoArmor] Invalid configuration found at Armor Set legendary_young_dragon_armor) -> leggings:
[19:04:37] [Server thread/ERROR]: [EcoArmor] (Cause) Argument 'id'
[19:04:37] [Server thread/ERROR]: [EcoArmor] (Reason) Invalid effect ID specified: add_stat!
[19:04:37] [Server thread/ERROR]: [EcoArmor] 
[19:04:37] [Server thread/ERROR]: [EcoArmor] 
[19:04:37] [Server thread/ERROR]: [EcoArmor] Invalid configuration found at Armor Set legendary_young_dragon_armor) -> boots:
[19:04:37] [Server thread/ERROR]: [EcoArmor] (Cause) Argument 'id'
[19:04:37] [Server thread/ERROR]: [EcoArmor] (Reason) Invalid effect ID specified: add_stat!
[19:04:37] [Server thread/ERROR]: [EcoArmor] 
[19:04:37] [Server thread/ERROR]: [EcoArmor] 
[19:04:37] [Server thread/ERROR]: [EcoArmor] Invalid configuration found at Armor Set legendary_young_dragon_armor) -> boots:
[19:04:37] [Server thread/ERROR]: [EcoArmor] (Cause) Argument 'id'
[19:04:37] [Server thread/ERROR]: [EcoArmor] (Reason) Invalid effect ID specified: add_stat!
[19:04:37] [Server thread/ERROR]: [EcoArmor] 
[19:04:37] [Server thread/ERROR]: [EcoArmor] 
[19:04:37] [Server thread/ERROR]: [EcoArmor] Invalid configuration found at Armor Set legendary_young_dragon_armor) -> boots:
[19:04:37] [Server thread/ERROR]: [EcoArmor] (Cause) Argument 'id'
[19:04:37] [Server thread/ERROR]: [EcoArmor] (Reason) Invalid effect ID specified: add_stat!
[19:04:37] [Server thread/ERROR]: [EcoArmor] 
[19:04:37] [Server thread/ERROR]: [EcoArmor] 
[19:04:37] [Server thread/ERROR]: [EcoArmor] Invalid configuration found at Armor Set miners_outfit) -> helmet:
[19:04:37] [Server thread/ERROR]: [EcoArmor] (Cause) Argument 'id'
[19:04:37] [Server thread/ERROR]: [EcoArmor] (Reason) Invalid effect ID specified: add_stat!
[19:04:37] [Server thread/ERROR]: [EcoArmor] 
[19:04:37] [Server thread/ERROR]: [EcoArmor] 
[19:04:37] [Server thread/ERROR]: [EcoArmor] Invalid configuration found at Armor Set miners_outfit) -> chestplate:
[19:04:37] [Server thread/ERROR]: [EcoArmor] (Cause) Argument 'id'
[19:04:37] [Server thread/ERROR]: [EcoArmor] (Reason) Invalid effect ID specified: add_stat!
[19:04:37] [Server thread/ERROR]: [EcoArmor] 
[19:04:37] [Server thread/ERROR]: [EcoArmor] 
[19:04:37] [Server thread/ERROR]: [EcoArmor] Invalid configuration found at Armor Set miners_outfit) -> leggings:
[19:04:37] [Server thread/ERROR]: [EcoArmor] (Cause) Argument 'id'
[19:04:37] [Server thread/ERROR]: [EcoArmor] (Reason) Invalid effect ID specified: add_stat!
[19:04:37] [Server thread/ERROR]: [EcoArmor] 
[19:04:37] [Server thread/ERROR]: [EcoArmor] 
[19:04:37] [Server thread/ERROR]: [EcoArmor] Invalid configuration found at Armor Set miners_outfit) -> boots:
[19:04:37] [Server thread/ERROR]: [EcoArmor] (Cause) Argument 'id'
[19:04:37] [Server thread/ERROR]: [EcoArmor] (Reason) Invalid effect ID specified: add_stat!
[19:04:37] [Server thread/ERROR]: [EcoArmor] 
[19:04:37] [Server thread/ERROR]: [EcoArmor] 
[19:04:37] [Server thread/ERROR]: [EcoArmor] Invalid configuration found at Armor Set perfect_i) -> helmet:
[19:04:37] [Server thread/ERROR]: [EcoArmor] (Cause) Argument 'id'
[19:04:37] [Server thread/ERROR]: [EcoArmor] (Reason) Invalid effect ID specified: add_stat!
[19:04:37] [Server thread/ERROR]: [EcoArmor] 
[19:04:37] [Server thread/ERROR]: [EcoArmor] 
[19:04:37] [Server thread/ERROR]: [EcoArmor] Invalid configuration found at Armor Set perfect_i) -> chestplate:
[19:04:37] [Server thread/ERROR]: [EcoArmor] (Cause) Argument 'id'
[19:04:37] [Server thread/ERROR]: [EcoArmor] (Reason) Invalid effect ID specified: add_stat!
[19:04:37] [Server thread/ERROR]: [EcoArmor] 
[19:04:37] [Server thread/ERROR]: [EcoArmor] 
[19:04:37] [Server thread/ERROR]: [EcoArmor] Invalid configuration found at Armor Set perfect_i) -> elytra:
[19:04:37] [Server thread/ERROR]: [EcoArmor] (Cause) Argument 'id'
[19:04:37] [Server thread/ERROR]: [EcoArmor] (Reason) Invalid effect ID specified: add_stat!
[19:04:37] [Server thread/ERROR]: [EcoArmor] 
[19:04:37] [Server thread/ERROR]: [EcoArmor] 
[19:04:37] [Server thread/ERROR]: [EcoArmor] Invalid configuration found at Armor Set perfect_i) -> leggings:
[19:04:37] [Server thread/ERROR]: [EcoArmor] (Cause) Argument 'id'
[19:04:37] [Server thread/ERROR]: [EcoArmor] (Reason) Invalid effect ID specified: add_stat!
[19:04:37] [Server thread/ERROR]: [EcoArmor] 
[19:04:37] [Server thread/ERROR]: [EcoArmor] 
[19:04:37] [Server thread/ERROR]: [EcoArmor] Invalid configuration found at Armor Set perfect_i) -> boots:
[19:04:37] [Server thread/ERROR]: [EcoArmor] (Cause) Argument 'id'
[19:04:37] [Server thread/ERROR]: [EcoArmor] (Reason) Invalid effect ID specified: add_stat!
[19:04:37] [Server thread/ERROR]: [EcoArmor] 
[19:04:37] [Server thread/INFO]: [EcoArmor] Loaded EcoArmor
[19:04:37] [Server thread/INFO]: [EcoPets] Loaded EcoPets
[19:04:37] [Server thread/INFO]: [libreforge] Loaded libreforge
[19:04:37] [Server thread/INFO]: [PlaceholderAPI] Successfully registered external expansion: localtime [1.2]
[19:04:37] [Server thread/INFO]: [PlaceholderAPI] Successfully registered external expansion: statistic [2.0.1]
[19:04:37] [Server thread/INFO]: [PlaceholderAPI] Successfully registered external expansion: server [2.6.2]
[19:04:37] [Server thread/INFO]: [PlaceholderAPI] Successfully registered external expansion: vault [1.8.3]
[19:04:37] [Server thread/INFO]: [PlaceholderAPI] Successfully registered external expansion: player [2.0.8]
[19:04:37] [Server thread/INFO]: [PlaceholderAPI] Successfully registered external expansion: essentials [1.5.2]
[19:04:37] [Server thread/INFO]: [PlaceholderAPI] Successfully registered external expansion: luckperms [5.4-R2]
[19:04:37] [Server thread/INFO]: 7 placeholder hook(s) registered! 3 placeholder hook(s) have an update available.
[19:04:38] [Server thread/INFO]: [AdvancedEnchantments] Successfully hooked into ProtocolLib, AdvancedEnchantments, WorldGuard, PlaceholderAPI, MythicMobs, ProtectionStones, Essentials, Vault, LuckPerms.
[19:04:38] [Server thread/INFO]: [AdvancedEnchantments] Hooked into AdvancedEnchantments
[19:04:38] [Server thread/INFO]: [ExcellentCrates] Hooked into ExcellentCrates
[19:04:38] [Server thread/INFO]: [EconomyShopGUI] Hooked into EconomyShopGUI
[19:04:38] [Server thread/INFO]: [MythicMobs] Using internal version as PluginVersion{major=5, minor=11, bugfix=0} for loading MythicMobs.
[19:04:38] [Server thread/INFO]: [MythicMobs] Hooked into MythicMobs
[19:04:38] [Server thread/INFO]: [Shopkeepers] Hooked into Shopkeepers
[19:04:38] [Server thread/INFO]: [VotifierPlus] Hooked into VotifierPlus
[19:04:38] [Craft Scheduler Thread - 7 - BattlePass/INFO]: [BattlePass] You're using an outdated version of BattlePass. A new version is available: 5.0.8
[19:04:38] [Craft Scheduler Thread - 7 - BattlePass/INFO]: [BattlePass] Keep your Advanced plugins up to date automatically with MintServers Unlimited Hosting: https://mintservers.com/
[19:04:38] [Craft Scheduler Thread - 17 - AdvancedEnchantments/INFO]: [AdvancedEnchantments] You're using an outdated version of AdvancedEnchantments. A new version is available: 9.23.0
[19:04:38] [Craft Scheduler Thread - 17 - AdvancedEnchantments/INFO]: [AdvancedEnchantments] Keep your Advanced plugins up to date automatically with MintServers Unlimited Hosting: https://mintservers.com/
[19:04:38] [Server thread/WARN]: [libreforge] Task #674 for libreforge v5.6.0 generated an exception
java.lang.IllegalStateException: The plugin classloader for EcoSkills has thrown a zip file error.
	at org.bukkit.plugin.java.PluginClassLoader.findClass(PluginClassLoader.java:228) ~[paper-api-1.21.10-R0.1-SNAPSHOT.jar:?]
	at java.base/java.lang.ClassLoader.loadClass(ClassLoader.java:557) ~[?:?]
	at org.bukkit.plugin.java.PluginClassLoader.loadClass0(PluginClassLoader.java:180) ~[paper-api-1.21.10-R0.1-SNAPSHOT.jar:?]
	at org.bukkit.plugin.java.PluginClassLoader.loadClass(PluginClassLoader.java:175) ~[paper-api-1.21.10-R0.1-SNAPSHOT.jar:?]
	at java.base/java.lang.ClassLoader.loadClass(ClassLoader.java:490) ~[?:?]
	at EcoSkills v3.67.1.jar/com.willfp.ecoskills.EcoSkillsPlugin$handleEnable$$inlined$registerSpecificHolderProvider$1.provide(HolderProvider.kt:483) ~[EcoSkills v3.67.1.jar:?]
	at libreforge-5.6.0-1780425196418.jar/com.willfp.libreforge.HolderProviderKt.computeHolders(HolderProvider.kt:272) ~[libreforge-5.6.0-1780425196418.jar:?]
	at libreforge-5.6.0-1780425196418.jar/com.willfp.libreforge.HolderProviderKt._get_holders_$lambda$0(HolderProvider.kt:310) ~[libreforge-5.6.0-1780425196418.jar:?]
	at libreforge-5.6.0-1780425196418.jar/com.willfp.libreforge.HolderProviderKt._get_holders_$lambda$1(HolderProvider.kt:310) ~[libreforge-5.6.0-1780425196418.jar:?]
	at com.github.benmanes.caffeine.cache.BoundedLocalCache.lambda$doComputeIfAbsent$0(BoundedLocalCache.java:2707) ~[?:?]
	at java.base/java.util.concurrent.ConcurrentHashMap.compute(ConcurrentHashMap.java:1932) ~[?:?]
	at com.github.benmanes.caffeine.cache.BoundedLocalCache.doComputeIfAbsent(BoundedLocalCache.java:2705) ~[?:?]
	at com.github.benmanes.caffeine.cache.BoundedLocalCache.computeIfAbsent(BoundedLocalCache.java:2686) ~[?:?]
	at com.github.benmanes.caffeine.cache.LocalCache.computeIfAbsent(LocalCache.java:112) ~[?:?]
	at com.github.benmanes.caffeine.cache.LocalManualCache.get(LocalManualCache.java:63) ~[?:?]
	at libreforge-5.6.0-1780425196418.jar/com.willfp.libreforge.HolderProviderKt.getHolders(HolderProvider.kt:310) ~[libreforge-5.6.0-1780425196418.jar:?]
	at libreforge-5.6.0-1780425196418.jar/com.willfp.libreforge.HolderProviderKt.calculateActiveEffects(HolderProvider.kt:367) ~[libreforge-5.6.0-1780425196418.jar:?]
	at libreforge-5.6.0-1780425196418.jar/com.willfp.libreforge.HolderProviderKt.updateEffects(HolderProvider.kt:386) ~[libreforge-5.6.0-1780425196418.jar:?]
	at libreforge-5.6.0-1780425196418.jar/com.willfp.libreforge.HolderProviderKt.pollEffects(HolderProvider.kt:207) ~[libreforge-5.6.0-1780425196418.jar:?]
	at libreforge-5.6.0-1780425196418.jar/com.willfp.libreforge.LibreforgeSpigotPlugin.createTasks$lambda$1(LibreforgeSpigotPlugin.kt:219) ~[libreforge-5.6.0-1780425196418.jar:?]
	at org.bukkit.craftbukkit.scheduler.CraftTask.run(CraftTask.java:78) ~[paper-1.21.10.jar:1.21.10-117-df4b668]
	at org.bukkit.craftbukkit.scheduler.CraftScheduler.mainThreadHeartbeat(CraftScheduler.java:474) ~[paper-1.21.10.jar:1.21.10-117-df4b668]
	at net.minecraft.server.MinecraftServer.tickChildren(MinecraftServer.java:1744) ~[paper-1.21.10.jar:1.21.10-117-df4b668]
	at net.minecraft.server.MinecraftServer.tickServer(MinecraftServer.java:1618) ~[paper-1.21.10.jar:1.21.10-117-df4b668]
	at net.minecraft.server.dedicated.DedicatedServer.tickServer(DedicatedServer.java:430) ~[paper-1.21.10.jar:1.21.10-117-df4b668]
	at net.minecraft.server.MinecraftServer.runServer(MinecraftServer.java:1338) ~[paper-1.21.10.jar:1.21.10-117-df4b668]
	at net.minecraft.server.MinecraftServer.lambda$spin$2(MinecraftServer.java:384) ~[paper-1.21.10.jar:1.21.10-117-df4b668]
	at java.base/java.lang.Thread.run(Thread.java:1474) ~[?:?]
Caused by: java.lang.IllegalStateException: zip file closed
	at java.base/java.util.zip.ZipFile.ensureOpen(ZipFile.java:826) ~[?:?]
	at java.base/java.util.zip.ZipFile.getEntry(ZipFile.java:290) ~[?:?]
	at java.base/java.util.jar.JarFile.getEntry(JarFile.java:505) ~[?:?]
	at java.base/java.util.jar.JarFile.getJarEntry(JarFile.java:460) ~[?:?]
	at org.bukkit.plugin.java.PluginClassLoader.findClass(PluginClassLoader.java:223) ~[paper-api-1.21.10-R0.1-SNAPSHOT.jar:?]
	... 27 more
[19:04:39] [Craft Scheduler Thread - 10 - Skulls/INFO]: Skulls » Everything looks up-to-date, no issues found. Enjoy!
[19:04:39] [Server thread/WARN]: [libreforge] Task #674 for libreforge v5.6.0 generated an exception
java.lang.IllegalStateException: The plugin classloader for EcoSkills has thrown a zip file error.
	at org.bukkit.plugin.java.PluginClassLoader.findClass(PluginClassLoader.java:228) ~[paper-api-1.21.10-R0.1-SNAPSHOT.jar:?]
	at java.base/java.lang.ClassLoader.loadClass(ClassLoader.java:557) ~[?:?]
	at org.bukkit.plugin.java.PluginClassLoader.loadClass0(PluginClassLoader.java:180) ~[paper-api-1.21.10-R0.1-SNAPSHOT.jar:?]
	at org.bukkit.plugin.java.PluginClassLoader.loadClass(PluginClassLoader.java:175) ~[paper-api-1.21.10-R0.1-SNAPSHOT.jar:?]
	at java.base/java.lang.ClassLoader.loadClass(ClassLoader.java:490) ~[?:?]
	at EcoSkills v3.67.1.jar/com.willfp.ecoskills.EcoSkillsPlugin$handleEnable$$inlined$registerSpecificHolderProvider$1.provide(HolderProvider.kt:483) ~[EcoSkills v3.67.1.jar:?]
	at libreforge-5.6.0-1780425196418.jar/com.willfp.libreforge.HolderProviderKt.computeHolders(HolderProvider.kt:272) ~[libreforge-5.6.0-1780425196418.jar:?]
	at libreforge-5.6.0-1780425196418.jar/com.willfp.libreforge.HolderProviderKt._get_holders_$lambda$0(HolderProvider.kt:310) ~[libreforge-5.6.0-1780425196418.jar:?]
	at libreforge-5.6.0-1780425196418.jar/com.willfp.libreforge.HolderProviderKt._get_holders_$lambda$1(HolderProvider.kt:310) ~[libreforge-5.6.0-1780425196418.jar:?]
	at com.github.benmanes.caffeine.cache.BoundedLocalCache.lambda$doComputeIfAbsent$0(BoundedLocalCache.java:2707) ~[?:?]
	at java.base/java.util.concurrent.ConcurrentHashMap.compute(ConcurrentHashMap.java:1932) ~[?:?]
	at com.github.benmanes.caffeine.cache.BoundedLocalCache.doComputeIfAbsent(BoundedLocalCache.java:2705) ~[?:?]
	at com.github.benmanes.caffeine.cache.BoundedLocalCache.computeIfAbsent(BoundedLocalCache.java:2686) ~[?:?]
	at com.github.benmanes.caffeine.cache.LocalCache.computeIfAbsent(LocalCache.java:112) ~[?:?]
	at com.github.benmanes.caffeine.cache.LocalManualCache.get(LocalManualCache.java:63) ~[?:?]
	at libreforge-5.6.0-1780425196418.jar/com.willfp.libreforge.HolderProviderKt.getHolders(HolderProvider.kt:310) ~[libreforge-5.6.0-1780425196418.jar:?]
	at libreforge-5.6.0-1780425196418.jar/com.willfp.libreforge.HolderProviderKt.calculateActiveEffects(HolderProvider.kt:367) ~[libreforge-5.6.0-1780425196418.jar:?]
	at libreforge-5.6.0-1780425196418.jar/com.willfp.libreforge.HolderProviderKt.updateEffects(HolderProvider.kt:386) ~[libreforge-5.6.0-1780425196418.jar:?]
	at libreforge-5.6.0-1780425196418.jar/com.willfp.libreforge.HolderProviderKt.pollEffects(HolderProvider.kt:207) ~[libreforge-5.6.0-1780425196418.jar:?]
	at libreforge-5.6.0-1780425196418.jar/com.willfp.libreforge.LibreforgeSpigotPlugin.createTasks$lambda$1(LibreforgeSpigotPlugin.kt:219) ~[libreforge-5.6.0-1780425196418.jar:?]
	at org.bukkit.craftbukkit.scheduler.CraftTask.run(CraftTask.java:78) ~[paper-1.21.10.jar:1.21.10-117-df4b668]
	at org.bukkit.craftbukkit.scheduler.CraftScheduler.mainThreadHeartbeat(CraftScheduler.java:474) ~[paper-1.21.10.jar:1.21.10-117-df4b668]
	at net.minecraft.server.MinecraftServer.tickChildren(MinecraftServer.java:1744) ~[paper-1.21.10.jar:1.21.10-117-df4b668]
	at net.minecraft.server.MinecraftServer.tickServer(MinecraftServer.java:1618) ~[paper-1.21.10.jar:1.21.10-117-df4b668]
	at net.minecraft.server.dedicated.DedicatedServer.tickServer(DedicatedServer.java:430) ~[paper-1.21.10.jar:1.21.10-117-df4b668]
	at net.minecraft.server.MinecraftServer.runServer(MinecraftServer.java:1338) ~[paper-1.21.10.jar:1.21.10-117-df4b668]
	at net.minecraft.server.MinecraftServer.lambda$spin$2(MinecraftServer.java:384) ~[paper-1.21.10.jar:1.21.10-117-df4b668]
	at java.base/java.lang.Thread.run(Thread.java:1474) ~[?:?]
Caused by: java.lang.IllegalStateException: zip file closed
	at java.base/java.util.zip.ZipFile.ensureOpen(ZipFile.java:826) ~[?:?]
	at java.base/java.util.zip.ZipFile.getEntry(ZipFile.java:290) ~[?:?]
	at java.base/java.util.jar.JarFile.getEntry(JarFile.java:505) ~[?:?]
	at java.base/java.util.jar.JarFile.getJarEntry(JarFile.java:460) ~[?:?]
	at org.bukkit.plugin.java.PluginClassLoader.findClass(PluginClassLoader.java:223) ~[paper-api-1.21.10-R0.1-SNAPSHOT.jar:?]
	... 27 more
[19:04:40] [Craft Scheduler Thread - 7 - AxSellwands/INFO]: AxSellwands » There is a new version of AxSellwands available! (current: 1.12.0 | latest: 1.13.0)
[19:04:40] [Server thread/INFO]: [eco] Forced resend of recipe updates to clients after batching period.
[19:04:40] [Server thread/WARN]: [libreforge] Task #674 for libreforge v5.6.0 generated an exception
java.lang.IllegalStateException: The plugin classloader for EcoSkills has thrown a zip file error.
	at org.bukkit.plugin.java.PluginClassLoader.findClass(PluginClassLoader.java:228) ~[paper-api-1.21.10-R0.1-SNAPSHOT.jar:?]
	at java.base/java.lang.ClassLoader.loadClass(ClassLoader.java:557) ~[?:?]
	at org.bukkit.plugin.java.PluginClassLoader.loadClass0(PluginClassLoader.java:180) ~[paper-api-1.21.10-R0.1-SNAPSHOT.jar:?]
	at org.bukkit.plugin.java.PluginClassLoader.loadClass(PluginClassLoader.java:175) ~[paper-api-1.21.10-R0.1-SNAPSHOT.jar:?]
	at java.base/java.lang.ClassLoader.loadClass(ClassLoader.java:490) ~[?:?]
	at EcoSkills v3.67.1.jar/com.willfp.ecoskills.EcoSkillsPlugin$handleEnable$$inlined$registerSpecificHolderProvider$1.provide(HolderProvider.kt:483) ~[EcoSkills v3.67.1.jar:?]
	at libreforge-5.6.0-1780425196418.jar/com.willfp.libreforge.HolderProviderKt.computeHolders(HolderProvider.kt:272) ~[libreforge-5.6.0-1780425196418.jar:?]
	at libreforge-5.6.0-1780425196418.jar/com.willfp.libreforge.HolderProviderKt._get_holders_$lambda$0(HolderProvider.kt:310) ~[libreforge-5.6.0-1780425196418.jar:?]
	at libreforge-5.6.0-1780425196418.jar/com.willfp.libreforge.HolderProviderKt._get_holders_$lambda$1(HolderProvider.kt:310) ~[libreforge-5.6.0-1780425196418.jar:?]
	at com.github.benmanes.caffeine.cache.BoundedLocalCache.lambda$doComputeIfAbsent$0(BoundedLocalCache.java:2707) ~[?:?]
	at java.base/java.util.concurrent.ConcurrentHashMap.compute(ConcurrentHashMap.java:1932) ~[?:?]
	at com.github.benmanes.caffeine.cache.BoundedLocalCache.doComputeIfAbsent(BoundedLocalCache.java:2705) ~[?:?]
	at com.github.benmanes.caffeine.cache.BoundedLocalCache.computeIfAbsent(BoundedLocalCache.java:2686) ~[?:?]
	at com.github.benmanes.caffeine.cache.LocalCache.computeIfAbsent(LocalCache.java:112) ~[?:?]
	at com.github.benmanes.caffeine.cache.LocalManualCache.get(LocalManualCache.java:63) ~[?:?]
	at libreforge-5.6.0-1780425196418.jar/com.willfp.libreforge.HolderProviderKt.getHolders(HolderProvider.kt:310) ~[libreforge-5.6.0-1780425196418.jar:?]
	at libreforge-5.6.0-1780425196418.jar/com.willfp.libreforge.HolderProviderKt.calculateActiveEffects(HolderProvider.kt:367) ~[libreforge-5.6.0-1780425196418.jar:?]
	at libreforge-5.6.0-1780425196418.jar/com.willfp.libreforge.HolderProviderKt.updateEffects(HolderProvider.kt:386) ~[libreforge-5.6.0-1780425196418.jar:?]
	at libreforge-5.6.0-1780425196418.jar/com.willfp.libreforge.HolderProviderKt.pollEffects(HolderProvider.kt:207) ~[libreforge-5.6.0-1780425196418.jar:?]
	at libreforge-5.6.0-1780425196418.jar/com.willfp.libreforge.LibreforgeSpigotPlugin.createTasks$lambda$1(LibreforgeSpigotPlugin.kt:219) ~[libreforge-5.6.0-1780425196418.jar:?]
	at org.bukkit.craftbukkit.scheduler.CraftTask.run(CraftTask.java:78) ~[paper-1.21.10.jar:1.21.10-117-df4b668]
	at org.bukkit.craftbukkit.scheduler.CraftScheduler.mainThreadHeartbeat(CraftScheduler.java:474) ~[paper-1.21.10.jar:1.21.10-117-df4b668]
	at net.minecraft.server.MinecraftServer.tickChildren(MinecraftServer.java:1744) ~[paper-1.21.10.jar:1.21.10-117-df4b668]
	at net.minecraft.server.MinecraftServer.tickServer(MinecraftServer.java:1618) ~[paper-1.21.10.jar:1.21.10-117-df4b668]
	at net.minecraft.server.dedicated.DedicatedServer.tickServer(DedicatedServer.java:430) ~[paper-1.21.10.jar:1.21.10-117-df4b668]
	at net.minecraft.server.MinecraftServer.runServer(MinecraftServer.java:1338) ~[paper-1.21.10.jar:1.21.10-117-df4b668]
	at net.minecraft.server.MinecraftServer.lambda$spin$2(MinecraftServer.java:384) ~[paper-1.21.10.jar:1.21.10-117-df4b668]
	at java.base/java.lang.Thread.run(Thread.java:1474) ~[?:?]
Caused by: java.lang.IllegalStateException: zip file closed
	at java.base/java.util.zip.ZipFile.ensureOpen(ZipFile.java:826) ~[?:?]
	at java.base/java.util.zip.ZipFile.getEntry(ZipFile.java:290) ~[?:?]
	at java.base/java.util.jar.JarFile.getEntry(JarFile.java:505) ~[?:?]
	at java.base/java.util.jar.JarFile.getJarEntry(JarFile.java:460) ~[?:?]
	at org.bukkit.plugin.java.PluginClassLoader.findClass(PluginClassLoader.java:223) ~[paper-api-1.21.10-R0.1-SNAPSHOT.jar:?]
	... 27 more
[19:04:41] [Server thread/WARN]: [libreforge] Task #674 for libreforge v5.6.0 generated an exception
java.lang.IllegalStateException: The plugin classloader for EcoSkills has thrown a zip file error.
	at org.bukkit.plugin.java.PluginClassLoader.findClass(PluginClassLoader.java:228) ~[paper-api-1.21.10-R0.1-SNAPSHOT.jar:?]
	at java.base/java.lang.ClassLoader.loadClass(ClassLoader.java:557) ~[?:?]
	at org.bukkit.plugin.java.PluginClassLoader.loadClass0(PluginClassLoader.java:180) ~[paper-api-1.21.10-R0.1-SNAPSHOT.jar:?]
	at org.bukkit.plugin.java.PluginClassLoader.loadClass(PluginClassLoader.java:175) ~[paper-api-1.21.10-R0.1-SNAPSHOT.jar:?]
	at java.base/java.lang.ClassLoader.loadClass(ClassLoader.java:490) ~[?:?]
	at EcoSkills v3.67.1.jar/com.willfp.ecoskills.EcoSkillsPlugin$handleEnable$$inlined$registerSpecificHolderProvider$1.provide(HolderProvider.kt:483) ~[EcoSkills v3.67.1.jar:?]
	at libreforge-5.6.0-1780425196418.jar/com.willfp.libreforge.HolderProviderKt.computeHolders(HolderProvider.kt:272) ~[libreforge-5.6.0-1780425196418.jar:?]
	at libreforge-5.6.0-1780425196418.jar/com.willfp.libreforge.HolderProviderKt._get_holders_$lambda$0(HolderProvider.kt:310) ~[libreforge-5.6.0-1780425196418.jar:?]
	at libreforge-5.6.0-1780425196418.jar/com.willfp.libreforge.HolderProviderKt._get_holders_$lambda$1(HolderProvider.kt:310) ~[libreforge-5.6.0-1780425196418.jar:?]
	at com.github.benmanes.caffeine.cache.BoundedLocalCache.lambda$doComputeIfAbsent$0(BoundedLocalCache.java:2707) ~[?:?]
	at java.base/java.util.concurrent.ConcurrentHashMap.compute(ConcurrentHashMap.java:1932) ~[?:?]
	at com.github.benmanes.caffeine.cache.BoundedLocalCache.doComputeIfAbsent(BoundedLocalCache.java:2705) ~[?:?]
	at com.github.benmanes.caffeine.cache.BoundedLocalCache.computeIfAbsent(BoundedLocalCache.java:2686) ~[?:?]
	at com.github.benmanes.caffeine.cache.LocalCache.computeIfAbsent(LocalCache.java:112) ~[?:?]
	at com.github.benmanes.caffeine.cache.LocalManualCache.get(LocalManualCache.java:63) ~[?:?]
	at libreforge-5.6.0-1780425196418.jar/com.willfp.libreforge.HolderProviderKt.getHolders(HolderProvider.kt:310) ~[libreforge-5.6.0-1780425196418.jar:?]
	at libreforge-5.6.0-1780425196418.jar/com.willfp.libreforge.HolderProviderKt.calculateActiveEffects(HolderProvider.kt:367) ~[libreforge-5.6.0-1780425196418.jar:?]
	at libreforge-5.6.0-1780425196418.jar/com.willfp.libreforge.HolderProviderKt.updateEffects(HolderProvider.kt:386) ~[libreforge-5.6.0-1780425196418.jar:?]
	at libreforge-5.6.0-1780425196418.jar/com.willfp.libreforge.HolderProviderKt.pollEffects(HolderProvider.kt:207) ~[libreforge-5.6.0-1780425196418.jar:?]
	at libreforge-5.6.0-1780425196418.jar/com.willfp.libreforge.LibreforgeSpigotPlugin.createTasks$lambda$1(LibreforgeSpigotPlugin.kt:219) ~[libreforge-5.6.0-1780425196418.jar:?]
	at org.bukkit.craftbukkit.scheduler.CraftTask.run(CraftTask.java:78) ~[paper-1.21.10.jar:1.21.10-117-df4b668]
	at org.bukkit.craftbukkit.scheduler.CraftScheduler.mainThreadHeartbeat(CraftScheduler.java:474) ~[paper-1.21.10.jar:1.21.10-117-df4b668]
	at net.minecraft.server.MinecraftServer.tickChildren(MinecraftServer.java:1744) ~[paper-1.21.10.jar:1.21.10-117-df4b668]
	at net.minecraft.server.MinecraftServer.tickServer(MinecraftServer.java:1618) ~[paper-1.21.10.jar:1.21.10-117-df4b668]
	at net.minecraft.server.dedicated.DedicatedServer.tickServer(DedicatedServer.java:430) ~[paper-1.21.10.jar:1.21.10-117-df4b668]
	at net.minecraft.server.MinecraftServer.runServer(MinecraftServer.java:1338) ~[paper-1.21.10.jar:1.21.10-117-df4b668]
	at net.minecraft.server.MinecraftServer.lambda$spin$2(MinecraftServer.java:384) ~[paper-1.21.10.jar:1.21.10-117-df4b668]
	at java.base/java.lang.Thread.run(Thread.java:1474) ~[?:?]
Caused by: java.lang.IllegalStateException: zip file closed
	at java.base/java.util.zip.ZipFile.ensureOpen(ZipFile.java:826) ~[?:?]
	at java.base/java.util.zip.ZipFile.getEntry(ZipFile.java:290) ~[?:?]
	at java.base/java.util.jar.JarFile.getEntry(JarFile.java:505) ~[?:?]
	at java.base/java.util.jar.JarFile.getJarEntry(JarFile.java:460) ~[?:?]
	at org.bukkit.plugin.java.PluginClassLoader.findClass(PluginClassLoader.java:223) ~[paper-api-1.21.10-R0.1-SNAPSHOT.jar:?]
	... 27 more
[19:04:42] [Craft Scheduler Thread - 10 - VotifierPlus/INFO]: [VotifierPlus] VotifierPlus is up to date! Version: 1.4.3
[19:04:42] [Server thread/WARN]: [libreforge] Task #674 for libreforge v5.6.0 generated an exception
java.lang.IllegalStateException: The plugin classloader for EcoSkills has thrown a zip file error.
	at org.bukkit.plugin.java.PluginClassLoader.findClass(PluginClassLoader.java:228) ~[paper-api-1.21.10-R0.1-SNAPSHOT.jar:?]
	at java.base/java.lang.ClassLoader.loadClass(ClassLoader.java:557) ~[?:?]
	at org.bukkit.plugin.java.PluginClassLoader.loadClass0(PluginClassLoader.java:180) ~[paper-api-1.21.10-R0.1-SNAPSHOT.jar:?]
	at org.bukkit.plugin.java.PluginClassLoader.loadClass(PluginClassLoader.java:175) ~[paper-api-1.21.10-R0.1-SNAPSHOT.jar:?]
	at java.base/java.lang.ClassLoader.loadClass(ClassLoader.java:490) ~[?:?]
	at EcoSkills v3.67.1.jar/com.willfp.ecoskills.EcoSkillsPlugin$handleEnable$$inlined$registerSpecificHolderProvider$1.provide(HolderProvider.kt:483) ~[EcoSkills v3.67.1.jar:?]
	at libreforge-5.6.0-1780425196418.jar/com.willfp.libreforge.HolderProviderKt.computeHolders(HolderProvider.kt:272) ~[libreforge-5.6.0-1780425196418.jar:?]
	at libreforge-5.6.0-1780425196418.jar/com.willfp.libreforge.HolderProviderKt._get_holders_$lambda$0(HolderProvider.kt:310) ~[libreforge-5.6.0-1780425196418.jar:?]
	at libreforge-5.6.0-1780425196418.jar/com.willfp.libreforge.HolderProviderKt._get_holders_$lambda$1(HolderProvider.kt:310) ~[libreforge-5.6.0-1780425196418.jar:?]
	at com.github.benmanes.caffeine.cache.BoundedLocalCache.lambda$doComputeIfAbsent$0(BoundedLocalCache.java:2707) ~[?:?]
	at java.base/java.util.concurrent.ConcurrentHashMap.compute(ConcurrentHashMap.java:1932) ~[?:?]
	at com.github.benmanes.caffeine.cache.BoundedLocalCache.doComputeIfAbsent(BoundedLocalCache.java:2705) ~[?:?]
	at com.github.benmanes.caffeine.cache.BoundedLocalCache.computeIfAbsent(BoundedLocalCache.java:2686) ~[?:?]
	at com.github.benmanes.caffeine.cache.LocalCache.computeIfAbsent(LocalCache.java:112) ~[?:?]
	at com.github.benmanes.caffeine.cache.LocalManualCache.get(LocalManualCache.java:63) ~[?:?]
	at libreforge-5.6.0-1780425196418.jar/com.willfp.libreforge.HolderProviderKt.getHolders(HolderProvider.kt:310) ~[libreforge-5.6.0-1780425196418.jar:?]
	at libreforge-5.6.0-1780425196418.jar/com.willfp.libreforge.HolderProviderKt.calculateActiveEffects(HolderProvider.kt:367) ~[libreforge-5.6.0-1780425196418.jar:?]
	at libreforge-5.6.0-1780425196418.jar/com.willfp.libreforge.HolderProviderKt.updateEffects(HolderProvider.kt:386) ~[libreforge-5.6.0-1780425196418.jar:?]
	at libreforge-5.6.0-1780425196418.jar/com.willfp.libreforge.HolderProviderKt.pollEffects(HolderProvider.kt:207) ~[libreforge-5.6.0-1780425196418.jar:?]
	at libreforge-5.6.0-1780425196418.jar/com.willfp.libreforge.LibreforgeSpigotPlugin.createTasks$lambda$1(LibreforgeSpigotPlugin.kt:219) ~[libreforge-5.6.0-1780425196418.jar:?]
	at org.bukkit.craftbukkit.scheduler.CraftTask.run(CraftTask.java:78) ~[paper-1.21.10.jar:1.21.10-117-df4b668]
	at org.bukkit.craftbukkit.scheduler.CraftScheduler.mainThreadHeartbeat(CraftScheduler.java:474) ~[paper-1.21.10.jar:1.21.10-117-df4b668]
	at net.minecraft.server.MinecraftServer.tickChildren(MinecraftServer.java:1744) ~[paper-1.21.10.jar:1.21.10-117-df4b668]
	at net.minecraft.server.MinecraftServer.tickServer(MinecraftServer.java:1618) ~[paper-1.21.10.jar:1.21.10-117-df4b668]
	at net.minecraft.server.dedicated.DedicatedServer.tickServer(DedicatedServer.java:430) ~[paper-1.21.10.jar:1.21.10-117-df4b668]
	at net.minecraft.server.MinecraftServer.runServer(MinecraftServer.java:1338) ~[paper-1.21.10.jar:1.21.10-117-df4b668]
	at net.minecraft.server.MinecraftServer.lambda$spin$2(MinecraftServer.java:384) ~[paper-1.21.10.jar:1.21.10-117-df4b668]
	at java.base/java.lang.Thread.run(Thread.java:1474) ~[?:?]
Caused by: java.lang.IllegalStateException: zip file closed
	at java.base/java.util.zip.ZipFile.ensureOpen(ZipFile.java:826) ~[?:?]
	at java.base/java.util.zip.ZipFile.getEntry(ZipFile.java:290) ~[?:?]
	at java.base/java.util.jar.JarFile.getEntry(JarFile.java:505) ~[?:?]
	at java.base/java.util.jar.JarFile.getJarEntry(JarFile.java:460) ~[?:?]
	at org.bukkit.plugin.java.PluginClassLoader.findClass(PluginClassLoader.java:223) ~[paper-api-1.21.10-R0.1-SNAPSHOT.jar:?]
	... 27 more
[19:04:43] [Server thread/WARN]: [libreforge] Task #674 for libreforge v5.6.0 generated an exception
java.lang.IllegalStateException: The plugin classloader for EcoSkills has thrown a zip file error.
	at org.bukkit.plugin.java.PluginClassLoader.findClass(PluginClassLoader.java:228) ~[paper-api-1.21.10-R0.1-SNAPSHOT.jar:?]
	at java.base/java.lang.ClassLoader.loadClass(ClassLoader.java:557) ~[?:?]
	at org.bukkit.plugin.java.PluginClassLoader.loadClass0(PluginClassLoader.java:180) ~[paper-api-1.21.10-R0.1-SNAPSHOT.jar:?]
	at org.bukkit.plugin.java.PluginClassLoader.loadClass(PluginClassLoader.java:175) ~[paper-api-1.21.10-R0.1-SNAPSHOT.jar:?]
	at java.base/java.lang.ClassLoader.loadClass(ClassLoader.java:490) ~[?:?]
	at EcoSkills v3.67.1.jar/com.willfp.ecoskills.EcoSkillsPlugin$handleEnable$$inlined$registerSpecificHolderProvider$1.provide(HolderProvider.kt:483) ~[EcoSkills v3.67.1.jar:?]
	at libreforge-5.6.0-1780425196418.jar/com.willfp.libreforge.HolderProviderKt.computeHolders(HolderProvider.kt:272) ~[libreforge-5.6.0-1780425196418.jar:?]
	at libreforge-5.6.0-1780425196418.jar/com.willfp.libreforge.HolderProviderKt._get_holders_$lambda$0(HolderProvider.kt:310) ~[libreforge-5.6.0-1780425196418.jar:?]
	at libreforge-5.6.0-1780425196418.jar/com.willfp.libreforge.HolderProviderKt._get_holders_$lambda$1(HolderProvider.kt:310) ~[libreforge-5.6.0-1780425196418.jar:?]
	at com.github.benmanes.caffeine.cache.BoundedLocalCache.lambda$doComputeIfAbsent$0(BoundedLocalCache.java:2707) ~[?:?]
	at java.base/java.util.concurrent.ConcurrentHashMap.compute(ConcurrentHashMap.java:1932) ~[?:?]
	at com.github.benmanes.caffeine.cache.BoundedLocalCache.doComputeIfAbsent(BoundedLocalCache.java:2705) ~[?:?]
	at com.github.benmanes.caffeine.cache.BoundedLocalCache.computeIfAbsent(BoundedLocalCache.java:2686) ~[?:?]
	at com.github.benmanes.caffeine.cache.LocalCache.computeIfAbsent(LocalCache.java:112) ~[?:?]
	at com.github.benmanes.caffeine.cache.LocalManualCache.get(LocalManualCache.java:63) ~[?:?]
	at libreforge-5.6.0-1780425196418.jar/com.willfp.libreforge.HolderProviderKt.getHolders(HolderProvider.kt:310) ~[libreforge-5.6.0-1780425196418.jar:?]
	at libreforge-5.6.0-1780425196418.jar/com.willfp.libreforge.HolderProviderKt.calculateActiveEffects(HolderProvider.kt:367) ~[libreforge-5.6.0-1780425196418.jar:?]
	at libreforge-5.6.0-1780425196418.jar/com.willfp.libreforge.HolderProviderKt.updateEffects(HolderProvider.kt:386) ~[libreforge-5.6.0-1780425196418.jar:?]
	at libreforge-5.6.0-1780425196418.jar/com.willfp.libreforge.HolderProviderKt.pollEffects(HolderProvider.kt:207) ~[libreforge-5.6.0-1780425196418.jar:?]
	at libreforge-5.6.0-1780425196418.jar/com.willfp.libreforge.LibreforgeSpigotPlugin.createTasks$lambda$1(LibreforgeSpigotPlugin.kt:219) ~[libreforge-5.6.0-1780425196418.jar:?]
	at org.bukkit.craftbukkit.scheduler.CraftTask.run(CraftTask.java:78) ~[paper-1.21.10.jar:1.21.10-117-df4b668]
	at org.bukkit.craftbukkit.scheduler.CraftScheduler.mainThreadHeartbeat(CraftScheduler.java:474) ~[paper-1.21.10.jar:1.21.10-117-df4b668]
	at net.minecraft.server.MinecraftServer.tickChildren(MinecraftServer.java:1744) ~[paper-1.21.10.jar:1.21.10-117-df4b668]
	at net.minecraft.server.MinecraftServer.tickServer(MinecraftServer.java:1618) ~[paper-1.21.10.jar:1.21.10-117-df4b668]
	at net.minecraft.server.dedicated.DedicatedServer.tickServer(DedicatedServer.java:430) ~[paper-1.21.10.jar:1.21.10-117-df4b668]
	at net.minecraft.server.MinecraftServer.runServer(MinecraftServer.java:1338) ~[paper-1.21.10.jar:1.21.10-117-df4b668]
	at net.minecraft.server.MinecraftServer.lambda$spin$2(MinecraftServer.java:384) ~[paper-1.21.10.jar:1.21.10-117-df4b668]
	at java.base/java.lang.Thread.run(Thread.java:1474) ~[?:?]
Caused by: java.lang.IllegalStateException: zip file closed
	at java.base/java.util.zip.ZipFile.ensureOpen(ZipFile.java:826) ~[?:?]
	at java.base/java.util.zip.ZipFile.getEntry(ZipFile.java:290) ~[?:?]
	at java.base/java.util.jar.JarFile.getEntry(JarFile.java:505) ~[?:?]
	at java.base/java.util.jar.JarFile.getJarEntry(JarFile.java:460) ~[?:?]
	at org.bukkit.plugin.java.PluginClassLoader.findClass(PluginClassLoader.java:223) ~[paper-api-1.21.10-R0.1-SNAPSHOT.jar:?]
	... 27 more
[19:04:44] [Server thread/WARN]: [libreforge] Task #674 for libreforge v5.6.0 generated an exception
java.lang.IllegalStateException: The plugin classloader for EcoSkills has thrown a zip file error.
	at org.bukkit.plugin.java.PluginClassLoader.findClass(PluginClassLoader.java:228) ~[paper-api-1.21.10-R0.1-SNAPSHOT.jar:?]
	at java.base/java.lang.ClassLoader.loadClass(ClassLoader.java:557) ~[?:?]
	at org.bukkit.plugin.java.PluginClassLoader.loadClass0(PluginClassLoader.java:180) ~[paper-api-1.21.10-R0.1-SNAPSHOT.jar:?]
	at org.bukkit.plugin.java.PluginClassLoader.loadClass(PluginClassLoader.java:175) ~[paper-api-1.21.10-R0.1-SNAPSHOT.jar:?]
	at java.base/java.lang.ClassLoader.loadClass(ClassLoader.java:490) ~[?:?]
	at EcoSkills v3.67.1.jar/com.willfp.ecoskills.EcoSkillsPlugin$handleEnable$$inlined$registerSpecificHolderProvider$1.provide(HolderProvider.kt:483) ~[EcoSkills v3.67.1.jar:?]
	at libreforge-5.6.0-1780425196418.jar/com.willfp.libreforge.HolderProviderKt.computeHolders(HolderProvider.kt:272) ~[libreforge-5.6.0-1780425196418.jar:?]
	at libreforge-5.6.0-1780425196418.jar/com.willfp.libreforge.HolderProviderKt._get_holders_$lambda$0(HolderProvider.kt:310) ~[libreforge-5.6.0-1780425196418.jar:?]
	at libreforge-5.6.0-1780425196418.jar/com.willfp.libreforge.HolderProviderKt._get_holders_$lambda$1(HolderProvider.kt:310) ~[libreforge-5.6.0-1780425196418.jar:?]
	at com.github.benmanes.caffeine.cache.BoundedLocalCache.lambda$doComputeIfAbsent$0(BoundedLocalCache.java:2707) ~[?:?]
	at java.base/java.util.concurrent.ConcurrentHashMap.compute(ConcurrentHashMap.java:1932) ~[?:?]
	at com.github.benmanes.caffeine.cache.BoundedLocalCache.doComputeIfAbsent(BoundedLocalCache.java:2705) ~[?:?]
	at com.github.benmanes.caffeine.cache.BoundedLocalCache.computeIfAbsent(BoundedLocalCache.java:2686) ~[?:?]
	at com.github.benmanes.caffeine.cache.LocalCache.computeIfAbsent(LocalCache.java:112) ~[?:?]
	at com.github.benmanes.caffeine.cache.LocalManualCache.get(LocalManualCache.java:63) ~[?:?]
	at libreforge-5.6.0-1780425196418.jar/com.willfp.libreforge.HolderProviderKt.getHolders(HolderProvider.kt:310) ~[libreforge-5.6.0-1780425196418.jar:?]
	at libreforge-5.6.0-1780425196418.jar/com.willfp.libreforge.HolderProviderKt.calculateActiveEffects(HolderProvider.kt:367) ~[libreforge-5.6.0-1780425196418.jar:?]
	at libreforge-5.6.0-1780425196418.jar/com.willfp.libreforge.HolderProviderKt.updateEffects(HolderProvider.kt:386) ~[libreforge-5.6.0-1780425196418.jar:?]
	at libreforge-5.6.0-1780425196418.jar/com.willfp.libreforge.HolderProviderKt.pollEffects(HolderProvider.kt:207) ~[libreforge-5.6.0-1780425196418.jar:?]
	at libreforge-5.6.0-1780425196418.jar/com.willfp.libreforge.LibreforgeSpigotPlugin.createTasks$lambda$1(LibreforgeSpigotPlugin.kt:219) ~[libreforge-5.6.0-1780425196418.jar:?]
	at org.bukkit.craftbukkit.scheduler.CraftTask.run(CraftTask.java:78) ~[paper-1.21.10.jar:1.21.10-117-df4b668]
	at org.bukkit.craftbukkit.scheduler.CraftScheduler.mainThreadHeartbeat(CraftScheduler.java:474) ~[paper-1.21.10.jar:1.21.10-117-df4b668]
	at net.minecraft.server.MinecraftServer.tickChildren(MinecraftServer.java:1744) ~[paper-1.21.10.jar:1.21.10-117-df4b668]
	at net.minecraft.server.MinecraftServer.tickServer(MinecraftServer.java:1618) ~[paper-1.21.10.jar:1.21.10-117-df4b668]
	at net.minecraft.server.dedicated.DedicatedServer.tickServer(DedicatedServer.java:430) ~[paper-1.21.10.jar:1.21.10-117-df4b668]
	at net.minecraft.server.MinecraftServer.runServer(MinecraftServer.java:1338) ~[paper-1.21.10.jar:1.21.10-117-df4b668]
	at net.minecraft.server.MinecraftServer.lambda$spin$2(MinecraftServer.java:384) ~[paper-1.21.10.jar:1.21.10-117-df4b668]
	at java.base/java.lang.Thread.run(Thread.java:1474) ~[?:?]
Caused by: java.lang.IllegalStateException: zip file closed
	at java.base/java.util.zip.ZipFile.ensureOpen(ZipFile.java:826) ~[?:?]
	at java.base/java.util.zip.ZipFile.getEntry(ZipFile.java:290) ~[?:?]
	at java.base/java.util.jar.JarFile.getEntry(JarFile.java:505) ~[?:?]
	at java.base/java.util.jar.JarFile.getJarEntry(JarFile.java:460) ~[?:?]
	at org.bukkit.plugin.java.PluginClassLoader.findClass(PluginClassLoader.java:223) ~[paper-api-1.21.10-R0.1-SNAPSHOT.jar:?]
	... 27 more
[19:04:45] [Server thread/WARN]: [libreforge] Task #674 for libreforge v5.6.0 generated an exception
java.lang.IllegalStateException: The plugin classloader for EcoSkills has thrown a zip file error.
	at org.bukkit.plugin.java.PluginClassLoader.findClass(PluginClassLoader.java:228) ~[paper-api-1.21.10-R0.1-SNAPSHOT.jar:?]
	at java.base/java.lang.ClassLoader.loadClass(ClassLoader.java:557) ~[?:?]
	at org.bukkit.plugin.java.PluginClassLoader.loadClass0(PluginClassLoader.java:180) ~[paper-api-1.21.10-R0.1-SNAPSHOT.jar:?]
	at org.bukkit.plugin.java.PluginClassLoader.loadClass(PluginClassLoader.java:175) ~[paper-api-1.21.10-R0.1-SNAPSHOT.jar:?]
	at java.base/java.lang.ClassLoader.loadClass(ClassLoader.java:490) ~[?:?]
	at EcoSkills v3.67.1.jar/com.willfp.ecoskills.EcoSkillsPlugin$handleEnable$$inlined$registerSpecificHolderProvider$1.provide(HolderProvider.kt:483) ~[EcoSkills v3.67.1.jar:?]
	at libreforge-5.6.0-1780425196418.jar/com.willfp.libreforge.HolderProviderKt.computeHolders(HolderProvider.kt:272) ~[libreforge-5.6.0-1780425196418.jar:?]
	at libreforge-5.6.0-1780425196418.jar/com.willfp.libreforge.HolderProviderKt._get_holders_$lambda$0(HolderProvider.kt:310) ~[libreforge-5.6.0-1780425196418.jar:?]
	at libreforge-5.6.0-1780425196418.jar/com.willfp.libreforge.HolderProviderKt._get_holders_$lambda$1(HolderProvider.kt:310) ~[libreforge-5.6.0-1780425196418.jar:?]
	at com.github.benmanes.caffeine.cache.BoundedLocalCache.lambda$doComputeIfAbsent$0(BoundedLocalCache.java:2707) ~[?:?]
	at java.base/java.util.concurrent.ConcurrentHashMap.compute(ConcurrentHashMap.java:1932) ~[?:?]
	at com.github.benmanes.caffeine.cache.BoundedLocalCache.doComputeIfAbsent(BoundedLocalCache.java:2705) ~[?:?]
	at com.github.benmanes.caffeine.cache.BoundedLocalCache.computeIfAbsent(BoundedLocalCache.java:2686) ~[?:?]
	at com.github.benmanes.caffeine.cache.LocalCache.computeIfAbsent(LocalCache.java:112) ~[?:?]
	at com.github.benmanes.caffeine.cache.LocalManualCache.get(LocalManualCache.java:63) ~[?:?]
	at libreforge-5.6.0-1780425196418.jar/com.willfp.libreforge.HolderProviderKt.getHolders(HolderProvider.kt:310) ~[libreforge-5.6.0-1780425196418.jar:?]
	at libreforge-5.6.0-1780425196418.jar/com.willfp.libreforge.HolderProviderKt.calculateActiveEffects(HolderProvider.kt:367) ~[libreforge-5.6.0-1780425196418.jar:?]
	at libreforge-5.6.0-1780425196418.jar/com.willfp.libreforge.HolderProviderKt.updateEffects(HolderProvider.kt:386) ~[libreforge-5.6.0-1780425196418.jar:?]
	at libreforge-5.6.0-1780425196418.jar/com.willfp.libreforge.HolderProviderKt.pollEffects(HolderProvider.kt:207) ~[libreforge-5.6.0-1780425196418.jar:?]
	at libreforge-5.6.0-1780425196418.jar/com.willfp.libreforge.LibreforgeSpigotPlugin.createTasks$lambda$1(LibreforgeSpigotPlugin.kt:219) ~[libreforge-5.6.0-1780425196418.jar:?]
	at org.bukkit.craftbukkit.scheduler.CraftTask.run(CraftTask.java:78) ~[paper-1.21.10.jar:1.21.10-117-df4b668]
	at org.bukkit.craftbukkit.scheduler.CraftScheduler.mainThreadHeartbeat(CraftScheduler.java:474) ~[paper-1.21.10.jar:1.21.10-117-df4b668]
	at net.minecraft.server.MinecraftServer.tickChildren(MinecraftServer.java:1744) ~[paper-1.21.10.jar:1.21.10-117-df4b668]
	at net.minecraft.server.MinecraftServer.tickServer(MinecraftServer.java:1618) ~[paper-1.21.10.jar:1.21.10-117-df4b668]
	at net.minecraft.server.dedicated.DedicatedServer.tickServer(DedicatedServer.java:430) ~[paper-1.21.10.jar:1.21.10-117-df4b668]
	at net.minecraft.server.MinecraftServer.runServer(MinecraftServer.java:1338) ~[paper-1.21.10.jar:1.21.10-117-df4b668]
	at net.minecraft.server.MinecraftServer.lambda$spin$2(MinecraftServer.java:384) ~[paper-1.21.10.jar:1.21.10-117-df4b668]
	at java.base/java.lang.Thread.run(Thread.java:1474) ~[?:?]
Caused by: java.lang.IllegalStateException: zip file closed
	at java.base/java.util.zip.ZipFile.ensureOpen(ZipFile.java:826) ~[?:?]
	at java.base/java.util.zip.ZipFile.getEntry(ZipFile.java:290) ~[?:?]
	at java.base/java.util.jar.JarFile.getEntry(JarFile.java:505) ~[?:?]
	at java.base/java.util.jar.JarFile.getJarEntry(JarFile.java:460) ~[?:?]
	at org.bukkit.plugin.java.PluginClassLoader.findClass(PluginClassLoader.java:223) ~[paper-api-1.21.10-R0.1-SNAPSHOT.jar:?]
	... 27 more
[19:04:46] [Server thread/WARN]: [libreforge] Task #674 for libreforge v5.6.0 generated an exception
java.lang.IllegalStateException: The plugin classloader for EcoSkills has thrown a zip file error.
	at org.bukkit.plugin.java.PluginClassLoader.findClass(PluginClassLoader.java:228) ~[paper-api-1.21.10-R0.1-SNAPSHOT.jar:?]
	at java.base/java.lang.ClassLoader.loadClass(ClassLoader.java:557) ~[?:?]
	at org.bukkit.plugin.java.PluginClassLoader.loadClass0(PluginClassLoader.java:180) ~[paper-api-1.21.10-R0.1-SNAPSHOT.jar:?]
	at org.bukkit.plugin.java.PluginClassLoader.loadClass(PluginClassLoader.java:175) ~[paper-api-1.21.10-R0.1-SNAPSHOT.jar:?]
	at java.base/java.lang.ClassLoader.loadClass(ClassLoader.java:490) ~[?:?]
	at EcoSkills v3.67.1.jar/com.willfp.ecoskills.EcoSkillsPlugin$handleEnable$$inlined$registerSpecificHolderProvider$1.provide(HolderProvider.kt:483) ~[EcoSkills v3.67.1.jar:?]
	at libreforge-5.6.0-1780425196418.jar/com.willfp.libreforge.HolderProviderKt.computeHolders(HolderProvider.kt:272) ~[libreforge-5.6.0-1780425196418.jar:?]
	at libreforge-5.6.0-1780425196418.jar/com.willfp.libreforge.HolderProviderKt._get_holders_$lambda$0(HolderProvider.kt:310) ~[libreforge-5.6.0-1780425196418.jar:?]
	at libreforge-5.6.0-1780425196418.jar/com.willfp.libreforge.HolderProviderKt._get_holders_$lambda$1(HolderProvider.kt:310) ~[libreforge-5.6.0-1780425196418.jar:?]
	at com.github.benmanes.caffeine.cache.BoundedLocalCache.lambda$doComputeIfAbsent$0(BoundedLocalCache.java:2707) ~[?:?]
	at java.base/java.util.concurrent.ConcurrentHashMap.compute(ConcurrentHashMap.java:1932) ~[?:?]
	at com.github.benmanes.caffeine.cache.BoundedLocalCache.doComputeIfAbsent(BoundedLocalCache.java:2705) ~[?:?]
	at com.github.benmanes.caffeine.cache.BoundedLocalCache.computeIfAbsent(BoundedLocalCache.java:2686) ~[?:?]
	at com.github.benmanes.caffeine.cache.LocalCache.computeIfAbsent(LocalCache.java:112) ~[?:?]
	at com.github.benmanes.caffeine.cache.LocalManualCache.get(LocalManualCache.java:63) ~[?:?]
	at libreforge-5.6.0-1780425196418.jar/com.willfp.libreforge.HolderProviderKt.getHolders(HolderProvider.kt:310) ~[libreforge-5.6.0-1780425196418.jar:?]
	at libreforge-5.6.0-1780425196418.jar/com.willfp.libreforge.HolderProviderKt.calculateActiveEffects(HolderProvider.kt:367) ~[libreforge-5.6.0-1780425196418.jar:?]
	at libreforge-5.6.0-1780425196418.jar/com.willfp.libreforge.HolderProviderKt.updateEffects(HolderProvider.kt:386) ~[libreforge-5.6.0-1780425196418.jar:?]
	at libreforge-5.6.0-1780425196418.jar/com.willfp.libreforge.HolderProviderKt.pollEffects(HolderProvider.kt:207) ~[libreforge-5.6.0-1780425196418.jar:?]
	at libreforge-5.6.0-1780425196418.jar/com.willfp.libreforge.LibreforgeSpigotPlugin.createTasks$lambda$1(LibreforgeSpigotPlugin.kt:219) ~[libreforge-5.6.0-1780425196418.jar:?]
	at org.bukkit.craftbukkit.scheduler.CraftTask.run(CraftTask.java:78) ~[paper-1.21.10.jar:1.21.10-117-df4b668]
	at org.bukkit.craftbukkit.scheduler.CraftScheduler.mainThreadHeartbeat(CraftScheduler.java:474) ~[paper-1.21.10.jar:1.21.10-117-df4b668]
	at net.minecraft.server.MinecraftServer.tickChildren(MinecraftServer.java:1744) ~[paper-1.21.10.jar:1.21.10-117-df4b668]
	at net.minecraft.server.MinecraftServer.tickServer(MinecraftServer.java:1618) ~[paper-1.21.10.jar:1.21.10-117-df4b668]
	at net.minecraft.server.dedicated.DedicatedServer.tickServer(DedicatedServer.java:430) ~[paper-1.21.10.jar:1.21.10-117-df4b668]
	at net.minecraft.server.MinecraftServer.runServer(MinecraftServer.java:1338) ~[paper-1.21.10.jar:1.21.10-117-df4b668]
	at net.minecraft.server.MinecraftServer.lambda$spin$2(MinecraftServer.java:384) ~[paper-1.21.10.jar:1.21.10-117-df4b668]
	at java.base/java.lang.Thread.run(Thread.java:1474) ~[?:?]
Caused by: java.lang.IllegalStateException: zip file closed
	at java.base/java.util.zip.ZipFile.ensureOpen(ZipFile.java:826) ~[?:?]
	at java.base/java.util.zip.ZipFile.getEntry(ZipFile.java:290) ~[?:?]
	at java.base/java.util.jar.JarFile.getEntry(JarFile.java:505) ~[?:?]
	at java.base/java.util.jar.JarFile.getJarEntry(JarFile.java:460) ~[?:?]
	at org.bukkit.plugin.java.PluginClassLoader.findClass(PluginClassLoader.java:223) ~[paper-api-1.21.10-R0.1-SNAPSHOT.jar:?]
	... 27 more
[19:04:47] [Server thread/WARN]: [libreforge] Task #674 for libreforge v5.6.0 generated an exception
java.lang.IllegalStateException: The plugin classloader for EcoSkills has thrown a zip file error.
	at org.bukkit.plugin.java.PluginClassLoader.findClass(PluginClassLoader.java:228) ~[paper-api-1.21.10-R0.1-SNAPSHOT.jar:?]
	at java.base/java.lang.ClassLoader.loadClass(ClassLoader.java:557) ~[?:?]
	at org.bukkit.plugin.java.PluginClassLoader.loadClass0(PluginClassLoader.java:180) ~[paper-api-1.21.10-R0.1-SNAPSHOT.jar:?]
	at org.bukkit.plugin.java.PluginClassLoader.loadClass(PluginClassLoader.java:175) ~[paper-api-1.21.10-R0.1-SNAPSHOT.jar:?]
	at java.base/java.lang.ClassLoader.loadClass(ClassLoader.java:490) ~[?:?]
	at EcoSkills v3.67.1.jar/com.willfp.ecoskills.EcoSkillsPlugin$handleEnable$$inlined$registerSpecificHolderProvider$1.provide(HolderProvider.kt:483) ~[EcoSkills v3.67.1.jar:?]
	at libreforge-5.6.0-1780425196418.jar/com.willfp.libreforge.HolderProviderKt.computeHolders(HolderProvider.kt:272) ~[libreforge-5.6.0-1780425196418.jar:?]
	at libreforge-5.6.0-1780425196418.jar/com.willfp.libreforge.HolderProviderKt._get_holders_$lambda$0(HolderProvider.kt:310) ~[libreforge-5.6.0-1780425196418.jar:?]
	at libreforge-5.6.0-1780425196418.jar/com.willfp.libreforge.HolderProviderKt._get_holders_$lambda$1(HolderProvider.kt:310) ~[libreforge-5.6.0-1780425196418.jar:?]
	at com.github.benmanes.caffeine.cache.BoundedLocalCache.lambda$doComputeIfAbsent$0(BoundedLocalCache.java:2707) ~[?:?]
	at java.base/java.util.concurrent.ConcurrentHashMap.compute(ConcurrentHashMap.java:1932) ~[?:?]
	at com.github.benmanes.caffeine.cache.BoundedLocalCache.doComputeIfAbsent(BoundedLocalCache.java:2705) ~[?:?]
	at com.github.benmanes.caffeine.cache.BoundedLocalCache.computeIfAbsent(BoundedLocalCache.java:2686) ~[?:?]
	at com.github.benmanes.caffeine.cache.LocalCache.computeIfAbsent(LocalCache.java:112) ~[?:?]
	at com.github.benmanes.caffeine.cache.LocalManualCache.get(LocalManualCache.java:63) ~[?:?]
	at libreforge-5.6.0-1780425196418.jar/com.willfp.libreforge.HolderProviderKt.getHolders(HolderProvider.kt:310) ~[libreforge-5.6.0-1780425196418.jar:?]
	at libreforge-5.6.0-1780425196418.jar/com.willfp.libreforge.HolderProviderKt.calculateActiveEffects(HolderProvider.kt:367) ~[libreforge-5.6.0-1780425196418.jar:?]
	at libreforge-5.6.0-1780425196418.jar/com.willfp.libreforge.HolderProviderKt.updateEffects(HolderProvider.kt:386) ~[libreforge-5.6.0-1780425196418.jar:?]
	at libreforge-5.6.0-1780425196418.jar/com.willfp.libreforge.HolderProviderKt.pollEffects(HolderProvider.kt:207) ~[libreforge-5.6.0-1780425196418.jar:?]
	at libreforge-5.6.0-1780425196418.jar/com.willfp.libreforge.LibreforgeSpigotPlugin.createTasks$lambda$1(LibreforgeSpigotPlugin.kt:219) ~[libreforge-5.6.0-1780425196418.jar:?]
	at org.bukkit.craftbukkit.scheduler.CraftTask.run(CraftTask.java:78) ~[paper-1.21.10.jar:1.21.10-117-df4b668]
	at org.bukkit.craftbukkit.scheduler.CraftScheduler.mainThreadHeartbeat(CraftScheduler.java:474) ~[paper-1.21.10.jar:1.21.10-117-df4b668]
	at net.minecraft.server.MinecraftServer.tickChildren(MinecraftServer.java:1744) ~[paper-1.21.10.jar:1.21.10-117-df4b668]
	at net.minecraft.server.MinecraftServer.tickServer(MinecraftServer.java:1618) ~[paper-1.21.10.jar:1.21.10-117-df4b668]
	at net.minecraft.server.dedicated.DedicatedServer.tickServer(DedicatedServer.java:430) ~[paper-1.21.10.jar:1.21.10-117-df4b668]
	at net.minecraft.server.MinecraftServer.runServer(MinecraftServer.java:1338) ~[paper-1.21.10.jar:1.21.10-117-df4b668]
	at net.minecraft.server.MinecraftServer.lambda$spin$2(MinecraftServer.java:384) ~[paper-1.21.10.jar:1.21.10-117-df4b668]
	at java.base/java.lang.Thread.run(Thread.java:1474) ~[?:?]
Caused by: java.lang.IllegalStateException: zip file closed
	at java.base/java.util.zip.ZipFile.ensureOpen(ZipFile.java:826) ~[?:?]
	at java.base/java.util.zip.ZipFile.getEntry(ZipFile.java:290) ~[?:?]
	at java.base/java.util.jar.JarFile.getEntry(JarFile.java:505) ~[?:?]
	at java.base/java.util.jar.JarFile.getJarEntry(JarFile.java:460) ~[?:?]
	at org.bukkit.plugin.java.PluginClassLoader.findClass(PluginClassLoader.java:223) ~[paper-api-1.21.10-R0.1-SNAPSHOT.jar:?]
	... 27 more
[19:04:48] [Server thread/WARN]: [libreforge] Task #674 for libreforge v5.6.0 generated an exception
java.lang.IllegalStateException: The plugin classloader for EcoSkills has thrown a zip file error.
	at org.bukkit.plugin.java.PluginClassLoader.findClass(PluginClassLoader.java:228) ~[paper-api-1.21.10-R0.1-SNAPSHOT.jar:?]
	at java.base/java.lang.ClassLoader.loadClass(ClassLoader.java:557) ~[?:?]
	at org.bukkit.plugin.java.PluginClassLoader.loadClass0(PluginClassLoader.java:180) ~[paper-api-1.21.10-R0.1-SNAPSHOT.jar:?]
	at org.bukkit.plugin.java.PluginClassLoader.loadClass(PluginClassLoader.java:175) ~[paper-api-1.21.10-R0.1-SNAPSHOT.jar:?]
	at java.base/java.lang.ClassLoader.loadClass(ClassLoader.java:490) ~[?:?]
	at EcoSkills v3.67.1.jar/com.willfp.ecoskills.EcoSkillsPlugin$handleEnable$$inlined$registerSpecificHolderProvider$1.provide(HolderProvider.kt:483) ~[EcoSkills v3.67.1.jar:?]
	at libreforge-5.6.0-1780425196418.jar/com.willfp.libreforge.HolderProviderKt.computeHolders(HolderProvider.kt:272) ~[libreforge-5.6.0-1780425196418.jar:?]
	at libreforge-5.6.0-1780425196418.jar/com.willfp.libreforge.HolderProviderKt._get_holders_$lambda$0(HolderProvider.kt:310) ~[libreforge-5.6.0-1780425196418.jar:?]
	at libreforge-5.6.0-1780425196418.jar/com.willfp.libreforge.HolderProviderKt._get_holders_$lambda$1(HolderProvider.kt:310) ~[libreforge-5.6.0-1780425196418.jar:?]
	at com.github.benmanes.caffeine.cache.BoundedLocalCache.lambda$doComputeIfAbsent$0(BoundedLocalCache.java:2707) ~[?:?]
	at java.base/java.util.concurrent.ConcurrentHashMap.compute(ConcurrentHashMap.java:1932) ~[?:?]
	at com.github.benmanes.caffeine.cache.BoundedLocalCache.doComputeIfAbsent(BoundedLocalCache.java:2705) ~[?:?]
	at com.github.benmanes.caffeine.cache.BoundedLocalCache.computeIfAbsent(BoundedLocalCache.java:2686) ~[?:?]
	at com.github.benmanes.caffeine.cache.LocalCache.computeIfAbsent(LocalCache.java:112) ~[?:?]
	at com.github.benmanes.caffeine.cache.LocalManualCache.get(LocalManualCache.java:63) ~[?:?]
	at libreforge-5.6.0-1780425196418.jar/com.willfp.libreforge.HolderProviderKt.getHolders(HolderProvider.kt:310) ~[libreforge-5.6.0-1780425196418.jar:?]
	at libreforge-5.6.0-1780425196418.jar/com.willfp.libreforge.HolderProviderKt.calculateActiveEffects(HolderProvider.kt:367) ~[libreforge-5.6.0-1780425196418.jar:?]
	at libreforge-5.6.0-1780425196418.jar/com.willfp.libreforge.HolderProviderKt.updateEffects(HolderProvider.kt:386) ~[libreforge-5.6.0-1780425196418.jar:?]
	at libreforge-5.6.0-1780425196418.jar/com.willfp.libreforge.HolderProviderKt.pollEffects(HolderProvider.kt:207) ~[libreforge-5.6.0-1780425196418.jar:?]
	at libreforge-5.6.0-1780425196418.jar/com.willfp.libreforge.LibreforgeSpigotPlugin.createTasks$lambda$1(LibreforgeSpigotPlugin.kt:219) ~[libreforge-5.6.0-1780425196418.jar:?]
	at org.bukkit.craftbukkit.scheduler.CraftTask.run(CraftTask.java:78) ~[paper-1.21.10.jar:1.21.10-117-df4b668]
	at org.bukkit.craftbukkit.scheduler.CraftScheduler.mainThreadHeartbeat(CraftScheduler.java:474) ~[paper-1.21.10.jar:1.21.10-117-df4b668]
	at net.minecraft.server.MinecraftServer.tickChildren(MinecraftServer.java:1744) ~[paper-1.21.10.jar:1.21.10-117-df4b668]
	at net.minecraft.server.MinecraftServer.tickServer(MinecraftServer.java:1618) ~[paper-1.21.10.jar:1.21.10-117-df4b668]
	at net.minecraft.server.dedicated.DedicatedServer.tickServer(DedicatedServer.java:430) ~[paper-1.21.10.jar:1.21.10-117-df4b668]
	at net.minecraft.server.MinecraftServer.runServer(MinecraftServer.java:1338) ~[paper-1.21.10.jar:1.21.10-117-df4b668]
	at net.minecraft.server.MinecraftServer.lambda$spin$2(MinecraftServer.java:384) ~[paper-1.21.10.jar:1.21.10-117-df4b668]
	at java.base/java.lang.Thread.run(Thread.java:1474) ~[?:?]
Caused by: java.lang.IllegalStateException: zip file closed
	at java.base/java.util.zip.ZipFile.ensureOpen(ZipFile.java:826) ~[?:?]
	at java.base/java.util.zip.ZipFile.getEntry(ZipFile.java:290) ~[?:?]
	at java.base/java.util.jar.JarFile.getEntry(JarFile.java:505) ~[?:?]
	at java.base/java.util.jar.JarFile.getJarEntry(JarFile.java:460) ~[?:?]
	at org.bukkit.plugin.java.PluginClassLoader.findClass(PluginClassLoader.java:223) ~[paper-api-1.21.10-R0.1-SNAPSHOT.jar:?]
	... 27 more
[19:04:49] [Server thread/WARN]: [libreforge] Task #674 for libreforge v5.6.0 generated an exception
java.lang.IllegalStateException: The plugin classloader for EcoSkills has thrown a zip file error.
	at org.bukkit.plugin.java.PluginClassLoader.findClass(PluginClassLoader.java:228) ~[paper-api-1.21.10-R0.1-SNAPSHOT.jar:?]
	at java.base/java.lang.ClassLoader.loadClass(ClassLoader.java:557) ~[?:?]
	at org.bukkit.plugin.java.PluginClassLoader.loadClass0(PluginClassLoader.java:180) ~[paper-api-1.21.10-R0.1-SNAPSHOT.jar:?]
	at org.bukkit.plugin.java.PluginClassLoader.loadClass(PluginClassLoader.java:175) ~[paper-api-1.21.10-R0.1-SNAPSHOT.jar:?]
	at java.base/java.lang.ClassLoader.loadClass(ClassLoader.java:490) ~[?:?]
	at EcoSkills v3.67.1.jar/com.willfp.ecoskills.EcoSkillsPlugin$handleEnable$$inlined$registerSpecificHolderProvider$1.provide(HolderProvider.kt:483) ~[EcoSkills v3.67.1.jar:?]
	at libreforge-5.6.0-1780425196418.jar/com.willfp.libreforge.HolderProviderKt.computeHolders(HolderProvider.kt:272) ~[libreforge-5.6.0-1780425196418.jar:?]
	at libreforge-5.6.0-1780425196418.jar/com.willfp.libreforge.HolderProviderKt._get_holders_$lambda$0(HolderProvider.kt:310) ~[libreforge-5.6.0-1780425196418.jar:?]
	at libreforge-5.6.0-1780425196418.jar/com.willfp.libreforge.HolderProviderKt._get_holders_$lambda$1(HolderProvider.kt:310) ~[libreforge-5.6.0-1780425196418.jar:?]
	at com.github.benmanes.caffeine.cache.BoundedLocalCache.lambda$doComputeIfAbsent$0(BoundedLocalCache.java:2707) ~[?:?]
	at java.base/java.util.concurrent.ConcurrentHashMap.compute(ConcurrentHashMap.java:1932) ~[?:?]
	at com.github.benmanes.caffeine.cache.BoundedLocalCache.doComputeIfAbsent(BoundedLocalCache.java:2705) ~[?:?]
	at com.github.benmanes.caffeine.cache.BoundedLocalCache.computeIfAbsent(BoundedLocalCache.java:2686) ~[?:?]
	at com.github.benmanes.caffeine.cache.LocalCache.computeIfAbsent(LocalCache.java:112) ~[?:?]
	at com.github.benmanes.caffeine.cache.LocalManualCache.get(LocalManualCache.java:63) ~[?:?]
	at libreforge-5.6.0-1780425196418.jar/com.willfp.libreforge.HolderProviderKt.getHolders(HolderProvider.kt:310) ~[libreforge-5.6.0-1780425196418.jar:?]
	at libreforge-5.6.0-1780425196418.jar/com.willfp.libreforge.HolderProviderKt.calculateActiveEffects(HolderProvider.kt:367) ~[libreforge-5.6.0-1780425196418.jar:?]
	at libreforge-5.6.0-1780425196418.jar/com.willfp.libreforge.HolderProviderKt.updateEffects(HolderProvider.kt:386) ~[libreforge-5.6.0-1780425196418.jar:?]
	at libreforge-5.6.0-1780425196418.jar/com.willfp.libreforge.HolderProviderKt.pollEffects(HolderProvider.kt:207) ~[libreforge-5.6.0-1780425196418.jar:?]
	at libreforge-5.6.0-1780425196418.jar/com.willfp.libreforge.LibreforgeSpigotPlugin.createTasks$lambda$1(LibreforgeSpigotPlugin.kt:219) ~[libreforge-5.6.0-1780425196418.jar:?]
	at org.bukkit.craftbukkit.scheduler.CraftTask.run(CraftTask.java:78) ~[paper-1.21.10.jar:1.21.10-117-df4b668]
	at org.bukkit.craftbukkit.scheduler.CraftScheduler.mainThreadHeartbeat(CraftScheduler.java:474) ~[paper-1.21.10.jar:1.21.10-117-df4b668]
	at net.minecraft.server.MinecraftServer.tickChildren(MinecraftServer.java:1744) ~[paper-1.21.10.jar:1.21.10-117-df4b668]
	at net.minecraft.server.MinecraftServer.tickServer(MinecraftServer.java:1618) ~[paper-1.21.10.jar:1.21.10-117-df4b668]
	at net.minecraft.server.dedicated.DedicatedServer.tickServer(DedicatedServer.java:430) ~[paper-1.21.10.jar:1.21.10-117-df4b668]
	at net.minecraft.server.MinecraftServer.runServer(MinecraftServer.java:1338) ~[paper-1.21.10.jar:1.21.10-117-df4b668]
	at net.minecraft.server.MinecraftServer.lambda$spin$2(MinecraftServer.java:384) ~[paper-1.21.10.jar:1.21.10-117-df4b668]
	at java.base/java.lang.Thread.run(Thread.java:1474) ~[?:?]
Caused by: java.lang.IllegalStateException: zip file closed
	at java.base/java.util.zip.ZipFile.ensureOpen(ZipFile.java:826) ~[?:?]
	at java.base/java.util.zip.ZipFile.getEntry(ZipFile.java:290) ~[?:?]
	at java.base/java.util.jar.JarFile.getEntry(JarFile.java:505) ~[?:?]
	at java.base/java.util.jar.JarFile.getJarEntry(JarFile.java:460) ~[?:?]
	at org.bukkit.plugin.java.PluginClassLoader.findClass(PluginClassLoader.java:223) ~[paper-api-1.21.10-R0.1-SNAPSHOT.jar:?]
	... 27 more
[19:04:50] [Server thread/WARN]: [libreforge] Task #674 for libreforge v5.6.0 generated an exception
java.lang.IllegalStateException: The plugin classloader for EcoSkills has thrown a zip file error.
	at org.bukkit.plugin.java.PluginClassLoader.findClass(PluginClassLoader.java:228) ~[paper-api-1.21.10-R0.1-SNAPSHOT.jar:?]
	at java.base/java.lang.ClassLoader.loadClass(ClassLoader.java:557) ~[?:?]
	at org.bukkit.plugin.java.PluginClassLoader.loadClass0(PluginClassLoader.java:180) ~[paper-api-1.21.10-R0.1-SNAPSHOT.jar:?]
	at org.bukkit.plugin.java.PluginClassLoader.loadClass(PluginClassLoader.java:175) ~[paper-api-1.21.10-R0.1-SNAPSHOT.jar:?]
	at java.base/java.lang.ClassLoader.loadClass(ClassLoader.java:490) ~[?:?]
	at EcoSkills v3.67.1.jar/com.willfp.ecoskills.EcoSkillsPlugin$handleEnable$$inlined$registerSpecificHolderProvider$1.provide(HolderProvider.kt:483) ~[EcoSkills v3.67.1.jar:?]
	at libreforge-5.6.0-1780425196418.jar/com.willfp.libreforge.HolderProviderKt.computeHolders(HolderProvider.kt:272) ~[libreforge-5.6.0-1780425196418.jar:?]
	at libreforge-5.6.0-1780425196418.jar/com.willfp.libreforge.HolderProviderKt._get_holders_$lambda$0(HolderProvider.kt:310) ~[libreforge-5.6.0-1780425196418.jar:?]
	at libreforge-5.6.0-1780425196418.jar/com.willfp.libreforge.HolderProviderKt._get_holders_$lambda$1(HolderProvider.kt:310) ~[libreforge-5.6.0-1780425196418.jar:?]
	at com.github.benmanes.caffeine.cache.BoundedLocalCache.lambda$doComputeIfAbsent$0(BoundedLocalCache.java:2707) ~[?:?]
	at java.base/java.util.concurrent.ConcurrentHashMap.compute(ConcurrentHashMap.java:1932) ~[?:?]
	at com.github.benmanes.caffeine.cache.BoundedLocalCache.doComputeIfAbsent(BoundedLocalCache.java:2705) ~[?:?]
	at com.github.benmanes.caffeine.cache.BoundedLocalCache.computeIfAbsent(BoundedLocalCache.java:2686) ~[?:?]
	at com.github.benmanes.caffeine.cache.LocalCache.computeIfAbsent(LocalCache.java:112) ~[?:?]
	at com.github.benmanes.caffeine.cache.LocalManualCache.get(LocalManualCache.java:63) ~[?:?]
	at libreforge-5.6.0-1780425196418.jar/com.willfp.libreforge.HolderProviderKt.getHolders(HolderProvider.kt:310) ~[libreforge-5.6.0-1780425196418.jar:?]
	at libreforge-5.6.0-1780425196418.jar/com.willfp.libreforge.HolderProviderKt.calculateActiveEffects(HolderProvider.kt:367) ~[libreforge-5.6.0-1780425196418.jar:?]
	at libreforge-5.6.0-1780425196418.jar/com.willfp.libreforge.HolderProviderKt.updateEffects(HolderProvider.kt:386) ~[libreforge-5.6.0-1780425196418.jar:?]
	at libreforge-5.6.0-1780425196418.jar/com.willfp.libreforge.HolderProviderKt.pollEffects(HolderProvider.kt:207) ~[libreforge-5.6.0-1780425196418.jar:?]
	at libreforge-5.6.0-1780425196418.jar/com.willfp.libreforge.LibreforgeSpigotPlugin.createTasks$lambda$1(LibreforgeSpigotPlugin.kt:219) ~[libreforge-5.6.0-1780425196418.jar:?]
	at org.bukkit.craftbukkit.scheduler.CraftTask.run(CraftTask.java:78) ~[paper-1.21.10.jar:1.21.10-117-df4b668]
	at org.bukkit.craftbukkit.scheduler.CraftScheduler.mainThreadHeartbeat(CraftScheduler.java:474) ~[paper-1.21.10.jar:1.21.10-117-df4b668]
	at net.minecraft.server.MinecraftServer.tickChildren(MinecraftServer.java:1744) ~[paper-1.21.10.jar:1.21.10-117-df4b668]
	at net.minecraft.server.MinecraftServer.tickServer(MinecraftServer.java:1618) ~[paper-1.21.10.jar:1.21.10-117-df4b668]
	at net.minecraft.server.dedicated.DedicatedServer.tickServer(DedicatedServer.java:430) ~[paper-1.21.10.jar:1.21.10-117-df4b668]
	at net.minecraft.server.MinecraftServer.runServer(MinecraftServer.java:1338) ~[paper-1.21.10.jar:1.21.10-117-df4b668]
	at net.minecraft.server.MinecraftServer.lambda$spin$2(MinecraftServer.java:384) ~[paper-1.21.10.jar:1.21.10-117-df4b668]
	at java.base/java.lang.Thread.run(Thread.java:1474) ~[?:?]
Caused by: java.lang.IllegalStateException: zip file closed
	at java.base/java.util.zip.ZipFile.ensureOpen(ZipFile.java:826) ~[?:?]
	at java.base/java.util.zip.ZipFile.getEntry(ZipFile.java:290) ~[?:?]
	at java.base/java.util.jar.JarFile.getEntry(JarFile.java:505) ~[?:?]
	at java.base/java.util.jar.JarFile.getJarEntry(JarFile.java:460) ~[?:?]
	at org.bukkit.plugin.java.PluginClassLoader.findClass(PluginClassLoader.java:223) ~[paper-api-1.21.10-R0.1-SNAPSHOT.jar:?]
	... 27 more
[19:04:51] [Server thread/WARN]: [libreforge] Task #674 for libreforge v5.6.0 generated an exception
java.lang.IllegalStateException: The plugin classloader for EcoSkills has thrown a zip file error.
	at org.bukkit.plugin.java.PluginClassLoader.findClass(PluginClassLoader.java:228) ~[paper-api-1.21.10-R0.1-SNAPSHOT.jar:?]
	at java.base/java.lang.ClassLoader.loadClass(ClassLoader.java:557) ~[?:?]
	at org.bukkit.plugin.java.PluginClassLoader.loadClass0(PluginClassLoader.java:180) ~[paper-api-1.21.10-R0.1-SNAPSHOT.jar:?]
	at org.bukkit.plugin.java.PluginClassLoader.loadClass(PluginClassLoader.java:175) ~[paper-api-1.21.10-R0.1-SNAPSHOT.jar:?]
	at java.base/java.lang.ClassLoader.loadClass(ClassLoader.java:490) ~[?:?]
	at EcoSkills v3.67.1.jar/com.willfp.ecoskills.EcoSkillsPlugin$handleEnable$$inlined$registerSpecificHolderProvider$1.provide(HolderProvider.kt:483) ~[EcoSkills v3.67.1.jar:?]
	at libreforge-5.6.0-1780425196418.jar/com.willfp.libreforge.HolderProviderKt.computeHolders(HolderProvider.kt:272) ~[libreforge-5.6.0-1780425196418.jar:?]
	at libreforge-5.6.0-1780425196418.jar/com.willfp.libreforge.HolderProviderKt._get_holders_$lambda$0(HolderProvider.kt:310) ~[libreforge-5.6.0-1780425196418.jar:?]
	at libreforge-5.6.0-1780425196418.jar/com.willfp.libreforge.HolderProviderKt._get_holders_$lambda$1(HolderProvider.kt:310) ~[libreforge-5.6.0-1780425196418.jar:?]
	at com.github.benmanes.caffeine.cache.BoundedLocalCache.lambda$doComputeIfAbsent$0(BoundedLocalCache.java:2707) ~[?:?]
	at java.base/java.util.concurrent.ConcurrentHashMap.compute(ConcurrentHashMap.java:1932) ~[?:?]
	at com.github.benmanes.caffeine.cache.BoundedLocalCache.doComputeIfAbsent(BoundedLocalCache.java:2705) ~[?:?]
	at com.github.benmanes.caffeine.cache.BoundedLocalCache.computeIfAbsent(BoundedLocalCache.java:2686) ~[?:?]
	at com.github.benmanes.caffeine.cache.LocalCache.computeIfAbsent(LocalCache.java:112) ~[?:?]
	at com.github.benmanes.caffeine.cache.LocalManualCache.get(LocalManualCache.java:63) ~[?:?]
	at libreforge-5.6.0-1780425196418.jar/com.willfp.libreforge.HolderProviderKt.getHolders(HolderProvider.kt:310) ~[libreforge-5.6.0-1780425196418.jar:?]
	at libreforge-5.6.0-1780425196418.jar/com.willfp.libreforge.HolderProviderKt.calculateActiveEffects(HolderProvider.kt:367) ~[libreforge-5.6.0-1780425196418.jar:?]
	at libreforge-5.6.0-1780425196418.jar/com.willfp.libreforge.HolderProviderKt.updateEffects(HolderProvider.kt:386) ~[libreforge-5.6.0-1780425196418.jar:?]
	at libreforge-5.6.0-1780425196418.jar/com.willfp.libreforge.HolderProviderKt.pollEffects(HolderProvider.kt:207) ~[libreforge-5.6.0-1780425196418.jar:?]
	at libreforge-5.6.0-1780425196418.jar/com.willfp.libreforge.LibreforgeSpigotPlugin.createTasks$lambda$1(LibreforgeSpigotPlugin.kt:219) ~[libreforge-5.6.0-1780425196418.jar:?]
	at org.bukkit.craftbukkit.scheduler.CraftTask.run(CraftTask.java:78) ~[paper-1.21.10.jar:1.21.10-117-df4b668]
	at org.bukkit.craftbukkit.scheduler.CraftScheduler.mainThreadHeartbeat(CraftScheduler.java:474) ~[paper-1.21.10.jar:1.21.10-117-df4b668]
	at net.minecraft.server.MinecraftServer.tickChildren(MinecraftServer.java:1744) ~[paper-1.21.10.jar:1.21.10-117-df4b668]
	at net.minecraft.server.MinecraftServer.tickServer(MinecraftServer.java:1618) ~[paper-1.21.10.jar:1.21.10-117-df4b668]
	at net.minecraft.server.dedicated.DedicatedServer.tickServer(DedicatedServer.java:430) ~[paper-1.21.10.jar:1.21.10-117-df4b668]
	at net.minecraft.server.MinecraftServer.runServer(MinecraftServer.java:1338) ~[paper-1.21.10.jar:1.21.10-117-df4b668]
	at net.minecraft.server.MinecraftServer.lambda$spin$2(MinecraftServer.java:384) ~[paper-1.21.10.jar:1.21.10-117-df4b668]
	at java.base/java.lang.Thread.run(Thread.java:1474) ~[?:?]
Caused by: java.lang.IllegalStateException: zip file closed
	at java.base/java.util.zip.ZipFile.ensureOpen(ZipFile.java:826) ~[?:?]
	at java.base/java.util.zip.ZipFile.getEntry(ZipFile.java:290) ~[?:?]
	at java.base/java.util.jar.JarFile.getEntry(JarFile.java:505) ~[?:?]
	at java.base/java.util.jar.JarFile.getJarEntry(JarFile.java:460) ~[?:?]
	at org.bukkit.plugin.java.PluginClassLoader.findClass(PluginClassLoader.java:223) ~[paper-api-1.21.10-R0.1-SNAPSHOT.jar:?]
	... 27 more
[19:04:52] [Server thread/WARN]: [libreforge] Task #674 for libreforge v5.6.0 generated an exception
java.lang.IllegalStateException: The plugin classloader for EcoSkills has thrown a zip file error.
	at org.bukkit.plugin.java.PluginClassLoader.findClass(PluginClassLoader.java:228) ~[paper-api-1.21.10-R0.1-SNAPSHOT.jar:?]
	at java.base/java.lang.ClassLoader.loadClass(ClassLoader.java:557) ~[?:?]
	at org.bukkit.plugin.java.PluginClassLoader.loadClass0(PluginClassLoader.java:180) ~[paper-api-1.21.10-R0.1-SNAPSHOT.jar:?]
	at org.bukkit.plugin.java.PluginClassLoader.loadClass(PluginClassLoader.java:175) ~[paper-api-1.21.10-R0.1-SNAPSHOT.jar:?]
	at java.base/java.lang.ClassLoader.loadClass(ClassLoader.java:490) ~[?:?]
	at EcoSkills v3.67.1.jar/com.willfp.ecoskills.EcoSkillsPlugin$handleEnable$$inlined$registerSpecificHolderProvider$1.provide(HolderProvider.kt:483) ~[EcoSkills v3.67.1.jar:?]
	at libreforge-5.6.0-1780425196418.jar/com.willfp.libreforge.HolderProviderKt.computeHolders(HolderProvider.kt:272) ~[libreforge-5.6.0-1780425196418.jar:?]
	at libreforge-5.6.0-1780425196418.jar/com.willfp.libreforge.HolderProviderKt._get_holders_$lambda$0(HolderProvider.kt:310) ~[libreforge-5.6.0-1780425196418.jar:?]
	at libreforge-5.6.0-1780425196418.jar/com.willfp.libreforge.HolderProviderKt._get_holders_$lambda$1(HolderProvider.kt:310) ~[libreforge-5.6.0-1780425196418.jar:?]
	at com.github.benmanes.caffeine.cache.BoundedLocalCache.lambda$doComputeIfAbsent$0(BoundedLocalCache.java:2707) ~[?:?]
	at java.base/java.util.concurrent.ConcurrentHashMap.compute(ConcurrentHashMap.java:1932) ~[?:?]
	at com.github.benmanes.caffeine.cache.BoundedLocalCache.doComputeIfAbsent(BoundedLocalCache.java:2705) ~[?:?]
	at com.github.benmanes.caffeine.cache.BoundedLocalCache.computeIfAbsent(BoundedLocalCache.java:2686) ~[?:?]
	at com.github.benmanes.caffeine.cache.LocalCache.computeIfAbsent(LocalCache.java:112) ~[?:?]
	at com.github.benmanes.caffeine.cache.LocalManualCache.get(LocalManualCache.java:63) ~[?:?]
	at libreforge-5.6.0-1780425196418.jar/com.willfp.libreforge.HolderProviderKt.getHolders(HolderProvider.kt:310) ~[libreforge-5.6.0-1780425196418.jar:?]
	at libreforge-5.6.0-1780425196418.jar/com.willfp.libreforge.HolderProviderKt.calculateActiveEffects(HolderProvider.kt:367) ~[libreforge-5.6.0-1780425196418.jar:?]
	at libreforge-5.6.0-1780425196418.jar/com.willfp.libreforge.HolderProviderKt.updateEffects(HolderProvider.kt:386) ~[libreforge-5.6.0-1780425196418.jar:?]
	at libreforge-5.6.0-1780425196418.jar/com.willfp.libreforge.HolderProviderKt.pollEffects(HolderProvider.kt:207) ~[libreforge-5.6.0-1780425196418.jar:?]
	at libreforge-5.6.0-1780425196418.jar/com.willfp.libreforge.LibreforgeSpigotPlugin.createTasks$lambda$1(LibreforgeSpigotPlugin.kt:219) ~[libreforge-5.6.0-1780425196418.jar:?]
	at org.bukkit.craftbukkit.scheduler.CraftTask.run(CraftTask.java:78) ~[paper-1.21.10.jar:1.21.10-117-df4b668]
	at org.bukkit.craftbukkit.scheduler.CraftScheduler.mainThreadHeartbeat(CraftScheduler.java:474) ~[paper-1.21.10.jar:1.21.10-117-df4b668]
	at net.minecraft.server.MinecraftServer.tickChildren(MinecraftServer.java:1744) ~[paper-1.21.10.jar:1.21.10-117-df4b668]
	at net.minecraft.server.MinecraftServer.tickServer(MinecraftServer.java:1618) ~[paper-1.21.10.jar:1.21.10-117-df4b668]
	at net.minecraft.server.dedicated.DedicatedServer.tickServer(DedicatedServer.java:430) ~[paper-1.21.10.jar:1.21.10-117-df4b668]
	at net.minecraft.server.MinecraftServer.runServer(MinecraftServer.java:1338) ~[paper-1.21.10.jar:1.21.10-117-df4b668]
	at net.minecraft.server.MinecraftServer.lambda$spin$2(MinecraftServer.java:384) ~[paper-1.21.10.jar:1.21.10-117-df4b668]
	at java.base/java.lang.Thread.run(Thread.java:1474) ~[?:?]
Caused by: java.lang.IllegalStateException: zip file closed
	at java.base/java.util.zip.ZipFile.ensureOpen(ZipFile.java:826) ~[?:?]
	at java.base/java.util.zip.ZipFile.getEntry(ZipFile.java:290) ~[?:?]
	at java.base/java.util.jar.JarFile.getEntry(JarFile.java:505) ~[?:?]
	at java.base/java.util.jar.JarFile.getJarEntry(JarFile.java:460) ~[?:?]
	at org.bukkit.plugin.java.PluginClassLoader.findClass(PluginClassLoader.java:223) ~[paper-api-1.21.10-R0.1-SNAPSHOT.jar:?]
	... 27 more
[19:04:53] [Server thread/WARN]: [libreforge] Task #674 for libreforge v5.6.0 generated an exception
java.lang.IllegalStateException: The plugin classloader for EcoSkills has thrown a zip file error.
	at org.bukkit.plugin.java.PluginClassLoader.findClass(PluginClassLoader.java:228) ~[paper-api-1.21.10-R0.1-SNAPSHOT.jar:?]
	at java.base/java.lang.ClassLoader.loadClass(ClassLoader.java:557) ~[?:?]
	at org.bukkit.plugin.java.PluginClassLoader.loadClass0(PluginClassLoader.java:180) ~[paper-api-1.21.10-R0.1-SNAPSHOT.jar:?]
	at org.bukkit.plugin.java.PluginClassLoader.loadClass(PluginClassLoader.java:175) ~[paper-api-1.21.10-R0.1-SNAPSHOT.jar:?]
	at java.base/java.lang.ClassLoader.loadClass(ClassLoader.java:490) ~[?:?]
	at EcoSkills v3.67.1.jar/com.willfp.ecoskills.EcoSkillsPlugin$handleEnable$$inlined$registerSpecificHolderProvider$1.provide(HolderProvider.kt:483) ~[EcoSkills v3.67.1.jar:?]
	at libreforge-5.6.0-1780425196418.jar/com.willfp.libreforge.HolderProviderKt.computeHolders(HolderProvider.kt:272) ~[libreforge-5.6.0-1780425196418.jar:?]
	at libreforge-5.6.0-1780425196418.jar/com.willfp.libreforge.HolderProviderKt._get_holders_$lambda$0(HolderProvider.kt:310) ~[libreforge-5.6.0-1780425196418.jar:?]
	at libreforge-5.6.0-1780425196418.jar/com.willfp.libreforge.HolderProviderKt._get_holders_$lambda$1(HolderProvider.kt:310) ~[libreforge-5.6.0-1780425196418.jar:?]
	at com.github.benmanes.caffeine.cache.BoundedLocalCache.lambda$doComputeIfAbsent$0(BoundedLocalCache.java:2707) ~[?:?]
	at java.base/java.util.concurrent.ConcurrentHashMap.compute(ConcurrentHashMap.java:1932) ~[?:?]
	at com.github.benmanes.caffeine.cache.BoundedLocalCache.doComputeIfAbsent(BoundedLocalCache.java:2705) ~[?:?]
	at com.github.benmanes.caffeine.cache.BoundedLocalCache.computeIfAbsent(BoundedLocalCache.java:2686) ~[?:?]
	at com.github.benmanes.caffeine.cache.LocalCache.computeIfAbsent(LocalCache.java:112) ~[?:?]
	at com.github.benmanes.caffeine.cache.LocalManualCache.get(LocalManualCache.java:63) ~[?:?]
	at libreforge-5.6.0-1780425196418.jar/com.willfp.libreforge.HolderProviderKt.getHolders(HolderProvider.kt:310) ~[libreforge-5.6.0-1780425196418.jar:?]
	at libreforge-5.6.0-1780425196418.jar/com.willfp.libreforge.HolderProviderKt.calculateActiveEffects(HolderProvider.kt:367) ~[libreforge-5.6.0-1780425196418.jar:?]
	at libreforge-5.6.0-1780425196418.jar/com.willfp.libreforge.HolderProviderKt.updateEffects(HolderProvider.kt:386) ~[libreforge-5.6.0-1780425196418.jar:?]
	at libreforge-5.6.0-1780425196418.jar/com.willfp.libreforge.HolderProviderKt.pollEffects(HolderProvider.kt:207) ~[libreforge-5.6.0-1780425196418.jar:?]
	at libreforge-5.6.0-1780425196418.jar/com.willfp.libreforge.LibreforgeSpigotPlugin.createTasks$lambda$1(LibreforgeSpigotPlugin.kt:219) ~[libreforge-5.6.0-1780425196418.jar:?]
	at org.bukkit.craftbukkit.scheduler.CraftTask.run(CraftTask.java:78) ~[paper-1.21.10.jar:1.21.10-117-df4b668]
	at org.bukkit.craftbukkit.scheduler.CraftScheduler.mainThreadHeartbeat(CraftScheduler.java:474) ~[paper-1.21.10.jar:1.21.10-117-df4b668]
	at net.minecraft.server.MinecraftServer.tickChildren(MinecraftServer.java:1744) ~[paper-1.21.10.jar:1.21.10-117-df4b668]
	at net.minecraft.server.MinecraftServer.tickServer(MinecraftServer.java:1618) ~[paper-1.21.10.jar:1.21.10-117-df4b668]
	at net.minecraft.server.dedicated.DedicatedServer.tickServer(DedicatedServer.java:430) ~[paper-1.21.10.jar:1.21.10-117-df4b668]
	at net.minecraft.server.MinecraftServer.runServer(MinecraftServer.java:1338) ~[paper-1.21.10.jar:1.21.10-117-df4b668]
	at net.minecraft.server.MinecraftServer.lambda$spin$2(MinecraftServer.java:384) ~[paper-1.21.10.jar:1.21.10-117-df4b668]
	at java.base/java.lang.Thread.run(Thread.java:1474) ~[?:?]
Caused by: java.lang.IllegalStateException: zip file closed
	at java.base/java.util.zip.ZipFile.ensureOpen(ZipFile.java:826) ~[?:?]
	at java.base/java.util.zip.ZipFile.getEntry(ZipFile.java:290) ~[?:?]
	at java.base/java.util.jar.JarFile.getEntry(JarFile.java:505) ~[?:?]
	at java.base/java.util.jar.JarFile.getJarEntry(JarFile.java:460) ~[?:?]
	at org.bukkit.plugin.java.PluginClassLoader.findClass(PluginClassLoader.java:223) ~[paper-api-1.21.10-R0.1-SNAPSHOT.jar:?]
	... 27 more
[19:04:54] [Server thread/WARN]: [libreforge] Task #674 for libreforge v5.6.0 generated an exception
java.lang.IllegalStateException: The plugin classloader for EcoSkills has thrown a zip file error.
	at org.bukkit.plugin.java.PluginClassLoader.findClass(PluginClassLoader.java:228) ~[paper-api-1.21.10-R0.1-SNAPSHOT.jar:?]
	at java.base/java.lang.ClassLoader.loadClass(ClassLoader.java:557) ~[?:?]
	at org.bukkit.plugin.java.PluginClassLoader.loadClass0(PluginClassLoader.java:180) ~[paper-api-1.21.10-R0.1-SNAPSHOT.jar:?]
	at org.bukkit.plugin.java.PluginClassLoader.loadClass(PluginClassLoader.java:175) ~[paper-api-1.21.10-R0.1-SNAPSHOT.jar:?]
	at java.base/java.lang.ClassLoader.loadClass(ClassLoader.java:490) ~[?:?]
	at EcoSkills v3.67.1.jar/com.willfp.ecoskills.EcoSkillsPlugin$handleEnable$$inlined$registerSpecificHolderProvider$1.provide(HolderProvider.kt:483) ~[EcoSkills v3.67.1.jar:?]
	at libreforge-5.6.0-1780425196418.jar/com.willfp.libreforge.HolderProviderKt.computeHolders(HolderProvider.kt:272) ~[libreforge-5.6.0-1780425196418.jar:?]
	at libreforge-5.6.0-1780425196418.jar/com.willfp.libreforge.HolderProviderKt._get_holders_$lambda$0(HolderProvider.kt:310) ~[libreforge-5.6.0-1780425196418.jar:?]
	at libreforge-5.6.0-1780425196418.jar/com.willfp.libreforge.HolderProviderKt._get_holders_$lambda$1(HolderProvider.kt:310) ~[libreforge-5.6.0-1780425196418.jar:?]
	at com.github.benmanes.caffeine.cache.BoundedLocalCache.lambda$doComputeIfAbsent$0(BoundedLocalCache.java:2707) ~[?:?]
	at java.base/java.util.concurrent.ConcurrentHashMap.compute(ConcurrentHashMap.java:1932) ~[?:?]
	at com.github.benmanes.caffeine.cache.BoundedLocalCache.doComputeIfAbsent(BoundedLocalCache.java:2705) ~[?:?]
	at com.github.benmanes.caffeine.cache.BoundedLocalCache.computeIfAbsent(BoundedLocalCache.java:2686) ~[?:?]
	at com.github.benmanes.caffeine.cache.LocalCache.computeIfAbsent(LocalCache.java:112) ~[?:?]
	at com.github.benmanes.caffeine.cache.LocalManualCache.get(LocalManualCache.java:63) ~[?:?]
	at libreforge-5.6.0-1780425196418.jar/com.willfp.libreforge.HolderProviderKt.getHolders(HolderProvider.kt:310) ~[libreforge-5.6.0-1780425196418.jar:?]
	at libreforge-5.6.0-1780425196418.jar/com.willfp.libreforge.HolderProviderKt.calculateActiveEffects(HolderProvider.kt:367) ~[libreforge-5.6.0-1780425196418.jar:?]
	at libreforge-5.6.0-1780425196418.jar/com.willfp.libreforge.HolderProviderKt.updateEffects(HolderProvider.kt:386) ~[libreforge-5.6.0-1780425196418.jar:?]
	at libreforge-5.6.0-1780425196418.jar/com.willfp.libreforge.HolderProviderKt.pollEffects(HolderProvider.kt:207) ~[libreforge-5.6.0-1780425196418.jar:?]
	at libreforge-5.6.0-1780425196418.jar/com.willfp.libreforge.LibreforgeSpigotPlugin.createTasks$lambda$1(LibreforgeSpigotPlugin.kt:219) ~[libreforge-5.6.0-1780425196418.jar:?]
	at org.bukkit.craftbukkit.scheduler.CraftTask.run(CraftTask.java:78) ~[paper-1.21.10.jar:1.21.10-117-df4b668]
	at org.bukkit.craftbukkit.scheduler.CraftScheduler.mainThreadHeartbeat(CraftScheduler.java:474) ~[paper-1.21.10.jar:1.21.10-117-df4b668]
	at net.minecraft.server.MinecraftServer.tickChildren(MinecraftServer.java:1744) ~[paper-1.21.10.jar:1.21.10-117-df4b668]
	at net.minecraft.server.MinecraftServer.tickServer(MinecraftServer.java:1618) ~[paper-1.21.10.jar:1.21.10-117-df4b668]
	at net.minecraft.server.dedicated.DedicatedServer.tickServer(DedicatedServer.java:430) ~[paper-1.21.10.jar:1.21.10-117-df4b668]
	at net.minecraft.server.MinecraftServer.runServer(MinecraftServer.java:1338) ~[paper-1.21.10.jar:1.21.10-117-df4b668]
	at net.minecraft.server.MinecraftServer.lambda$spin$2(MinecraftServer.java:384) ~[paper-1.21.10.jar:1.21.10-117-df4b668]
	at java.base/java.lang.Thread.run(Thread.java:1474) ~[?:?]
Caused by: java.lang.IllegalStateException: zip file closed
	at java.base/java.util.zip.ZipFile.ensureOpen(ZipFile.java:826) ~[?:?]
	at java.base/java.util.zip.ZipFile.getEntry(ZipFile.java:290) ~[?:?]
	at java.base/java.util.jar.JarFile.getEntry(JarFile.java:505) ~[?:?]
	at java.base/java.util.jar.JarFile.getJarEntry(JarFile.java:460) ~[?:?]
	at org.bukkit.plugin.java.PluginClassLoader.findClass(PluginClassLoader.java:223) ~[paper-api-1.21.10-R0.1-SNAPSHOT.jar:?]
	... 27 more
[19:04:55] [Server thread/WARN]: [libreforge] Task #674 for libreforge v5.6.0 generated an exception
java.lang.IllegalStateException: The plugin classloader for EcoSkills has thrown a zip file error.
	at org.bukkit.plugin.java.PluginClassLoader.findClass(PluginClassLoader.java:228) ~[paper-api-1.21.10-R0.1-SNAPSHOT.jar:?]
	at java.base/java.lang.ClassLoader.loadClass(ClassLoader.java:557) ~[?:?]
	at org.bukkit.plugin.java.PluginClassLoader.loadClass0(PluginClassLoader.java:180) ~[paper-api-1.21.10-R0.1-SNAPSHOT.jar:?]
	at org.bukkit.plugin.java.PluginClassLoader.loadClass(PluginClassLoader.java:175) ~[paper-api-1.21.10-R0.1-SNAPSHOT.jar:?]
	at java.base/java.lang.ClassLoader.loadClass(ClassLoader.java:490) ~[?:?]
	at EcoSkills v3.67.1.jar/com.willfp.ecoskills.EcoSkillsPlugin$handleEnable$$inlined$registerSpecificHolderProvider$1.provide(HolderProvider.kt:483) ~[EcoSkills v3.67.1.jar:?]
	at libreforge-5.6.0-1780425196418.jar/com.willfp.libreforge.HolderProviderKt.computeHolders(HolderProvider.kt:272) ~[libreforge-5.6.0-1780425196418.jar:?]
	at libreforge-5.6.0-1780425196418.jar/com.willfp.libreforge.HolderProviderKt._get_holders_$lambda$0(HolderProvider.kt:310) ~[libreforge-5.6.0-1780425196418.jar:?]
	at libreforge-5.6.0-1780425196418.jar/com.willfp.libreforge.HolderProviderKt._get_holders_$lambda$1(HolderProvider.kt:310) ~[libreforge-5.6.0-1780425196418.jar:?]
	at com.github.benmanes.caffeine.cache.BoundedLocalCache.lambda$doComputeIfAbsent$0(BoundedLocalCache.java:2707) ~[?:?]
	at java.base/java.util.concurrent.ConcurrentHashMap.compute(ConcurrentHashMap.java:1932) ~[?:?]
	at com.github.benmanes.caffeine.cache.BoundedLocalCache.doComputeIfAbsent(BoundedLocalCache.java:2705) ~[?:?]
	at com.github.benmanes.caffeine.cache.BoundedLocalCache.computeIfAbsent(BoundedLocalCache.java:2686) ~[?:?]
	at com.github.benmanes.caffeine.cache.LocalCache.computeIfAbsent(LocalCache.java:112) ~[?:?]
	at com.github.benmanes.caffeine.cache.LocalManualCache.get(LocalManualCache.java:63) ~[?:?]
	at libreforge-5.6.0-1780425196418.jar/com.willfp.libreforge.HolderProviderKt.getHolders(HolderProvider.kt:310) ~[libreforge-5.6.0-1780425196418.jar:?]
	at libreforge-5.6.0-1780425196418.jar/com.willfp.libreforge.HolderProviderKt.calculateActiveEffects(HolderProvider.kt:367) ~[libreforge-5.6.0-1780425196418.jar:?]
	at libreforge-5.6.0-1780425196418.jar/com.willfp.libreforge.HolderProviderKt.updateEffects(HolderProvider.kt:386) ~[libreforge-5.6.0-1780425196418.jar:?]
	at libreforge-5.6.0-1780425196418.jar/com.willfp.libreforge.HolderProviderKt.pollEffects(HolderProvider.kt:207) ~[libreforge-5.6.0-1780425196418.jar:?]
	at libreforge-5.6.0-1780425196418.jar/com.willfp.libreforge.LibreforgeSpigotPlugin.createTasks$lambda$1(LibreforgeSpigotPlugin.kt:219) ~[libreforge-5.6.0-1780425196418.jar:?]
	at org.bukkit.craftbukkit.scheduler.CraftTask.run(CraftTask.java:78) ~[paper-1.21.10.jar:1.21.10-117-df4b668]
	at org.bukkit.craftbukkit.scheduler.CraftScheduler.mainThreadHeartbeat(CraftScheduler.java:474) ~[paper-1.21.10.jar:1.21.10-117-df4b668]
	at net.minecraft.server.MinecraftServer.tickChildren(MinecraftServer.java:1744) ~[paper-1.21.10.jar:1.21.10-117-df4b668]
	at net.minecraft.server.MinecraftServer.tickServer(MinecraftServer.java:1618) ~[paper-1.21.10.jar:1.21.10-117-df4b668]
	at net.minecraft.server.dedicated.DedicatedServer.tickServer(DedicatedServer.java:430) ~[paper-1.21.10.jar:1.21.10-117-df4b668]
	at net.minecraft.server.MinecraftServer.runServer(MinecraftServer.java:1338) ~[paper-1.21.10.jar:1.21.10-117-df4b668]
	at net.minecraft.server.MinecraftServer.lambda$spin$2(MinecraftServer.java:384) ~[paper-1.21.10.jar:1.21.10-117-df4b668]
	at java.base/java.lang.Thread.run(Thread.java:1474) ~[?:?]
Caused by: java.lang.IllegalStateException: zip file closed
	at java.base/java.util.zip.ZipFile.ensureOpen(ZipFile.java:826) ~[?:?]
	at java.base/java.util.zip.ZipFile.getEntry(ZipFile.java:290) ~[?:?]
	at java.base/java.util.jar.JarFile.getEntry(JarFile.java:505) ~[?:?]
	at java.base/java.util.jar.JarFile.getJarEntry(JarFile.java:460) ~[?:?]
	at org.bukkit.plugin.java.PluginClassLoader.findClass(PluginClassLoader.java:223) ~[paper-api-1.21.10-R0.1-SNAPSHOT.jar:?]
	... 27 more
[19:04:56] [Server thread/WARN]: [libreforge] Task #674 for libreforge v5.6.0 generated an exception
java.lang.IllegalStateException: The plugin classloader for EcoSkills has thrown a zip file error.
	at org.bukkit.plugin.java.PluginClassLoader.findClass(PluginClassLoader.java:228) ~[paper-api-1.21.10-R0.1-SNAPSHOT.jar:?]
	at java.base/java.lang.ClassLoader.loadClass(ClassLoader.java:557) ~[?:?]
	at org.bukkit.plugin.java.PluginClassLoader.loadClass0(PluginClassLoader.java:180) ~[paper-api-1.21.10-R0.1-SNAPSHOT.jar:?]
	at org.bukkit.plugin.java.PluginClassLoader.loadClass(PluginClassLoader.java:175) ~[paper-api-1.21.10-R0.1-SNAPSHOT.jar:?]
	at java.base/java.lang.ClassLoader.loadClass(ClassLoader.java:490) ~[?:?]
	at EcoSkills v3.67.1.jar/com.willfp.ecoskills.EcoSkillsPlugin$handleEnable$$inlined$registerSpecificHolderProvider$1.provide(HolderProvider.kt:483) ~[EcoSkills v3.67.1.jar:?]
	at libreforge-5.6.0-1780425196418.jar/com.willfp.libreforge.HolderProviderKt.computeHolders(HolderProvider.kt:272) ~[libreforge-5.6.0-1780425196418.jar:?]
	at libreforge-5.6.0-1780425196418.jar/com.willfp.libreforge.HolderProviderKt._get_holders_$lambda$0(HolderProvider.kt:310) ~[libreforge-5.6.0-1780425196418.jar:?]
	at libreforge-5.6.0-1780425196418.jar/com.willfp.libreforge.HolderProviderKt._get_holders_$lambda$1(HolderProvider.kt:310) ~[libreforge-5.6.0-1780425196418.jar:?]
	at com.github.benmanes.caffeine.cache.BoundedLocalCache.lambda$doComputeIfAbsent$0(BoundedLocalCache.java:2707) ~[?:?]
	at java.base/java.util.concurrent.ConcurrentHashMap.compute(ConcurrentHashMap.java:1932) ~[?:?]
	at com.github.benmanes.caffeine.cache.BoundedLocalCache.doComputeIfAbsent(BoundedLocalCache.java:2705) ~[?:?]
	at com.github.benmanes.caffeine.cache.BoundedLocalCache.computeIfAbsent(BoundedLocalCache.java:2686) ~[?:?]
	at com.github.benmanes.caffeine.cache.LocalCache.computeIfAbsent(LocalCache.java:112) ~[?:?]
	at com.github.benmanes.caffeine.cache.LocalManualCache.get(LocalManualCache.java:63) ~[?:?]
	at libreforge-5.6.0-1780425196418.jar/com.willfp.libreforge.HolderProviderKt.getHolders(HolderProvider.kt:310) ~[libreforge-5.6.0-1780425196418.jar:?]
	at libreforge-5.6.0-1780425196418.jar/com.willfp.libreforge.HolderProviderKt.calculateActiveEffects(HolderProvider.kt:367) ~[libreforge-5.6.0-1780425196418.jar:?]
	at libreforge-5.6.0-1780425196418.jar/com.willfp.libreforge.HolderProviderKt.updateEffects(HolderProvider.kt:386) ~[libreforge-5.6.0-1780425196418.jar:?]
	at libreforge-5.6.0-1780425196418.jar/com.willfp.libreforge.HolderProviderKt.pollEffects(HolderProvider.kt:207) ~[libreforge-5.6.0-1780425196418.jar:?]
	at libreforge-5.6.0-1780425196418.jar/com.willfp.libreforge.LibreforgeSpigotPlugin.createTasks$lambda$1(LibreforgeSpigotPlugin.kt:219) ~[libreforge-5.6.0-1780425196418.jar:?]
	at org.bukkit.craftbukkit.scheduler.CraftTask.run(CraftTask.java:78) ~[paper-1.21.10.jar:1.21.10-117-df4b668]
	at org.bukkit.craftbukkit.scheduler.CraftScheduler.mainThreadHeartbeat(CraftScheduler.java:474) ~[paper-1.21.10.jar:1.21.10-117-df4b668]
	at net.minecraft.server.MinecraftServer.tickChildren(MinecraftServer.java:1744) ~[paper-1.21.10.jar:1.21.10-117-df4b668]
	at net.minecraft.server.MinecraftServer.tickServer(MinecraftServer.java:1618) ~[paper-1.21.10.jar:1.21.10-117-df4b668]
	at net.minecraft.server.dedicated.DedicatedServer.tickServer(DedicatedServer.java:430) ~[paper-1.21.10.jar:1.21.10-117-df4b668]
	at net.minecraft.server.MinecraftServer.runServer(MinecraftServer.java:1338) ~[paper-1.21.10.jar:1.21.10-117-df4b668]
	at net.minecraft.server.MinecraftServer.lambda$spin$2(MinecraftServer.java:384) ~[paper-1.21.10.jar:1.21.10-117-df4b668]
	at java.base/java.lang.Thread.run(Thread.java:1474) ~[?:?]
Caused by: java.lang.IllegalStateException: zip file closed
	at java.base/java.util.zip.ZipFile.ensureOpen(ZipFile.java:826) ~[?:?]
	at java.base/java.util.zip.ZipFile.getEntry(ZipFile.java:290) ~[?:?]
	at java.base/java.util.jar.JarFile.getEntry(JarFile.java:505) ~[?:?]
	at java.base/java.util.jar.JarFile.getJarEntry(JarFile.java:460) ~[?:?]
	at org.bukkit.plugin.java.PluginClassLoader.findClass(PluginClassLoader.java:223) ~[paper-api-1.21.10-R0.1-SNAPSHOT.jar:?]
	... 27 more
[19:04:57] [Server thread/WARN]: [libreforge] Task #674 for libreforge v5.6.0 generated an exception
java.lang.IllegalStateException: The plugin classloader for EcoSkills has thrown a zip file error.
	at org.bukkit.plugin.java.PluginClassLoader.findClass(PluginClassLoader.java:228) ~[paper-api-1.21.10-R0.1-SNAPSHOT.jar:?]
	at java.base/java.lang.ClassLoader.loadClass(ClassLoader.java:557) ~[?:?]
	at org.bukkit.plugin.java.PluginClassLoader.loadClass0(PluginClassLoader.java:180) ~[paper-api-1.21.10-R0.1-SNAPSHOT.jar:?]
	at org.bukkit.plugin.java.PluginClassLoader.loadClass(PluginClassLoader.java:175) ~[paper-api-1.21.10-R0.1-SNAPSHOT.jar:?]
	at java.base/java.lang.ClassLoader.loadClass(ClassLoader.java:490) ~[?:?]
	at EcoSkills v3.67.1.jar/com.willfp.ecoskills.EcoSkillsPlugin$handleEnable$$inlined$registerSpecificHolderProvider$1.provide(HolderProvider.kt:483) ~[EcoSkills v3.67.1.jar:?]
	at libreforge-5.6.0-1780425196418.jar/com.willfp.libreforge.HolderProviderKt.computeHolders(HolderProvider.kt:272) ~[libreforge-5.6.0-1780425196418.jar:?]
	at libreforge-5.6.0-1780425196418.jar/com.willfp.libreforge.HolderProviderKt._get_holders_$lambda$0(HolderProvider.kt:310) ~[libreforge-5.6.0-1780425196418.jar:?]
	at libreforge-5.6.0-1780425196418.jar/com.willfp.libreforge.HolderProviderKt._get_holders_$lambda$1(HolderProvider.kt:310) ~[libreforge-5.6.0-1780425196418.jar:?]
	at com.github.benmanes.caffeine.cache.BoundedLocalCache.lambda$doComputeIfAbsent$0(BoundedLocalCache.java:2707) ~[?:?]
	at java.base/java.util.concurrent.ConcurrentHashMap.compute(ConcurrentHashMap.java:1932) ~[?:?]
	at com.github.benmanes.caffeine.cache.BoundedLocalCache.doComputeIfAbsent(BoundedLocalCache.java:2705) ~[?:?]
	at com.github.benmanes.caffeine.cache.BoundedLocalCache.computeIfAbsent(BoundedLocalCache.java:2686) ~[?:?]
	at com.github.benmanes.caffeine.cache.LocalCache.computeIfAbsent(LocalCache.java:112) ~[?:?]
	at com.github.benmanes.caffeine.cache.LocalManualCache.get(LocalManualCache.java:63) ~[?:?]
	at libreforge-5.6.0-1780425196418.jar/com.willfp.libreforge.HolderProviderKt.getHolders(HolderProvider.kt:310) ~[libreforge-5.6.0-1780425196418.jar:?]
	at libreforge-5.6.0-1780425196418.jar/com.willfp.libreforge.HolderProviderKt.calculateActiveEffects(HolderProvider.kt:367) ~[libreforge-5.6.0-1780425196418.jar:?]
	at libreforge-5.6.0-1780425196418.jar/com.willfp.libreforge.HolderProviderKt.updateEffects(HolderProvider.kt:386) ~[libreforge-5.6.0-1780425196418.jar:?]
	at libreforge-5.6.0-1780425196418.jar/com.willfp.libreforge.HolderProviderKt.pollEffects(HolderProvider.kt:207) ~[libreforge-5.6.0-1780425196418.jar:?]
	at libreforge-5.6.0-1780425196418.jar/com.willfp.libreforge.LibreforgeSpigotPlugin.createTasks$lambda$1(LibreforgeSpigotPlugin.kt:219) ~[libreforge-5.6.0-1780425196418.jar:?]
	at org.bukkit.craftbukkit.scheduler.CraftTask.run(CraftTask.java:78) ~[paper-1.21.10.jar:1.21.10-117-df4b668]
	at org.bukkit.craftbukkit.scheduler.CraftScheduler.mainThreadHeartbeat(CraftScheduler.java:474) ~[paper-1.21.10.jar:1.21.10-117-df4b668]
	at net.minecraft.server.MinecraftServer.tickChildren(MinecraftServer.java:1744) ~[paper-1.21.10.jar:1.21.10-117-df4b668]
	at net.minecraft.server.MinecraftServer.tickServer(MinecraftServer.java:1618) ~[paper-1.21.10.jar:1.21.10-117-df4b668]
	at net.minecraft.server.dedicated.DedicatedServer.tickServer(DedicatedServer.java:430) ~[paper-1.21.10.jar:1.21.10-117-df4b668]
	at net.minecraft.server.MinecraftServer.runServer(MinecraftServer.java:1338) ~[paper-1.21.10.jar:1.21.10-117-df4b668]
	at net.minecraft.server.MinecraftServer.lambda$spin$2(MinecraftServer.java:384) ~[paper-1.21.10.jar:1.21.10-117-df4b668]
	at java.base/java.lang.Thread.run(Thread.java:1474) ~[?:?]
Caused by: java.lang.IllegalStateException: zip file closed
	at java.base/java.util.zip.ZipFile.ensureOpen(ZipFile.java:826) ~[?:?]
	at java.base/java.util.zip.ZipFile.getEntry(ZipFile.java:290) ~[?:?]
	at java.base/java.util.jar.JarFile.getEntry(JarFile.java:505) ~[?:?]
	at java.base/java.util.jar.JarFile.getJarEntry(JarFile.java:460) ~[?:?]
	at org.bukkit.plugin.java.PluginClassLoader.findClass(PluginClassLoader.java:223) ~[paper-api-1.21.10-R0.1-SNAPSHOT.jar:?]
	... 27 more
[19:04:58] [Server thread/WARN]: [libreforge] Task #674 for libreforge v5.6.0 generated an exception
java.lang.IllegalStateException: The plugin classloader for EcoSkills has thrown a zip file error.
	at org.bukkit.plugin.java.PluginClassLoader.findClass(PluginClassLoader.java:228) ~[paper-api-1.21.10-R0.1-SNAPSHOT.jar:?]
	at java.base/java.lang.ClassLoader.loadClass(ClassLoader.java:557) ~[?:?]
	at org.bukkit.plugin.java.PluginClassLoader.loadClass0(PluginClassLoader.java:180) ~[paper-api-1.21.10-R0.1-SNAPSHOT.jar:?]
	at org.bukkit.plugin.java.PluginClassLoader.loadClass(PluginClassLoader.java:175) ~[paper-api-1.21.10-R0.1-SNAPSHOT.jar:?]
	at java.base/java.lang.ClassLoader.loadClass(ClassLoader.java:490) ~[?:?]
	at EcoSkills v3.67.1.jar/com.willfp.ecoskills.EcoSkillsPlugin$handleEnable$$inlined$registerSpecificHolderProvider$1.provide(HolderProvider.kt:483) ~[EcoSkills v3.67.1.jar:?]
	at libreforge-5.6.0-1780425196418.jar/com.willfp.libreforge.HolderProviderKt.computeHolders(HolderProvider.kt:272) ~[libreforge-5.6.0-1780425196418.jar:?]
	at libreforge-5.6.0-1780425196418.jar/com.willfp.libreforge.HolderProviderKt._get_holders_$lambda$0(HolderProvider.kt:310) ~[libreforge-5.6.0-1780425196418.jar:?]
	at libreforge-5.6.0-1780425196418.jar/com.willfp.libreforge.HolderProviderKt._get_holders_$lambda$1(HolderProvider.kt:310) ~[libreforge-5.6.0-1780425196418.jar:?]
	at com.github.benmanes.caffeine.cache.BoundedLocalCache.lambda$doComputeIfAbsent$0(BoundedLocalCache.java:2707) ~[?:?]
	at java.base/java.util.concurrent.ConcurrentHashMap.compute(ConcurrentHashMap.java:1932) ~[?:?]
	at com.github.benmanes.caffeine.cache.BoundedLocalCache.doComputeIfAbsent(BoundedLocalCache.java:2705) ~[?:?]
	at com.github.benmanes.caffeine.cache.BoundedLocalCache.computeIfAbsent(BoundedLocalCache.java:2686) ~[?:?]
	at com.github.benmanes.caffeine.cache.LocalCache.computeIfAbsent(LocalCache.java:112) ~[?:?]
	at com.github.benmanes.caffeine.cache.LocalManualCache.get(LocalManualCache.java:63) ~[?:?]
	at libreforge-5.6.0-1780425196418.jar/com.willfp.libreforge.HolderProviderKt.getHolders(HolderProvider.kt:310) ~[libreforge-5.6.0-1780425196418.jar:?]
	at libreforge-5.6.0-1780425196418.jar/com.willfp.libreforge.HolderProviderKt.calculateActiveEffects(HolderProvider.kt:367) ~[libreforge-5.6.0-1780425196418.jar:?]
	at libreforge-5.6.0-1780425196418.jar/com.willfp.libreforge.HolderProviderKt.updateEffects(HolderProvider.kt:386) ~[libreforge-5.6.0-1780425196418.jar:?]
	at libreforge-5.6.0-1780425196418.jar/com.willfp.libreforge.HolderProviderKt.pollEffects(HolderProvider.kt:207) ~[libreforge-5.6.0-1780425196418.jar:?]
	at libreforge-5.6.0-1780425196418.jar/com.willfp.libreforge.LibreforgeSpigotPlugin.createTasks$lambda$1(LibreforgeSpigotPlugin.kt:219) ~[libreforge-5.6.0-1780425196418.jar:?]
	at org.bukkit.craftbukkit.scheduler.CraftTask.run(CraftTask.java:78) ~[paper-1.21.10.jar:1.21.10-117-df4b668]
	at org.bukkit.craftbukkit.scheduler.CraftScheduler.mainThreadHeartbeat(CraftScheduler.java:474) ~[paper-1.21.10.jar:1.21.10-117-df4b668]
	at net.minecraft.server.MinecraftServer.tickChildren(MinecraftServer.java:1744) ~[paper-1.21.10.jar:1.21.10-117-df4b668]
	at net.minecraft.server.MinecraftServer.tickServer(MinecraftServer.java:1618) ~[paper-1.21.10.jar:1.21.10-117-df4b668]
	at net.minecraft.server.dedicated.DedicatedServer.tickServer(DedicatedServer.java:430) ~[paper-1.21.10.jar:1.21.10-117-df4b668]
	at net.minecraft.server.MinecraftServer.runServer(MinecraftServer.java:1338) ~[paper-1.21.10.jar:1.21.10-117-df4b668]
	at net.minecraft.server.MinecraftServer.lambda$spin$2(MinecraftServer.java:384) ~[paper-1.21.10.jar:1.21.10-117-df4b668]
	at java.base/java.lang.Thread.run(Thread.java:1474) ~[?:?]
Caused by: java.lang.IllegalStateException: zip file closed
	at java.base/java.util.zip.ZipFile.ensureOpen(ZipFile.java:826) ~[?:?]
	at java.base/java.util.zip.ZipFile.getEntry(ZipFile.java:290) ~[?:?]
	at java.base/java.util.jar.JarFile.getEntry(JarFile.java:505) ~[?:?]
	at java.base/java.util.jar.JarFile.getJarEntry(JarFile.java:460) ~[?:?]
	at org.bukkit.plugin.java.PluginClassLoader.findClass(PluginClassLoader.java:223) ~[paper-api-1.21.10-R0.1-SNAPSHOT.jar:?]
	... 27 more
[19:04:59] [Server thread/WARN]: [libreforge] Task #674 for libreforge v5.6.0 generated an exception
java.lang.IllegalStateException: The plugin classloader for EcoSkills has thrown a zip file error.
	at org.bukkit.plugin.java.PluginClassLoader.findClass(PluginClassLoader.java:228) ~[paper-api-1.21.10-R0.1-SNAPSHOT.jar:?]
	at java.base/java.lang.ClassLoader.loadClass(ClassLoader.java:557) ~[?:?]
	at org.bukkit.plugin.java.PluginClassLoader.loadClass0(PluginClassLoader.java:180) ~[paper-api-1.21.10-R0.1-SNAPSHOT.jar:?]
	at org.bukkit.plugin.java.PluginClassLoader.loadClass(PluginClassLoader.java:175) ~[paper-api-1.21.10-R0.1-SNAPSHOT.jar:?]
	at java.base/java.lang.ClassLoader.loadClass(ClassLoader.java:490) ~[?:?]
	at EcoSkills v3.67.1.jar/com.willfp.ecoskills.EcoSkillsPlugin$handleEnable$$inlined$registerSpecificHolderProvider$1.provide(HolderProvider.kt:483) ~[EcoSkills v3.67.1.jar:?]
	at libreforge-5.6.0-1780425196418.jar/com.willfp.libreforge.HolderProviderKt.computeHolders(HolderProvider.kt:272) ~[libreforge-5.6.0-1780425196418.jar:?]
	at libreforge-5.6.0-1780425196418.jar/com.willfp.libreforge.HolderProviderKt._get_holders_$lambda$0(HolderProvider.kt:310) ~[libreforge-5.6.0-1780425196418.jar:?]
	at libreforge-5.6.0-1780425196418.jar/com.willfp.libreforge.HolderProviderKt._get_holders_$lambda$1(HolderProvider.kt:310) ~[libreforge-5.6.0-1780425196418.jar:?]
	at com.github.benmanes.caffeine.cache.BoundedLocalCache.lambda$doComputeIfAbsent$0(BoundedLocalCache.java:2707) ~[?:?]
	at java.base/java.util.concurrent.ConcurrentHashMap.compute(ConcurrentHashMap.java:1932) ~[?:?]
	at com.github.benmanes.caffeine.cache.BoundedLocalCache.doComputeIfAbsent(BoundedLocalCache.java:2705) ~[?:?]
	at com.github.benmanes.caffeine.cache.BoundedLocalCache.computeIfAbsent(BoundedLocalCache.java:2686) ~[?:?]
	at com.github.benmanes.caffeine.cache.LocalCache.computeIfAbsent(LocalCache.java:112) ~[?:?]
	at com.github.benmanes.caffeine.cache.LocalManualCache.get(LocalManualCache.java:63) ~[?:?]
	at libreforge-5.6.0-1780425196418.jar/com.willfp.libreforge.HolderProviderKt.getHolders(HolderProvider.kt:310) ~[libreforge-5.6.0-1780425196418.jar:?]
	at libreforge-5.6.0-1780425196418.jar/com.willfp.libreforge.HolderProviderKt.calculateActiveEffects(HolderProvider.kt:367) ~[libreforge-5.6.0-1780425196418.jar:?]
	at libreforge-5.6.0-1780425196418.jar/com.willfp.libreforge.HolderProviderKt.updateEffects(HolderProvider.kt:386) ~[libreforge-5.6.0-1780425196418.jar:?]
	at libreforge-5.6.0-1780425196418.jar/com.willfp.libreforge.HolderProviderKt.pollEffects(HolderProvider.kt:207) ~[libreforge-5.6.0-1780425196418.jar:?]
	at libreforge-5.6.0-1780425196418.jar/com.willfp.libreforge.LibreforgeSpigotPlugin.createTasks$lambda$1(LibreforgeSpigotPlugin.kt:219) ~[libreforge-5.6.0-1780425196418.jar:?]
	at org.bukkit.craftbukkit.scheduler.CraftTask.run(CraftTask.java:78) ~[paper-1.21.10.jar:1.21.10-117-df4b668]
	at org.bukkit.craftbukkit.scheduler.CraftScheduler.mainThreadHeartbeat(CraftScheduler.java:474) ~[paper-1.21.10.jar:1.21.10-117-df4b668]
	at net.minecraft.server.MinecraftServer.tickChildren(MinecraftServer.java:1744) ~[paper-1.21.10.jar:1.21.10-117-df4b668]
	at net.minecraft.server.MinecraftServer.tickServer(MinecraftServer.java:1618) ~[paper-1.21.10.jar:1.21.10-117-df4b668]
	at net.minecraft.server.dedicated.DedicatedServer.tickServer(DedicatedServer.java:430) ~[paper-1.21.10.jar:1.21.10-117-df4b668]
	at net.minecraft.server.MinecraftServer.runServer(MinecraftServer.java:1338) ~[paper-1.21.10.jar:1.21.10-117-df4b668]
	at net.minecraft.server.MinecraftServer.lambda$spin$2(MinecraftServer.java:384) ~[paper-1.21.10.jar:1.21.10-117-df4b668]
	at java.base/java.lang.Thread.run(Thread.java:1474) ~[?:?]
Caused by: java.lang.IllegalStateException: zip file closed
	at java.base/java.util.zip.ZipFile.ensureOpen(ZipFile.java:826) ~[?:?]
	at java.base/java.util.zip.ZipFile.getEntry(ZipFile.java:290) ~[?:?]
	at java.base/java.util.jar.JarFile.getEntry(JarFile.java:505) ~[?:?]
	at java.base/java.util.jar.JarFile.getJarEntry(JarFile.java:460) ~[?:?]
	at org.bukkit.plugin.java.PluginClassLoader.findClass(PluginClassLoader.java:223) ~[paper-api-1.21.10-R0.1-SNAPSHOT.jar:?]
	... 27 more
[19:05:00] [Server thread/WARN]: [libreforge] Task #674 for libreforge v5.6.0 generated an exception
java.lang.IllegalStateException: The plugin classloader for EcoSkills has thrown a zip file error.
	at org.bukkit.plugin.java.PluginClassLoader.findClass(PluginClassLoader.java:228) ~[paper-api-1.21.10-R0.1-SNAPSHOT.jar:?]
	at java.base/java.lang.ClassLoader.loadClass(ClassLoader.java:557) ~[?:?]
	at org.bukkit.plugin.java.PluginClassLoader.loadClass0(PluginClassLoader.java:180) ~[paper-api-1.21.10-R0.1-SNAPSHOT.jar:?]
	at org.bukkit.plugin.java.PluginClassLoader.loadClass(PluginClassLoader.java:175) ~[paper-api-1.21.10-R0.1-SNAPSHOT.jar:?]
	at java.base/java.lang.ClassLoader.loadClass(ClassLoader.java:490) ~[?:?]
	at EcoSkills v3.67.1.jar/com.willfp.ecoskills.EcoSkillsPlugin$handleEnable$$inlined$registerSpecificHolderProvider$1.provide(HolderProvider.kt:483) ~[EcoSkills v3.67.1.jar:?]
	at libreforge-5.6.0-1780425196418.jar/com.willfp.libreforge.HolderProviderKt.computeHolders(HolderProvider.kt:272) ~[libreforge-5.6.0-1780425196418.jar:?]
	at libreforge-5.6.0-1780425196418.jar/com.willfp.libreforge.HolderProviderKt._get_holders_$lambda$0(HolderProvider.kt:310) ~[libreforge-5.6.0-1780425196418.jar:?]
	at libreforge-5.6.0-1780425196418.jar/com.willfp.libreforge.HolderProviderKt._get_holders_$lambda$1(HolderProvider.kt:310) ~[libreforge-5.6.0-1780425196418.jar:?]
	at com.github.benmanes.caffeine.cache.BoundedLocalCache.lambda$doComputeIfAbsent$0(BoundedLocalCache.java:2707) ~[?:?]
	at java.base/java.util.concurrent.ConcurrentHashMap.compute(ConcurrentHashMap.java:1932) ~[?:?]
	at com.github.benmanes.caffeine.cache.BoundedLocalCache.doComputeIfAbsent(BoundedLocalCache.java:2705) ~[?:?]
	at com.github.benmanes.caffeine.cache.BoundedLocalCache.computeIfAbsent(BoundedLocalCache.java:2686) ~[?:?]
	at com.github.benmanes.caffeine.cache.LocalCache.computeIfAbsent(LocalCache.java:112) ~[?:?]
	at com.github.benmanes.caffeine.cache.LocalManualCache.get(LocalManualCache.java:63) ~[?:?]
	at libreforge-5.6.0-1780425196418.jar/com.willfp.libreforge.HolderProviderKt.getHolders(HolderProvider.kt:310) ~[libreforge-5.6.0-1780425196418.jar:?]
	at libreforge-5.6.0-1780425196418.jar/com.willfp.libreforge.HolderProviderKt.calculateActiveEffects(HolderProvider.kt:367) ~[libreforge-5.6.0-1780425196418.jar:?]
	at libreforge-5.6.0-1780425196418.jar/com.willfp.libreforge.HolderProviderKt.updateEffects(HolderProvider.kt:386) ~[libreforge-5.6.0-1780425196418.jar:?]
	at libreforge-5.6.0-1780425196418.jar/com.willfp.libreforge.HolderProviderKt.pollEffects(HolderProvider.kt:207) ~[libreforge-5.6.0-1780425196418.jar:?]
	at libreforge-5.6.0-1780425196418.jar/com.willfp.libreforge.LibreforgeSpigotPlugin.createTasks$lambda$1(LibreforgeSpigotPlugin.kt:219) ~[libreforge-5.6.0-1780425196418.jar:?]
	at org.bukkit.craftbukkit.scheduler.CraftTask.run(CraftTask.java:78) ~[paper-1.21.10.jar:1.21.10-117-df4b668]
	at org.bukkit.craftbukkit.scheduler.CraftScheduler.mainThreadHeartbeat(CraftScheduler.java:474) ~[paper-1.21.10.jar:1.21.10-117-df4b668]
	at net.minecraft.server.MinecraftServer.tickChildren(MinecraftServer.java:1744) ~[paper-1.21.10.jar:1.21.10-117-df4b668]
	at net.minecraft.server.MinecraftServer.tickServer(MinecraftServer.java:1618) ~[paper-1.21.10.jar:1.21.10-117-df4b668]
	at net.minecraft.server.dedicated.DedicatedServer.tickServer(DedicatedServer.java:430) ~[paper-1.21.10.jar:1.21.10-117-df4b668]
	at net.minecraft.server.MinecraftServer.runServer(MinecraftServer.java:1338) ~[paper-1.21.10.jar:1.21.10-117-df4b668]
	at net.minecraft.server.MinecraftServer.lambda$spin$2(MinecraftServer.java:384) ~[paper-1.21.10.jar:1.21.10-117-df4b668]
	at java.base/java.lang.Thread.run(Thread.java:1474) ~[?:?]
Caused by: java.lang.IllegalStateException: zip file closed
	at java.base/java.util.zip.ZipFile.ensureOpen(ZipFile.java:826) ~[?:?]
	at java.base/java.util.zip.ZipFile.getEntry(ZipFile.java:290) ~[?:?]
	at java.base/java.util.jar.JarFile.getEntry(JarFile.java:505) ~[?:?]
	at java.base/java.util.jar.JarFile.getJarEntry(JarFile.java:460) ~[?:?]
	at org.bukkit.plugin.java.PluginClassLoader.findClass(PluginClassLoader.java:223) ~[paper-api-1.21.10-R0.1-SNAPSHOT.jar:?]
	... 27 more
[19:05:01] [Server thread/WARN]: [libreforge] Task #674 for libreforge v5.6.0 generated an exception
java.lang.IllegalStateException: The plugin classloader for EcoSkills has thrown a zip file error.
	at org.bukkit.plugin.java.PluginClassLoader.findClass(PluginClassLoader.java:228) ~[paper-api-1.21.10-R0.1-SNAPSHOT.jar:?]
	at java.base/java.lang.ClassLoader.loadClass(ClassLoader.java:557) ~[?:?]
	at org.bukkit.plugin.java.PluginClassLoader.loadClass0(PluginClassLoader.java:180) ~[paper-api-1.21.10-R0.1-SNAPSHOT.jar:?]
	at org.bukkit.plugin.java.PluginClassLoader.loadClass(PluginClassLoader.java:175) ~[paper-api-1.21.10-R0.1-SNAPSHOT.jar:?]
	at java.base/java.lang.ClassLoader.loadClass(ClassLoader.java:490) ~[?:?]
	at EcoSkills v3.67.1.jar/com.willfp.ecoskills.EcoSkillsPlugin$handleEnable$$inlined$registerSpecificHolderProvider$1.provide(HolderProvider.kt:483) ~[EcoSkills v3.67.1.jar:?]
	at libreforge-5.6.0-1780425196418.jar/com.willfp.libreforge.HolderProviderKt.computeHolders(HolderProvider.kt:272) ~[libreforge-5.6.0-1780425196418.jar:?]
	at libreforge-5.6.0-1780425196418.jar/com.willfp.libreforge.HolderProviderKt._get_holders_$lambda$0(HolderProvider.kt:310) ~[libreforge-5.6.0-1780425196418.jar:?]
	at libreforge-5.6.0-1780425196418.jar/com.willfp.libreforge.HolderProviderKt._get_holders_$lambda$1(HolderProvider.kt:310) ~[libreforge-5.6.0-1780425196418.jar:?]
	at com.github.benmanes.caffeine.cache.BoundedLocalCache.lambda$doComputeIfAbsent$0(BoundedLocalCache.java:2707) ~[?:?]
	at java.base/java.util.concurrent.ConcurrentHashMap.compute(ConcurrentHashMap.java:1932) ~[?:?]
	at com.github.benmanes.caffeine.cache.BoundedLocalCache.doComputeIfAbsent(BoundedLocalCache.java:2705) ~[?:?]
	at com.github.benmanes.caffeine.cache.BoundedLocalCache.computeIfAbsent(BoundedLocalCache.java:2686) ~[?:?]
	at com.github.benmanes.caffeine.cache.LocalCache.computeIfAbsent(LocalCache.java:112) ~[?:?]
	at com.github.benmanes.caffeine.cache.LocalManualCache.get(LocalManualCache.java:63) ~[?:?]
	at libreforge-5.6.0-1780425196418.jar/com.willfp.libreforge.HolderProviderKt.getHolders(HolderProvider.kt:310) ~[libreforge-5.6.0-1780425196418.jar:?]
	at libreforge-5.6.0-1780425196418.jar/com.willfp.libreforge.HolderProviderKt.calculateActiveEffects(HolderProvider.kt:367) ~[libreforge-5.6.0-1780425196418.jar:?]
	at libreforge-5.6.0-1780425196418.jar/com.willfp.libreforge.HolderProviderKt.updateEffects(HolderProvider.kt:386) ~[libreforge-5.6.0-1780425196418.jar:?]
	at libreforge-5.6.0-1780425196418.jar/com.willfp.libreforge.HolderProviderKt.pollEffects(HolderProvider.kt:207) ~[libreforge-5.6.0-1780425196418.jar:?]
	at libreforge-5.6.0-1780425196418.jar/com.willfp.libreforge.LibreforgeSpigotPlugin.createTasks$lambda$1(LibreforgeSpigotPlugin.kt:219) ~[libreforge-5.6.0-1780425196418.jar:?]
	at org.bukkit.craftbukkit.scheduler.CraftTask.run(CraftTask.java:78) ~[paper-1.21.10.jar:1.21.10-117-df4b668]
	at org.bukkit.craftbukkit.scheduler.CraftScheduler.mainThreadHeartbeat(CraftScheduler.java:474) ~[paper-1.21.10.jar:1.21.10-117-df4b668]
	at net.minecraft.server.MinecraftServer.tickChildren(MinecraftServer.java:1744) ~[paper-1.21.10.jar:1.21.10-117-df4b668]
	at net.minecraft.server.MinecraftServer.tickServer(MinecraftServer.java:1618) ~[paper-1.21.10.jar:1.21.10-117-df4b668]
	at net.minecraft.server.dedicated.DedicatedServer.tickServer(DedicatedServer.java:430) ~[paper-1.21.10.jar:1.21.10-117-df4b668]
	at net.minecraft.server.MinecraftServer.runServer(MinecraftServer.java:1338) ~[paper-1.21.10.jar:1.21.10-117-df4b668]
	at net.minecraft.server.MinecraftServer.lambda$spin$2(MinecraftServer.java:384) ~[paper-1.21.10.jar:1.21.10-117-df4b668]
	at java.base/java.lang.Thread.run(Thread.java:1474) ~[?:?]
Caused by: java.lang.IllegalStateException: zip file closed
	at java.base/java.util.zip.ZipFile.ensureOpen(ZipFile.java:826) ~[?:?]
	at java.base/java.util.zip.ZipFile.getEntry(ZipFile.java:290) ~[?:?]
	at java.base/java.util.jar.JarFile.getEntry(JarFile.java:505) ~[?:?]
	at java.base/java.util.jar.JarFile.getJarEntry(JarFile.java:460) ~[?:?]
	at org.bukkit.plugin.java.PluginClassLoader.findClass(PluginClassLoader.java:223) ~[paper-api-1.21.10-R0.1-SNAPSHOT.jar:?]
	... 27 more
[19:05:02] [Server thread/WARN]: [libreforge] Task #674 for libreforge v5.6.0 generated an exception
java.lang.IllegalStateException: The plugin classloader for EcoSkills has thrown a zip file error.
	at org.bukkit.plugin.java.PluginClassLoader.findClass(PluginClassLoader.java:228) ~[paper-api-1.21.10-R0.1-SNAPSHOT.jar:?]
	at java.base/java.lang.ClassLoader.loadClass(ClassLoader.java:557) ~[?:?]
	at org.bukkit.plugin.java.PluginClassLoader.loadClass0(PluginClassLoader.java:180) ~[paper-api-1.21.10-R0.1-SNAPSHOT.jar:?]
	at org.bukkit.plugin.java.PluginClassLoader.loadClass(PluginClassLoader.java:175) ~[paper-api-1.21.10-R0.1-SNAPSHOT.jar:?]
	at java.base/java.lang.ClassLoader.loadClass(ClassLoader.java:490) ~[?:?]
	at EcoSkills v3.67.1.jar/com.willfp.ecoskills.EcoSkillsPlugin$handleEnable$$inlined$registerSpecificHolderProvider$1.provide(HolderProvider.kt:483) ~[EcoSkills v3.67.1.jar:?]
	at libreforge-5.6.0-1780425196418.jar/com.willfp.libreforge.HolderProviderKt.computeHolders(HolderProvider.kt:272) ~[libreforge-5.6.0-1780425196418.jar:?]
	at libreforge-5.6.0-1780425196418.jar/com.willfp.libreforge.HolderProviderKt._get_holders_$lambda$0(HolderProvider.kt:310) ~[libreforge-5.6.0-1780425196418.jar:?]
	at libreforge-5.6.0-1780425196418.jar/com.willfp.libreforge.HolderProviderKt._get_holders_$lambda$1(HolderProvider.kt:310) ~[libreforge-5.6.0-1780425196418.jar:?]
	at com.github.benmanes.caffeine.cache.BoundedLocalCache.lambda$doComputeIfAbsent$0(BoundedLocalCache.java:2707) ~[?:?]
	at java.base/java.util.concurrent.ConcurrentHashMap.compute(ConcurrentHashMap.java:1932) ~[?:?]
	at com.github.benmanes.caffeine.cache.BoundedLocalCache.doComputeIfAbsent(BoundedLocalCache.java:2705) ~[?:?]
	at com.github.benmanes.caffeine.cache.BoundedLocalCache.computeIfAbsent(BoundedLocalCache.java:2686) ~[?:?]
	at com.github.benmanes.caffeine.cache.LocalCache.computeIfAbsent(LocalCache.java:112) ~[?:?]
	at com.github.benmanes.caffeine.cache.LocalManualCache.get(LocalManualCache.java:63) ~[?:?]
	at libreforge-5.6.0-1780425196418.jar/com.willfp.libreforge.HolderProviderKt.getHolders(HolderProvider.kt:310) ~[libreforge-5.6.0-1780425196418.jar:?]
	at libreforge-5.6.0-1780425196418.jar/com.willfp.libreforge.HolderProviderKt.calculateActiveEffects(HolderProvider.kt:367) ~[libreforge-5.6.0-1780425196418.jar:?]
	at libreforge-5.6.0-1780425196418.jar/com.willfp.libreforge.HolderProviderKt.updateEffects(HolderProvider.kt:386) ~[libreforge-5.6.0-1780425196418.jar:?]
	at libreforge-5.6.0-1780425196418.jar/com.willfp.libreforge.HolderProviderKt.pollEffects(HolderProvider.kt:207) ~[libreforge-5.6.0-1780425196418.jar:?]
	at libreforge-5.6.0-1780425196418.jar/com.willfp.libreforge.LibreforgeSpigotPlugin.createTasks$lambda$1(LibreforgeSpigotPlugin.kt:219) ~[libreforge-5.6.0-1780425196418.jar:?]
	at org.bukkit.craftbukkit.scheduler.CraftTask.run(CraftTask.java:78) ~[paper-1.21.10.jar:1.21.10-117-df4b668]
	at org.bukkit.craftbukkit.scheduler.CraftScheduler.mainThreadHeartbeat(CraftScheduler.java:474) ~[paper-1.21.10.jar:1.21.10-117-df4b668]
	at net.minecraft.server.MinecraftServer.tickChildren(MinecraftServer.java:1744) ~[paper-1.21.10.jar:1.21.10-117-df4b668]
	at net.minecraft.server.MinecraftServer.tickServer(MinecraftServer.java:1618) ~[paper-1.21.10.jar:1.21.10-117-df4b668]
	at net.minecraft.server.dedicated.DedicatedServer.tickServer(DedicatedServer.java:430) ~[paper-1.21.10.jar:1.21.10-117-df4b668]
	at net.minecraft.server.MinecraftServer.runServer(MinecraftServer.java:1338) ~[paper-1.21.10.jar:1.21.10-117-df4b668]
	at net.minecraft.server.MinecraftServer.lambda$spin$2(MinecraftServer.java:384) ~[paper-1.21.10.jar:1.21.10-117-df4b668]
	at java.base/java.lang.Thread.run(Thread.java:1474) ~[?:?]
Caused by: java.lang.IllegalStateException: zip file closed
	at java.base/java.util.zip.ZipFile.ensureOpen(ZipFile.java:826) ~[?:?]
	at java.base/java.util.zip.ZipFile.getEntry(ZipFile.java:290) ~[?:?]
	at java.base/java.util.jar.JarFile.getEntry(JarFile.java:505) ~[?:?]
	at java.base/java.util.jar.JarFile.getJarEntry(JarFile.java:460) ~[?:?]
	at org.bukkit.plugin.java.PluginClassLoader.findClass(PluginClassLoader.java:223) ~[paper-api-1.21.10-R0.1-SNAPSHOT.jar:?]
	... 27 more
[19:05:03] [Server thread/WARN]: [libreforge] Task #674 for libreforge v5.6.0 generated an exception
java.lang.IllegalStateException: The plugin classloader for EcoSkills has thrown a zip file error.
	at org.bukkit.plugin.java.PluginClassLoader.findClass(PluginClassLoader.java:228) ~[paper-api-1.21.10-R0.1-SNAPSHOT.jar:?]
	at java.base/java.lang.ClassLoader.loadClass(ClassLoader.java:557) ~[?:?]
	at org.bukkit.plugin.java.PluginClassLoader.loadClass0(PluginClassLoader.java:180) ~[paper-api-1.21.10-R0.1-SNAPSHOT.jar:?]
	at org.bukkit.plugin.java.PluginClassLoader.loadClass(PluginClassLoader.java:175) ~[paper-api-1.21.10-R0.1-SNAPSHOT.jar:?]
	at java.base/java.lang.ClassLoader.loadClass(ClassLoader.java:490) ~[?:?]
	at EcoSkills v3.67.1.jar/com.willfp.ecoskills.EcoSkillsPlugin$handleEnable$$inlined$registerSpecificHolderProvider$1.provide(HolderProvider.kt:483) ~[EcoSkills v3.67.1.jar:?]
	at libreforge-5.6.0-1780425196418.jar/com.willfp.libreforge.HolderProviderKt.computeHolders(HolderProvider.kt:272) ~[libreforge-5.6.0-1780425196418.jar:?]
	at libreforge-5.6.0-1780425196418.jar/com.willfp.libreforge.HolderProviderKt._get_holders_$lambda$0(HolderProvider.kt:310) ~[libreforge-5.6.0-1780425196418.jar:?]
	at libreforge-5.6.0-1780425196418.jar/com.willfp.libreforge.HolderProviderKt._get_holders_$lambda$1(HolderProvider.kt:310) ~[libreforge-5.6.0-1780425196418.jar:?]
	at com.github.benmanes.caffeine.cache.BoundedLocalCache.lambda$doComputeIfAbsent$0(BoundedLocalCache.java:2707) ~[?:?]
	at java.base/java.util.concurrent.ConcurrentHashMap.compute(ConcurrentHashMap.java:1932) ~[?:?]
	at com.github.benmanes.caffeine.cache.BoundedLocalCache.doComputeIfAbsent(BoundedLocalCache.java:2705) ~[?:?]
	at com.github.benmanes.caffeine.cache.BoundedLocalCache.computeIfAbsent(BoundedLocalCache.java:2686) ~[?:?]
	at com.github.benmanes.caffeine.cache.LocalCache.computeIfAbsent(LocalCache.java:112) ~[?:?]
	at com.github.benmanes.caffeine.cache.LocalManualCache.get(LocalManualCache.java:63) ~[?:?]
	at libreforge-5.6.0-1780425196418.jar/com.willfp.libreforge.HolderProviderKt.getHolders(HolderProvider.kt:310) ~[libreforge-5.6.0-1780425196418.jar:?]
	at libreforge-5.6.0-1780425196418.jar/com.willfp.libreforge.HolderProviderKt.calculateActiveEffects(HolderProvider.kt:367) ~[libreforge-5.6.0-1780425196418.jar:?]
	at libreforge-5.6.0-1780425196418.jar/com.willfp.libreforge.HolderProviderKt.updateEffects(HolderProvider.kt:386) ~[libreforge-5.6.0-1780425196418.jar:?]
	at libreforge-5.6.0-1780425196418.jar/com.willfp.libreforge.HolderProviderKt.pollEffects(HolderProvider.kt:207) ~[libreforge-5.6.0-1780425196418.jar:?]
	at libreforge-5.6.0-1780425196418.jar/com.willfp.libreforge.LibreforgeSpigotPlugin.createTasks$lambda$1(LibreforgeSpigotPlugin.kt:219) ~[libreforge-5.6.0-1780425196418.jar:?]
	at org.bukkit.craftbukkit.scheduler.CraftTask.run(CraftTask.java:78) ~[paper-1.21.10.jar:1.21.10-117-df4b668]
	at org.bukkit.craftbukkit.scheduler.CraftScheduler.mainThreadHeartbeat(CraftScheduler.java:474) ~[paper-1.21.10.jar:1.21.10-117-df4b668]
	at net.minecraft.server.MinecraftServer.tickChildren(MinecraftServer.java:1744) ~[paper-1.21.10.jar:1.21.10-117-df4b668]
	at net.minecraft.server.MinecraftServer.tickServer(MinecraftServer.java:1618) ~[paper-1.21.10.jar:1.21.10-117-df4b668]
	at net.minecraft.server.dedicated.DedicatedServer.tickServer(DedicatedServer.java:430) ~[paper-1.21.10.jar:1.21.10-117-df4b668]
	at net.minecraft.server.MinecraftServer.runServer(MinecraftServer.java:1338) ~[paper-1.21.10.jar:1.21.10-117-df4b668]
	at net.minecraft.server.MinecraftServer.lambda$spin$2(MinecraftServer.java:384) ~[paper-1.21.10.jar:1.21.10-117-df4b668]
	at java.base/java.lang.Thread.run(Thread.java:1474) ~[?:?]
Caused by: java.lang.IllegalStateException: zip file closed
	at java.base/java.util.zip.ZipFile.ensureOpen(ZipFile.java:826) ~[?:?]
	at java.base/java.util.zip.ZipFile.getEntry(ZipFile.java:290) ~[?:?]
	at java.base/java.util.jar.JarFile.getEntry(JarFile.java:505) ~[?:?]
	at java.base/java.util.jar.JarFile.getJarEntry(JarFile.java:460) ~[?:?]
	at org.bukkit.plugin.java.PluginClassLoader.findClass(PluginClassLoader.java:223) ~[paper-api-1.21.10-R0.1-SNAPSHOT.jar:?]
	... 27 more
[19:05:04] [Server thread/WARN]: [libreforge] Task #674 for libreforge v5.6.0 generated an exception
java.lang.IllegalStateException: The plugin classloader for EcoSkills has thrown a zip file error.
	at org.bukkit.plugin.java.PluginClassLoader.findClass(PluginClassLoader.java:228) ~[paper-api-1.21.10-R0.1-SNAPSHOT.jar:?]
	at java.base/java.lang.ClassLoader.loadClass(ClassLoader.java:557) ~[?:?]
	at org.bukkit.plugin.java.PluginClassLoader.loadClass0(PluginClassLoader.java:180) ~[paper-api-1.21.10-R0.1-SNAPSHOT.jar:?]
	at org.bukkit.plugin.java.PluginClassLoader.loadClass(PluginClassLoader.java:175) ~[paper-api-1.21.10-R0.1-SNAPSHOT.jar:?]
	at java.base/java.lang.ClassLoader.loadClass(ClassLoader.java:490) ~[?:?]
	at EcoSkills v3.67.1.jar/com.willfp.ecoskills.EcoSkillsPlugin$handleEnable$$inlined$registerSpecificHolderProvider$1.provide(HolderProvider.kt:483) ~[EcoSkills v3.67.1.jar:?]
	at libreforge-5.6.0-1780425196418.jar/com.willfp.libreforge.HolderProviderKt.computeHolders(HolderProvider.kt:272) ~[libreforge-5.6.0-1780425196418.jar:?]
	at libreforge-5.6.0-1780425196418.jar/com.willfp.libreforge.HolderProviderKt._get_holders_$lambda$0(HolderProvider.kt:310) ~[libreforge-5.6.0-1780425196418.jar:?]
	at libreforge-5.6.0-1780425196418.jar/com.willfp.libreforge.HolderProviderKt._get_holders_$lambda$1(HolderProvider.kt:310) ~[libreforge-5.6.0-1780425196418.jar:?]
	at com.github.benmanes.caffeine.cache.BoundedLocalCache.lambda$doComputeIfAbsent$0(BoundedLocalCache.java:2707) ~[?:?]
	at java.base/java.util.concurrent.ConcurrentHashMap.compute(ConcurrentHashMap.java:1932) ~[?:?]
	at com.github.benmanes.caffeine.cache.BoundedLocalCache.doComputeIfAbsent(BoundedLocalCache.java:2705) ~[?:?]
	at com.github.benmanes.caffeine.cache.BoundedLocalCache.computeIfAbsent(BoundedLocalCache.java:2686) ~[?:?]
	at com.github.benmanes.caffeine.cache.LocalCache.computeIfAbsent(LocalCache.java:112) ~[?:?]
	at com.github.benmanes.caffeine.cache.LocalManualCache.get(LocalManualCache.java:63) ~[?:?]
	at libreforge-5.6.0-1780425196418.jar/com.willfp.libreforge.HolderProviderKt.getHolders(HolderProvider.kt:310) ~[libreforge-5.6.0-1780425196418.jar:?]
	at libreforge-5.6.0-1780425196418.jar/com.willfp.libreforge.HolderProviderKt.calculateActiveEffects(HolderProvider.kt:367) ~[libreforge-5.6.0-1780425196418.jar:?]
	at libreforge-5.6.0-1780425196418.jar/com.willfp.libreforge.HolderProviderKt.updateEffects(HolderProvider.kt:386) ~[libreforge-5.6.0-1780425196418.jar:?]
	at libreforge-5.6.0-1780425196418.jar/com.willfp.libreforge.HolderProviderKt.pollEffects(HolderProvider.kt:207) ~[libreforge-5.6.0-1780425196418.jar:?]
	at libreforge-5.6.0-1780425196418.jar/com.willfp.libreforge.LibreforgeSpigotPlugin.createTasks$lambda$1(LibreforgeSpigotPlugin.kt:219) ~[libreforge-5.6.0-1780425196418.jar:?]
	at org.bukkit.craftbukkit.scheduler.CraftTask.run(CraftTask.java:78) ~[paper-1.21.10.jar:1.21.10-117-df4b668]
	at org.bukkit.craftbukkit.scheduler.CraftScheduler.mainThreadHeartbeat(CraftScheduler.java:474) ~[paper-1.21.10.jar:1.21.10-117-df4b668]
	at net.minecraft.server.MinecraftServer.tickChildren(MinecraftServer.java:1744) ~[paper-1.21.10.jar:1.21.10-117-df4b668]
	at net.minecraft.server.MinecraftServer.tickServer(MinecraftServer.java:1618) ~[paper-1.21.10.jar:1.21.10-117-df4b668]
	at net.minecraft.server.dedicated.DedicatedServer.tickServer(DedicatedServer.java:430) ~[paper-1.21.10.jar:1.21.10-117-df4b668]
	at net.minecraft.server.MinecraftServer.runServer(MinecraftServer.java:1338) ~[paper-1.21.10.jar:1.21.10-117-df4b668]
	at net.minecraft.server.MinecraftServer.lambda$spin$2(MinecraftServer.java:384) ~[paper-1.21.10.jar:1.21.10-117-df4b668]
	at java.base/java.lang.Thread.run(Thread.java:1474) ~[?:?]
Caused by: java.lang.IllegalStateException: zip file closed
	at java.base/java.util.zip.ZipFile.ensureOpen(ZipFile.java:826) ~[?:?]
	at java.base/java.util.zip.ZipFile.getEntry(ZipFile.java:290) ~[?:?]
	at java.base/java.util.jar.JarFile.getEntry(JarFile.java:505) ~[?:?]
	at java.base/java.util.jar.JarFile.getJarEntry(JarFile.java:460) ~[?:?]
	at org.bukkit.plugin.java.PluginClassLoader.findClass(PluginClassLoader.java:223) ~[paper-api-1.21.10-R0.1-SNAPSHOT.jar:?]
	... 27 more
[19:05:05] [Server thread/WARN]: [libreforge] Task #674 for libreforge v5.6.0 generated an exception
java.lang.IllegalStateException: The plugin classloader for EcoSkills has thrown a zip file error.
	at org.bukkit.plugin.java.PluginClassLoader.findClass(PluginClassLoader.java:228) ~[paper-api-1.21.10-R0.1-SNAPSHOT.jar:?]
	at java.base/java.lang.ClassLoader.loadClass(ClassLoader.java:557) ~[?:?]
	at org.bukkit.plugin.java.PluginClassLoader.loadClass0(PluginClassLoader.java:180) ~[paper-api-1.21.10-R0.1-SNAPSHOT.jar:?]
	at org.bukkit.plugin.java.PluginClassLoader.loadClass(PluginClassLoader.java:175) ~[paper-api-1.21.10-R0.1-SNAPSHOT.jar:?]
	at java.base/java.lang.ClassLoader.loadClass(ClassLoader.java:490) ~[?:?]
	at EcoSkills v3.67.1.jar/com.willfp.ecoskills.EcoSkillsPlugin$handleEnable$$inlined$registerSpecificHolderProvider$1.provide(HolderProvider.kt:483) ~[EcoSkills v3.67.1.jar:?]
	at libreforge-5.6.0-1780425196418.jar/com.willfp.libreforge.HolderProviderKt.computeHolders(HolderProvider.kt:272) ~[libreforge-5.6.0-1780425196418.jar:?]
	at libreforge-5.6.0-1780425196418.jar/com.willfp.libreforge.HolderProviderKt._get_holders_$lambda$0(HolderProvider.kt:310) ~[libreforge-5.6.0-1780425196418.jar:?]
	at libreforge-5.6.0-1780425196418.jar/com.willfp.libreforge.HolderProviderKt._get_holders_$lambda$1(HolderProvider.kt:310) ~[libreforge-5.6.0-1780425196418.jar:?]
	at com.github.benmanes.caffeine.cache.BoundedLocalCache.lambda$doComputeIfAbsent$0(BoundedLocalCache.java:2707) ~[?:?]
	at java.base/java.util.concurrent.ConcurrentHashMap.compute(ConcurrentHashMap.java:1932) ~[?:?]
	at com.github.benmanes.caffeine.cache.BoundedLocalCache.doComputeIfAbsent(BoundedLocalCache.java:2705) ~[?:?]
	at com.github.benmanes.caffeine.cache.BoundedLocalCache.computeIfAbsent(BoundedLocalCache.java:2686) ~[?:?]
	at com.github.benmanes.caffeine.cache.LocalCache.computeIfAbsent(LocalCache.java:112) ~[?:?]
	at com.github.benmanes.caffeine.cache.LocalManualCache.get(LocalManualCache.java:63) ~[?:?]
	at libreforge-5.6.0-1780425196418.jar/com.willfp.libreforge.HolderProviderKt.getHolders(HolderProvider.kt:310) ~[libreforge-5.6.0-1780425196418.jar:?]
	at libreforge-5.6.0-1780425196418.jar/com.willfp.libreforge.HolderProviderKt.calculateActiveEffects(HolderProvider.kt:367) ~[libreforge-5.6.0-1780425196418.jar:?]
	at libreforge-5.6.0-1780425196418.jar/com.willfp.libreforge.HolderProviderKt.updateEffects(HolderProvider.kt:386) ~[libreforge-5.6.0-1780425196418.jar:?]
	at libreforge-5.6.0-1780425196418.jar/com.willfp.libreforge.HolderProviderKt.pollEffects(HolderProvider.kt:207) ~[libreforge-5.6.0-1780425196418.jar:?]
	at libreforge-5.6.0-1780425196418.jar/com.willfp.libreforge.LibreforgeSpigotPlugin.createTasks$lambda$1(LibreforgeSpigotPlugin.kt:219) ~[libreforge-5.6.0-1780425196418.jar:?]
	at org.bukkit.craftbukkit.scheduler.CraftTask.run(CraftTask.java:78) ~[paper-1.21.10.jar:1.21.10-117-df4b668]
	at org.bukkit.craftbukkit.scheduler.CraftScheduler.mainThreadHeartbeat(CraftScheduler.java:474) ~[paper-1.21.10.jar:1.21.10-117-df4b668]
	at net.minecraft.server.MinecraftServer.tickChildren(MinecraftServer.java:1744) ~[paper-1.21.10.jar:1.21.10-117-df4b668]
	at net.minecraft.server.MinecraftServer.tickServer(MinecraftServer.java:1618) ~[paper-1.21.10.jar:1.21.10-117-df4b668]
	at net.minecraft.server.dedicated.DedicatedServer.tickServer(DedicatedServer.java:430) ~[paper-1.21.10.jar:1.21.10-117-df4b668]
	at net.minecraft.server.MinecraftServer.runServer(MinecraftServer.java:1338) ~[paper-1.21.10.jar:1.21.10-117-df4b668]
	at net.minecraft.server.MinecraftServer.lambda$spin$2(MinecraftServer.java:384) ~[paper-1.21.10.jar:1.21.10-117-df4b668]
	at java.base/java.lang.Thread.run(Thread.java:1474) ~[?:?]
Caused by: java.lang.IllegalStateException: zip file closed
	at java.base/java.util.zip.ZipFile.ensureOpen(ZipFile.java:826) ~[?:?]
	at java.base/java.util.zip.ZipFile.getEntry(ZipFile.java:290) ~[?:?]
	at java.base/java.util.jar.JarFile.getEntry(JarFile.java:505) ~[?:?]
	at java.base/java.util.jar.JarFile.getJarEntry(JarFile.java:460) ~[?:?]
	at org.bukkit.plugin.java.PluginClassLoader.findClass(PluginClassLoader.java:223) ~[paper-api-1.21.10-R0.1-SNAPSHOT.jar:?]
	... 27 more
[19:05:06] [Server thread/WARN]: [libreforge] Task #674 for libreforge v5.6.0 generated an exception
java.lang.IllegalStateException: The plugin classloader for EcoSkills has thrown a zip file error.
	at org.bukkit.plugin.java.PluginClassLoader.findClass(PluginClassLoader.java:228) ~[paper-api-1.21.10-R0.1-SNAPSHOT.jar:?]
	at java.base/java.lang.ClassLoader.loadClass(ClassLoader.java:557) ~[?:?]
	at org.bukkit.plugin.java.PluginClassLoader.loadClass0(PluginClassLoader.java:180) ~[paper-api-1.21.10-R0.1-SNAPSHOT.jar:?]
	at org.bukkit.plugin.java.PluginClassLoader.loadClass(PluginClassLoader.java:175) ~[paper-api-1.21.10-R0.1-SNAPSHOT.jar:?]
	at java.base/java.lang.ClassLoader.loadClass(ClassLoader.java:490) ~[?:?]
	at EcoSkills v3.67.1.jar/com.willfp.ecoskills.EcoSkillsPlugin$handleEnable$$inlined$registerSpecificHolderProvider$1.provide(HolderProvider.kt:483) ~[EcoSkills v3.67.1.jar:?]
	at libreforge-5.6.0-1780425196418.jar/com.willfp.libreforge.HolderProviderKt.computeHolders(HolderProvider.kt:272) ~[libreforge-5.6.0-1780425196418.jar:?]
	at libreforge-5.6.0-1780425196418.jar/com.willfp.libreforge.HolderProviderKt._get_holders_$lambda$0(HolderProvider.kt:310) ~[libreforge-5.6.0-1780425196418.jar:?]
	at libreforge-5.6.0-1780425196418.jar/com.willfp.libreforge.HolderProviderKt._get_holders_$lambda$1(HolderProvider.kt:310) ~[libreforge-5.6.0-1780425196418.jar:?]
	at com.github.benmanes.caffeine.cache.BoundedLocalCache.lambda$doComputeIfAbsent$0(BoundedLocalCache.java:2707) ~[?:?]
	at java.base/java.util.concurrent.ConcurrentHashMap.compute(ConcurrentHashMap.java:1932) ~[?:?]
	at com.github.benmanes.caffeine.cache.BoundedLocalCache.doComputeIfAbsent(BoundedLocalCache.java:2705) ~[?:?]
	at com.github.benmanes.caffeine.cache.BoundedLocalCache.computeIfAbsent(BoundedLocalCache.java:2686) ~[?:?]
	at com.github.benmanes.caffeine.cache.LocalCache.computeIfAbsent(LocalCache.java:112) ~[?:?]
	at com.github.benmanes.caffeine.cache.LocalManualCache.get(LocalManualCache.java:63) ~[?:?]
	at libreforge-5.6.0-1780425196418.jar/com.willfp.libreforge.HolderProviderKt.getHolders(HolderProvider.kt:310) ~[libreforge-5.6.0-1780425196418.jar:?]
	at libreforge-5.6.0-1780425196418.jar/com.willfp.libreforge.HolderProviderKt.calculateActiveEffects(HolderProvider.kt:367) ~[libreforge-5.6.0-1780425196418.jar:?]
	at libreforge-5.6.0-1780425196418.jar/com.willfp.libreforge.HolderProviderKt.updateEffects(HolderProvider.kt:386) ~[libreforge-5.6.0-1780425196418.jar:?]
	at libreforge-5.6.0-1780425196418.jar/com.willfp.libreforge.HolderProviderKt.pollEffects(HolderProvider.kt:207) ~[libreforge-5.6.0-1780425196418.jar:?]
	at libreforge-5.6.0-1780425196418.jar/com.willfp.libreforge.LibreforgeSpigotPlugin.createTasks$lambda$1(LibreforgeSpigotPlugin.kt:219) ~[libreforge-5.6.0-1780425196418.jar:?]
	at org.bukkit.craftbukkit.scheduler.CraftTask.run(CraftTask.java:78) ~[paper-1.21.10.jar:1.21.10-117-df4b668]
	at org.bukkit.craftbukkit.scheduler.CraftScheduler.mainThreadHeartbeat(CraftScheduler.java:474) ~[paper-1.21.10.jar:1.21.10-117-df4b668]
	at net.minecraft.server.MinecraftServer.tickChildren(MinecraftServer.java:1744) ~[paper-1.21.10.jar:1.21.10-117-df4b668]
	at net.minecraft.server.MinecraftServer.tickServer(MinecraftServer.java:1618) ~[paper-1.21.10.jar:1.21.10-117-df4b668]
	at net.minecraft.server.dedicated.DedicatedServer.tickServer(DedicatedServer.java:430) ~[paper-1.21.10.jar:1.21.10-117-df4b668]
	at net.minecraft.server.MinecraftServer.runServer(MinecraftServer.java:1338) ~[paper-1.21.10.jar:1.21.10-117-df4b668]
	at net.minecraft.server.MinecraftServer.lambda$spin$2(MinecraftServer.java:384) ~[paper-1.21.10.jar:1.21.10-117-df4b668]
	at java.base/java.lang.Thread.run(Thread.java:1474) ~[?:?]
Caused by: java.lang.IllegalStateException: zip file closed
	at java.base/java.util.zip.ZipFile.ensureOpen(ZipFile.java:826) ~[?:?]
	at java.base/java.util.zip.ZipFile.getEntry(ZipFile.java:290) ~[?:?]
	at java.base/java.util.jar.JarFile.getEntry(JarFile.java:505) ~[?:?]
	at java.base/java.util.jar.JarFile.getJarEntry(JarFile.java:460) ~[?:?]
	at org.bukkit.plugin.java.PluginClassLoader.findClass(PluginClassLoader.java:223) ~[paper-api-1.21.10-R0.1-SNAPSHOT.jar:?]
	... 27 more
[19:05:07] [Server thread/WARN]: [libreforge] Task #674 for libreforge v5.6.0 generated an exception
java.lang.IllegalStateException: The plugin classloader for EcoSkills has thrown a zip file error.
	at org.bukkit.plugin.java.PluginClassLoader.findClass(PluginClassLoader.java:228) ~[paper-api-1.21.10-R0.1-SNAPSHOT.jar:?]
	at java.base/java.lang.ClassLoader.loadClass(ClassLoader.java:557) ~[?:?]
	at org.bukkit.plugin.java.PluginClassLoader.loadClass0(PluginClassLoader.java:180) ~[paper-api-1.21.10-R0.1-SNAPSHOT.jar:?]
	at org.bukkit.plugin.java.PluginClassLoader.loadClass(PluginClassLoader.java:175) ~[paper-api-1.21.10-R0.1-SNAPSHOT.jar:?]
	at java.base/java.lang.ClassLoader.loadClass(ClassLoader.java:490) ~[?:?]
	at EcoSkills v3.67.1.jar/com.willfp.ecoskills.EcoSkillsPlugin$handleEnable$$inlined$registerSpecificHolderProvider$1.provide(HolderProvider.kt:483) ~[EcoSkills v3.67.1.jar:?]
	at libreforge-5.6.0-1780425196418.jar/com.willfp.libreforge.HolderProviderKt.computeHolders(HolderProvider.kt:272) ~[libreforge-5.6.0-1780425196418.jar:?]
	at libreforge-5.6.0-1780425196418.jar/com.willfp.libreforge.HolderProviderKt._get_holders_$lambda$0(HolderProvider.kt:310) ~[libreforge-5.6.0-1780425196418.jar:?]
	at libreforge-5.6.0-1780425196418.jar/com.willfp.libreforge.HolderProviderKt._get_holders_$lambda$1(HolderProvider.kt:310) ~[libreforge-5.6.0-1780425196418.jar:?]
	at com.github.benmanes.caffeine.cache.BoundedLocalCache.lambda$doComputeIfAbsent$0(BoundedLocalCache.java:2707) ~[?:?]
	at java.base/java.util.concurrent.ConcurrentHashMap.compute(ConcurrentHashMap.java:1932) ~[?:?]
	at com.github.benmanes.caffeine.cache.BoundedLocalCache.doComputeIfAbsent(BoundedLocalCache.java:2705) ~[?:?]
	at com.github.benmanes.caffeine.cache.BoundedLocalCache.computeIfAbsent(BoundedLocalCache.java:2686) ~[?:?]
	at com.github.benmanes.caffeine.cache.LocalCache.computeIfAbsent(LocalCache.java:112) ~[?:?]
	at com.github.benmanes.caffeine.cache.LocalManualCache.get(LocalManualCache.java:63) ~[?:?]
	at libreforge-5.6.0-1780425196418.jar/com.willfp.libreforge.HolderProviderKt.getHolders(HolderProvider.kt:310) ~[libreforge-5.6.0-1780425196418.jar:?]
	at libreforge-5.6.0-1780425196418.jar/com.willfp.libreforge.HolderProviderKt.calculateActiveEffects(HolderProvider.kt:367) ~[libreforge-5.6.0-1780425196418.jar:?]
	at libreforge-5.6.0-1780425196418.jar/com.willfp.libreforge.HolderProviderKt.updateEffects(HolderProvider.kt:386) ~[libreforge-5.6.0-1780425196418.jar:?]
	at libreforge-5.6.0-1780425196418.jar/com.willfp.libreforge.HolderProviderKt.pollEffects(HolderProvider.kt:207) ~[libreforge-5.6.0-1780425196418.jar:?]
	at libreforge-5.6.0-1780425196418.jar/com.willfp.libreforge.LibreforgeSpigotPlugin.createTasks$lambda$1(LibreforgeSpigotPlugin.kt:219) ~[libreforge-5.6.0-1780425196418.jar:?]
	at org.bukkit.craftbukkit.scheduler.CraftTask.run(CraftTask.java:78) ~[paper-1.21.10.jar:1.21.10-117-df4b668]
	at org.bukkit.craftbukkit.scheduler.CraftScheduler.mainThreadHeartbeat(CraftScheduler.java:474) ~[paper-1.21.10.jar:1.21.10-117-df4b668]
	at net.minecraft.server.MinecraftServer.tickChildren(MinecraftServer.java:1744) ~[paper-1.21.10.jar:1.21.10-117-df4b668]
	at net.minecraft.server.MinecraftServer.tickServer(MinecraftServer.java:1618) ~[paper-1.21.10.jar:1.21.10-117-df4b668]
	at net.minecraft.server.dedicated.DedicatedServer.tickServer(DedicatedServer.java:430) ~[paper-1.21.10.jar:1.21.10-117-df4b668]
	at net.minecraft.server.MinecraftServer.runServer(MinecraftServer.java:1338) ~[paper-1.21.10.jar:1.21.10-117-df4b668]
	at net.minecraft.server.MinecraftServer.lambda$spin$2(MinecraftServer.java:384) ~[paper-1.21.10.jar:1.21.10-117-df4b668]
	at java.base/java.lang.Thread.run(Thread.java:1474) ~[?:?]
Caused by: java.lang.IllegalStateException: zip file closed
	at java.base/java.util.zip.ZipFile.ensureOpen(ZipFile.java:826) ~[?:?]
	at java.base/java.util.zip.ZipFile.getEntry(ZipFile.java:290) ~[?:?]
	at java.base/java.util.jar.JarFile.getEntry(JarFile.java:505) ~[?:?]
	at java.base/java.util.jar.JarFile.getJarEntry(JarFile.java:460) ~[?:?]
	at org.bukkit.plugin.java.PluginClassLoader.findClass(PluginClassLoader.java:223) ~[paper-api-1.21.10-R0.1-SNAPSHOT.jar:?]
	... 27 more
[19:05:08] [Server thread/WARN]: [libreforge] Task #674 for libreforge v5.6.0 generated an exception
java.lang.IllegalStateException: The plugin classloader for EcoSkills has thrown a zip file error.
	at org.bukkit.plugin.java.PluginClassLoader.findClass(PluginClassLoader.java:228) ~[paper-api-1.21.10-R0.1-SNAPSHOT.jar:?]
	at java.base/java.lang.ClassLoader.loadClass(ClassLoader.java:557) ~[?:?]
	at org.bukkit.plugin.java.PluginClassLoader.loadClass0(PluginClassLoader.java:180) ~[paper-api-1.21.10-R0.1-SNAPSHOT.jar:?]
	at org.bukkit.plugin.java.PluginClassLoader.loadClass(PluginClassLoader.java:175) ~[paper-api-1.21.10-R0.1-SNAPSHOT.jar:?]
	at java.base/java.lang.ClassLoader.loadClass(ClassLoader.java:490) ~[?:?]
	at EcoSkills v3.67.1.jar/com.willfp.ecoskills.EcoSkillsPlugin$handleEnable$$inlined$registerSpecificHolderProvider$1.provide(HolderProvider.kt:483) ~[EcoSkills v3.67.1.jar:?]
	at libreforge-5.6.0-1780425196418.jar/com.willfp.libreforge.HolderProviderKt.computeHolders(HolderProvider.kt:272) ~[libreforge-5.6.0-1780425196418.jar:?]
	at libreforge-5.6.0-1780425196418.jar/com.willfp.libreforge.HolderProviderKt._get_holders_$lambda$0(HolderProvider.kt:310) ~[libreforge-5.6.0-1780425196418.jar:?]
	at libreforge-5.6.0-1780425196418.jar/com.willfp.libreforge.HolderProviderKt._get_holders_$lambda$1(HolderProvider.kt:310) ~[libreforge-5.6.0-1780425196418.jar:?]
	at com.github.benmanes.caffeine.cache.BoundedLocalCache.lambda$doComputeIfAbsent$0(BoundedLocalCache.java:2707) ~[?:?]
	at java.base/java.util.concurrent.ConcurrentHashMap.compute(ConcurrentHashMap.java:1932) ~[?:?]
	at com.github.benmanes.caffeine.cache.BoundedLocalCache.doComputeIfAbsent(BoundedLocalCache.java:2705) ~[?:?]
	at com.github.benmanes.caffeine.cache.BoundedLocalCache.computeIfAbsent(BoundedLocalCache.java:2686) ~[?:?]
	at com.github.benmanes.caffeine.cache.LocalCache.computeIfAbsent(LocalCache.java:112) ~[?:?]
	at com.github.benmanes.caffeine.cache.LocalManualCache.get(LocalManualCache.java:63) ~[?:?]
	at libreforge-5.6.0-1780425196418.jar/com.willfp.libreforge.HolderProviderKt.getHolders(HolderProvider.kt:310) ~[libreforge-5.6.0-1780425196418.jar:?]
	at libreforge-5.6.0-1780425196418.jar/com.willfp.libreforge.HolderProviderKt.calculateActiveEffects(HolderProvider.kt:367) ~[libreforge-5.6.0-1780425196418.jar:?]
	at libreforge-5.6.0-1780425196418.jar/com.willfp.libreforge.HolderProviderKt.updateEffects(HolderProvider.kt:386) ~[libreforge-5.6.0-1780425196418.jar:?]
	at libreforge-5.6.0-1780425196418.jar/com.willfp.libreforge.HolderProviderKt.pollEffects(HolderProvider.kt:207) ~[libreforge-5.6.0-1780425196418.jar:?]
	at libreforge-5.6.0-1780425196418.jar/com.willfp.libreforge.LibreforgeSpigotPlugin.createTasks$lambda$1(LibreforgeSpigotPlugin.kt:219) ~[libreforge-5.6.0-1780425196418.jar:?]
	at org.bukkit.craftbukkit.scheduler.CraftTask.run(CraftTask.java:78) ~[paper-1.21.10.jar:1.21.10-117-df4b668]
	at org.bukkit.craftbukkit.scheduler.CraftScheduler.mainThreadHeartbeat(CraftScheduler.java:474) ~[paper-1.21.10.jar:1.21.10-117-df4b668]
	at net.minecraft.server.MinecraftServer.tickChildren(MinecraftServer.java:1744) ~[paper-1.21.10.jar:1.21.10-117-df4b668]
	at net.minecraft.server.MinecraftServer.tickServer(MinecraftServer.java:1618) ~[paper-1.21.10.jar:1.21.10-117-df4b668]
	at net.minecraft.server.dedicated.DedicatedServer.tickServer(DedicatedServer.java:430) ~[paper-1.21.10.jar:1.21.10-117-df4b668]
	at net.minecraft.server.MinecraftServer.runServer(MinecraftServer.java:1338) ~[paper-1.21.10.jar:1.21.10-117-df4b668]
	at net.minecraft.server.MinecraftServer.lambda$spin$2(MinecraftServer.java:384) ~[paper-1.21.10.jar:1.21.10-117-df4b668]
	at java.base/java.lang.Thread.run(Thread.java:1474) ~[?:?]
Caused by: java.lang.IllegalStateException: zip file closed
	at java.base/java.util.zip.ZipFile.ensureOpen(ZipFile.java:826) ~[?:?]
	at java.base/java.util.zip.ZipFile.getEntry(ZipFile.java:290) ~[?:?]
	at java.base/java.util.jar.JarFile.getEntry(JarFile.java:505) ~[?:?]
	at java.base/java.util.jar.JarFile.getJarEntry(JarFile.java:460) ~[?:?]
	at org.bukkit.plugin.java.PluginClassLoader.findClass(PluginClassLoader.java:223) ~[paper-api-1.21.10-R0.1-SNAPSHOT.jar:?]
	... 27 more
[19:05:09] [Server thread/WARN]: [libreforge] Task #674 for libreforge v5.6.0 generated an exception
java.lang.IllegalStateException: The plugin classloader for EcoSkills has thrown a zip file error.
	at org.bukkit.plugin.java.PluginClassLoader.findClass(PluginClassLoader.java:228) ~[paper-api-1.21.10-R0.1-SNAPSHOT.jar:?]
	at java.base/java.lang.ClassLoader.loadClass(ClassLoader.java:557) ~[?:?]
	at org.bukkit.plugin.java.PluginClassLoader.loadClass0(PluginClassLoader.java:180) ~[paper-api-1.21.10-R0.1-SNAPSHOT.jar:?]
	at org.bukkit.plugin.java.PluginClassLoader.loadClass(PluginClassLoader.java:175) ~[paper-api-1.21.10-R0.1-SNAPSHOT.jar:?]
	at java.base/java.lang.ClassLoader.loadClass(ClassLoader.java:490) ~[?:?]
	at EcoSkills v3.67.1.jar/com.willfp.ecoskills.EcoSkillsPlugin$handleEnable$$inlined$registerSpecificHolderProvider$1.provide(HolderProvider.kt:483) ~[EcoSkills v3.67.1.jar:?]
	at libreforge-5.6.0-1780425196418.jar/com.willfp.libreforge.HolderProviderKt.computeHolders(HolderProvider.kt:272) ~[libreforge-5.6.0-1780425196418.jar:?]
	at libreforge-5.6.0-1780425196418.jar/com.willfp.libreforge.HolderProviderKt._get_holders_$lambda$0(HolderProvider.kt:310) ~[libreforge-5.6.0-1780425196418.jar:?]
	at libreforge-5.6.0-1780425196418.jar/com.willfp.libreforge.HolderProviderKt._get_holders_$lambda$1(HolderProvider.kt:310) ~[libreforge-5.6.0-1780425196418.jar:?]
	at com.github.benmanes.caffeine.cache.BoundedLocalCache.lambda$doComputeIfAbsent$0(BoundedLocalCache.java:2707) ~[?:?]
	at java.base/java.util.concurrent.ConcurrentHashMap.compute(ConcurrentHashMap.java:1932) ~[?:?]
	at com.github.benmanes.caffeine.cache.BoundedLocalCache.doComputeIfAbsent(BoundedLocalCache.java:2705) ~[?:?]
	at com.github.benmanes.caffeine.cache.BoundedLocalCache.computeIfAbsent(BoundedLocalCache.java:2686) ~[?:?]
	at com.github.benmanes.caffeine.cache.LocalCache.computeIfAbsent(LocalCache.java:112) ~[?:?]
	at com.github.benmanes.caffeine.cache.LocalManualCache.get(LocalManualCache.java:63) ~[?:?]
	at libreforge-5.6.0-1780425196418.jar/com.willfp.libreforge.HolderProviderKt.getHolders(HolderProvider.kt:310) ~[libreforge-5.6.0-1780425196418.jar:?]
	at libreforge-5.6.0-1780425196418.jar/com.willfp.libreforge.HolderProviderKt.calculateActiveEffects(HolderProvider.kt:367) ~[libreforge-5.6.0-1780425196418.jar:?]
	at libreforge-5.6.0-1780425196418.jar/com.willfp.libreforge.HolderProviderKt.updateEffects(HolderProvider.kt:386) ~[libreforge-5.6.0-1780425196418.jar:?]
	at libreforge-5.6.0-1780425196418.jar/com.willfp.libreforge.HolderProviderKt.pollEffects(HolderProvider.kt:207) ~[libreforge-5.6.0-1780425196418.jar:?]
	at libreforge-5.6.0-1780425196418.jar/com.willfp.libreforge.LibreforgeSpigotPlugin.createTasks$lambda$1(LibreforgeSpigotPlugin.kt:219) ~[libreforge-5.6.0-1780425196418.jar:?]
	at org.bukkit.craftbukkit.scheduler.CraftTask.run(CraftTask.java:78) ~[paper-1.21.10.jar:1.21.10-117-df4b668]
	at org.bukkit.craftbukkit.scheduler.CraftScheduler.mainThreadHeartbeat(CraftScheduler.java:474) ~[paper-1.21.10.jar:1.21.10-117-df4b668]
	at net.minecraft.server.MinecraftServer.tickChildren(MinecraftServer.java:1744) ~[paper-1.21.10.jar:1.21.10-117-df4b668]
	at net.minecraft.server.MinecraftServer.tickServer(MinecraftServer.java:1618) ~[paper-1.21.10.jar:1.21.10-117-df4b668]
	at net.minecraft.server.dedicated.DedicatedServer.tickServer(DedicatedServer.java:430) ~[paper-1.21.10.jar:1.21.10-117-df4b668]
	at net.minecraft.server.MinecraftServer.runServer(MinecraftServer.java:1338) ~[paper-1.21.10.jar:1.21.10-117-df4b668]
	at net.minecraft.server.MinecraftServer.lambda$spin$2(MinecraftServer.java:384) ~[paper-1.21.10.jar:1.21.10-117-df4b668]
	at java.base/java.lang.Thread.run(Thread.java:1474) ~[?:?]
Caused by: java.lang.IllegalStateException: zip file closed
	at java.base/java.util.zip.ZipFile.ensureOpen(ZipFile.java:826) ~[?:?]
	at java.base/java.util.zip.ZipFile.getEntry(ZipFile.java:290) ~[?:?]
	at java.base/java.util.jar.JarFile.getEntry(JarFile.java:505) ~[?:?]
	at java.base/java.util.jar.JarFile.getJarEntry(JarFile.java:460) ~[?:?]
	at org.bukkit.plugin.java.PluginClassLoader.findClass(PluginClassLoader.java:223) ~[paper-api-1.21.10-R0.1-SNAPSHOT.jar:?]
	... 27 more
[19:05:10] [Server thread/WARN]: [libreforge] Task #674 for libreforge v5.6.0 generated an exception
java.lang.IllegalStateException: The plugin classloader for EcoSkills has thrown a zip file error.
	at org.bukkit.plugin.java.PluginClassLoader.findClass(PluginClassLoader.java:228) ~[paper-api-1.21.10-R0.1-SNAPSHOT.jar:?]
	at java.base/java.lang.ClassLoader.loadClass(ClassLoader.java:557) ~[?:?]
	at org.bukkit.plugin.java.PluginClassLoader.loadClass0(PluginClassLoader.java:180) ~[paper-api-1.21.10-R0.1-SNAPSHOT.jar:?]
	at org.bukkit.plugin.java.PluginClassLoader.loadClass(PluginClassLoader.java:175) ~[paper-api-1.21.10-R0.1-SNAPSHOT.jar:?]
	at java.base/java.lang.ClassLoader.loadClass(ClassLoader.java:490) ~[?:?]
	at EcoSkills v3.67.1.jar/com.willfp.ecoskills.EcoSkillsPlugin$handleEnable$$inlined$registerSpecificHolderProvider$1.provide(HolderProvider.kt:483) ~[EcoSkills v3.67.1.jar:?]
	at libreforge-5.6.0-1780425196418.jar/com.willfp.libreforge.HolderProviderKt.computeHolders(HolderProvider.kt:272) ~[libreforge-5.6.0-1780425196418.jar:?]
	at libreforge-5.6.0-1780425196418.jar/com.willfp.libreforge.HolderProviderKt._get_holders_$lambda$0(HolderProvider.kt:310) ~[libreforge-5.6.0-1780425196418.jar:?]
	at libreforge-5.6.0-1780425196418.jar/com.willfp.libreforge.HolderProviderKt._get_holders_$lambda$1(HolderProvider.kt:310) ~[libreforge-5.6.0-1780425196418.jar:?]
	at com.github.benmanes.caffeine.cache.BoundedLocalCache.lambda$doComputeIfAbsent$0(BoundedLocalCache.java:2707) ~[?:?]
	at java.base/java.util.concurrent.ConcurrentHashMap.compute(ConcurrentHashMap.java:1932) ~[?:?]
	at com.github.benmanes.caffeine.cache.BoundedLocalCache.doComputeIfAbsent(BoundedLocalCache.java:2705) ~[?:?]
	at com.github.benmanes.caffeine.cache.BoundedLocalCache.computeIfAbsent(BoundedLocalCache.java:2686) ~[?:?]
	at com.github.benmanes.caffeine.cache.LocalCache.computeIfAbsent(LocalCache.java:112) ~[?:?]
	at com.github.benmanes.caffeine.cache.LocalManualCache.get(LocalManualCache.java:63) ~[?:?]
	at libreforge-5.6.0-1780425196418.jar/com.willfp.libreforge.HolderProviderKt.getHolders(HolderProvider.kt:310) ~[libreforge-5.6.0-1780425196418.jar:?]
	at libreforge-5.6.0-1780425196418.jar/com.willfp.libreforge.HolderProviderKt.calculateActiveEffects(HolderProvider.kt:367) ~[libreforge-5.6.0-1780425196418.jar:?]
	at libreforge-5.6.0-1780425196418.jar/com.willfp.libreforge.HolderProviderKt.updateEffects(HolderProvider.kt:386) ~[libreforge-5.6.0-1780425196418.jar:?]
	at libreforge-5.6.0-1780425196418.jar/com.willfp.libreforge.HolderProviderKt.pollEffects(HolderProvider.kt:207) ~[libreforge-5.6.0-1780425196418.jar:?]
	at libreforge-5.6.0-1780425196418.jar/com.willfp.libreforge.LibreforgeSpigotPlugin.createTasks$lambda$1(LibreforgeSpigotPlugin.kt:219) ~[libreforge-5.6.0-1780425196418.jar:?]
	at org.bukkit.craftbukkit.scheduler.CraftTask.run(CraftTask.java:78) ~[paper-1.21.10.jar:1.21.10-117-df4b668]
	at org.bukkit.craftbukkit.scheduler.CraftScheduler.mainThreadHeartbeat(CraftScheduler.java:474) ~[paper-1.21.10.jar:1.21.10-117-df4b668]
	at net.minecraft.server.MinecraftServer.tickChildren(MinecraftServer.java:1744) ~[paper-1.21.10.jar:1.21.10-117-df4b668]
	at net.minecraft.server.MinecraftServer.tickServer(MinecraftServer.java:1618) ~[paper-1.21.10.jar:1.21.10-117-df4b668]
	at net.minecraft.server.dedicated.DedicatedServer.tickServer(DedicatedServer.java:430) ~[paper-1.21.10.jar:1.21.10-117-df4b668]
	at net.minecraft.server.MinecraftServer.runServer(MinecraftServer.java:1338) ~[paper-1.21.10.jar:1.21.10-117-df4b668]
	at net.minecraft.server.MinecraftServer.lambda$spin$2(MinecraftServer.java:384) ~[paper-1.21.10.jar:1.21.10-117-df4b668]
	at java.base/java.lang.Thread.run(Thread.java:1474) ~[?:?]
Caused by: java.lang.IllegalStateException: zip file closed
	at java.base/java.util.zip.ZipFile.ensureOpen(ZipFile.java:826) ~[?:?]
	at java.base/java.util.zip.ZipFile.getEntry(ZipFile.java:290) ~[?:?]
	at java.base/java.util.jar.JarFile.getEntry(JarFile.java:505) ~[?:?]
	at java.base/java.util.jar.JarFile.getJarEntry(JarFile.java:460) ~[?:?]
	at org.bukkit.plugin.java.PluginClassLoader.findClass(PluginClassLoader.java:223) ~[paper-api-1.21.10-R0.1-SNAPSHOT.jar:?]
	... 27 more
[19:05:11] [Server thread/WARN]: [libreforge] Task #674 for libreforge v5.6.0 generated an exception
java.lang.IllegalStateException: The plugin classloader for EcoSkills has thrown a zip file error.
	at org.bukkit.plugin.java.PluginClassLoader.findClass(PluginClassLoader.java:228) ~[paper-api-1.21.10-R0.1-SNAPSHOT.jar:?]
	at java.base/java.lang.ClassLoader.loadClass(ClassLoader.java:557) ~[?:?]
	at org.bukkit.plugin.java.PluginClassLoader.loadClass0(PluginClassLoader.java:180) ~[paper-api-1.21.10-R0.1-SNAPSHOT.jar:?]
	at org.bukkit.plugin.java.PluginClassLoader.loadClass(PluginClassLoader.java:175) ~[paper-api-1.21.10-R0.1-SNAPSHOT.jar:?]
	at java.base/java.lang.ClassLoader.loadClass(ClassLoader.java:490) ~[?:?]
	at EcoSkills v3.67.1.jar/com.willfp.ecoskills.EcoSkillsPlugin$handleEnable$$inlined$registerSpecificHolderProvider$1.provide(HolderProvider.kt:483) ~[EcoSkills v3.67.1.jar:?]
	at libreforge-5.6.0-1780425196418.jar/com.willfp.libreforge.HolderProviderKt.computeHolders(HolderProvider.kt:272) ~[libreforge-5.6.0-1780425196418.jar:?]
	at libreforge-5.6.0-1780425196418.jar/com.willfp.libreforge.HolderProviderKt._get_holders_$lambda$0(HolderProvider.kt:310) ~[libreforge-5.6.0-1780425196418.jar:?]
	at libreforge-5.6.0-1780425196418.jar/com.willfp.libreforge.HolderProviderKt._get_holders_$lambda$1(HolderProvider.kt:310) ~[libreforge-5.6.0-1780425196418.jar:?]
	at com.github.benmanes.caffeine.cache.BoundedLocalCache.lambda$doComputeIfAbsent$0(BoundedLocalCache.java:2707) ~[?:?]
	at java.base/java.util.concurrent.ConcurrentHashMap.compute(ConcurrentHashMap.java:1932) ~[?:?]
	at com.github.benmanes.caffeine.cache.BoundedLocalCache.doComputeIfAbsent(BoundedLocalCache.java:2705) ~[?:?]
	at com.github.benmanes.caffeine.cache.BoundedLocalCache.computeIfAbsent(BoundedLocalCache.java:2686) ~[?:?]
	at com.github.benmanes.caffeine.cache.LocalCache.computeIfAbsent(LocalCache.java:112) ~[?:?]
	at com.github.benmanes.caffeine.cache.LocalManualCache.get(LocalManualCache.java:63) ~[?:?]
	at libreforge-5.6.0-1780425196418.jar/com.willfp.libreforge.HolderProviderKt.getHolders(HolderProvider.kt:310) ~[libreforge-5.6.0-1780425196418.jar:?]
	at libreforge-5.6.0-1780425196418.jar/com.willfp.libreforge.HolderProviderKt.calculateActiveEffects(HolderProvider.kt:367) ~[libreforge-5.6.0-1780425196418.jar:?]
	at libreforge-5.6.0-1780425196418.jar/com.willfp.libreforge.HolderProviderKt.updateEffects(HolderProvider.kt:386) ~[libreforge-5.6.0-1780425196418.jar:?]
	at libreforge-5.6.0-1780425196418.jar/com.willfp.libreforge.HolderProviderKt.pollEffects(HolderProvider.kt:207) ~[libreforge-5.6.0-1780425196418.jar:?]
	at libreforge-5.6.0-1780425196418.jar/com.willfp.libreforge.LibreforgeSpigotPlugin.createTasks$lambda$1(LibreforgeSpigotPlugin.kt:219) ~[libreforge-5.6.0-1780425196418.jar:?]
	at org.bukkit.craftbukkit.scheduler.CraftTask.run(CraftTask.java:78) ~[paper-1.21.10.jar:1.21.10-117-df4b668]
	at org.bukkit.craftbukkit.scheduler.CraftScheduler.mainThreadHeartbeat(CraftScheduler.java:474) ~[paper-1.21.10.jar:1.21.10-117-df4b668]
	at net.minecraft.server.MinecraftServer.tickChildren(MinecraftServer.java:1744) ~[paper-1.21.10.jar:1.21.10-117-df4b668]
	at net.minecraft.server.MinecraftServer.tickServer(MinecraftServer.java:1618) ~[paper-1.21.10.jar:1.21.10-117-df4b668]
	at net.minecraft.server.dedicated.DedicatedServer.tickServer(DedicatedServer.java:430) ~[paper-1.21.10.jar:1.21.10-117-df4b668]
	at net.minecraft.server.MinecraftServer.runServer(MinecraftServer.java:1338) ~[paper-1.21.10.jar:1.21.10-117-df4b668]
	at net.minecraft.server.MinecraftServer.lambda$spin$2(MinecraftServer.java:384) ~[paper-1.21.10.jar:1.21.10-117-df4b668]
	at java.base/java.lang.Thread.run(Thread.java:1474) ~[?:?]
Caused by: java.lang.IllegalStateException: zip file closed
	at java.base/java.util.zip.ZipFile.ensureOpen(ZipFile.java:826) ~[?:?]
	at java.base/java.util.zip.ZipFile.getEntry(ZipFile.java:290) ~[?:?]
	at java.base/java.util.jar.JarFile.getEntry(JarFile.java:505) ~[?:?]
	at java.base/java.util.jar.JarFile.getJarEntry(JarFile.java:460) ~[?:?]
	at org.bukkit.plugin.java.PluginClassLoader.findClass(PluginClassLoader.java:223) ~[paper-api-1.21.10-R0.1-SNAPSHOT.jar:?]
	... 27 more
[19:05:12] [Server thread/WARN]: [libreforge] Task #674 for libreforge v5.6.0 generated an exception
java.lang.IllegalStateException: The plugin classloader for EcoSkills has thrown a zip file error.
	at org.bukkit.plugin.java.PluginClassLoader.findClass(PluginClassLoader.java:228) ~[paper-api-1.21.10-R0.1-SNAPSHOT.jar:?]
	at java.base/java.lang.ClassLoader.loadClass(ClassLoader.java:557) ~[?:?]
	at org.bukkit.plugin.java.PluginClassLoader.loadClass0(PluginClassLoader.java:180) ~[paper-api-1.21.10-R0.1-SNAPSHOT.jar:?]
	at org.bukkit.plugin.java.PluginClassLoader.loadClass(PluginClassLoader.java:175) ~[paper-api-1.21.10-R0.1-SNAPSHOT.jar:?]
	at java.base/java.lang.ClassLoader.loadClass(ClassLoader.java:490) ~[?:?]
	at EcoSkills v3.67.1.jar/com.willfp.ecoskills.EcoSkillsPlugin$handleEnable$$inlined$registerSpecificHolderProvider$1.provide(HolderProvider.kt:483) ~[EcoSkills v3.67.1.jar:?]
	at libreforge-5.6.0-1780425196418.jar/com.willfp.libreforge.HolderProviderKt.computeHolders(HolderProvider.kt:272) ~[libreforge-5.6.0-1780425196418.jar:?]
	at libreforge-5.6.0-1780425196418.jar/com.willfp.libreforge.HolderProviderKt._get_holders_$lambda$0(HolderProvider.kt:310) ~[libreforge-5.6.0-1780425196418.jar:?]
	at libreforge-5.6.0-1780425196418.jar/com.willfp.libreforge.HolderProviderKt._get_holders_$lambda$1(HolderProvider.kt:310) ~[libreforge-5.6.0-1780425196418.jar:?]
	at com.github.benmanes.caffeine.cache.BoundedLocalCache.lambda$doComputeIfAbsent$0(BoundedLocalCache.java:2707) ~[?:?]
	at java.base/java.util.concurrent.ConcurrentHashMap.compute(ConcurrentHashMap.java:1932) ~[?:?]
	at com.github.benmanes.caffeine.cache.BoundedLocalCache.doComputeIfAbsent(BoundedLocalCache.java:2705) ~[?:?]
	at com.github.benmanes.caffeine.cache.BoundedLocalCache.computeIfAbsent(BoundedLocalCache.java:2686) ~[?:?]
	at com.github.benmanes.caffeine.cache.LocalCache.computeIfAbsent(LocalCache.java:112) ~[?:?]
	at com.github.benmanes.caffeine.cache.LocalManualCache.get(LocalManualCache.java:63) ~[?:?]
	at libreforge-5.6.0-1780425196418.jar/com.willfp.libreforge.HolderProviderKt.getHolders(HolderProvider.kt:310) ~[libreforge-5.6.0-1780425196418.jar:?]
	at libreforge-5.6.0-1780425196418.jar/com.willfp.libreforge.HolderProviderKt.calculateActiveEffects(HolderProvider.kt:367) ~[libreforge-5.6.0-1780425196418.jar:?]
	at libreforge-5.6.0-1780425196418.jar/com.willfp.libreforge.HolderProviderKt.updateEffects(HolderProvider.kt:386) ~[libreforge-5.6.0-1780425196418.jar:?]
	at libreforge-5.6.0-1780425196418.jar/com.willfp.libreforge.HolderProviderKt.pollEffects(HolderProvider.kt:207) ~[libreforge-5.6.0-1780425196418.jar:?]
	at libreforge-5.6.0-1780425196418.jar/com.willfp.libreforge.LibreforgeSpigotPlugin.createTasks$lambda$1(LibreforgeSpigotPlugin.kt:219) ~[libreforge-5.6.0-1780425196418.jar:?]
	at org.bukkit.craftbukkit.scheduler.CraftTask.run(CraftTask.java:78) ~[paper-1.21.10.jar:1.21.10-117-df4b668]
	at org.bukkit.craftbukkit.scheduler.CraftScheduler.mainThreadHeartbeat(CraftScheduler.java:474) ~[paper-1.21.10.jar:1.21.10-117-df4b668]
	at net.minecraft.server.MinecraftServer.tickChildren(MinecraftServer.java:1744) ~[paper-1.21.10.jar:1.21.10-117-df4b668]
	at net.minecraft.server.MinecraftServer.tickServer(MinecraftServer.java:1618) ~[paper-1.21.10.jar:1.21.10-117-df4b668]
	at net.minecraft.server.dedicated.DedicatedServer.tickServer(DedicatedServer.java:430) ~[paper-1.21.10.jar:1.21.10-117-df4b668]
	at net.minecraft.server.MinecraftServer.runServer(MinecraftServer.java:1338) ~[paper-1.21.10.jar:1.21.10-117-df4b668]
	at net.minecraft.server.MinecraftServer.lambda$spin$2(MinecraftServer.java:384) ~[paper-1.21.10.jar:1.21.10-117-df4b668]
	at java.base/java.lang.Thread.run(Thread.java:1474) ~[?:?]
Caused by: java.lang.IllegalStateException: zip file closed
	at java.base/java.util.zip.ZipFile.ensureOpen(ZipFile.java:826) ~[?:?]
	at java.base/java.util.zip.ZipFile.getEntry(ZipFile.java:290) ~[?:?]
	at java.base/java.util.jar.JarFile.getEntry(JarFile.java:505) ~[?:?]
	at java.base/java.util.jar.JarFile.getJarEntry(JarFile.java:460) ~[?:?]
	at org.bukkit.plugin.java.PluginClassLoader.findClass(PluginClassLoader.java:223) ~[paper-api-1.21.10-R0.1-SNAPSHOT.jar:?]
	... 27 more
[19:05:13] [Server thread/WARN]: [libreforge] Task #674 for libreforge v5.6.0 generated an exception
java.lang.IllegalStateException: The plugin classloader for EcoSkills has thrown a zip file error.
	at org.bukkit.plugin.java.PluginClassLoader.findClass(PluginClassLoader.java:228) ~[paper-api-1.21.10-R0.1-SNAPSHOT.jar:?]
	at java.base/java.lang.ClassLoader.loadClass(ClassLoader.java:557) ~[?:?]
	at org.bukkit.plugin.java.PluginClassLoader.loadClass0(PluginClassLoader.java:180) ~[paper-api-1.21.10-R0.1-SNAPSHOT.jar:?]
	at org.bukkit.plugin.java.PluginClassLoader.loadClass(PluginClassLoader.java:175) ~[paper-api-1.21.10-R0.1-SNAPSHOT.jar:?]
	at java.base/java.lang.ClassLoader.loadClass(ClassLoader.java:490) ~[?:?]
	at EcoSkills v3.67.1.jar/com.willfp.ecoskills.EcoSkillsPlugin$handleEnable$$inlined$registerSpecificHolderProvider$1.provide(HolderProvider.kt:483) ~[EcoSkills v3.67.1.jar:?]
	at libreforge-5.6.0-1780425196418.jar/com.willfp.libreforge.HolderProviderKt.computeHolders(HolderProvider.kt:272) ~[libreforge-5.6.0-1780425196418.jar:?]
	at libreforge-5.6.0-1780425196418.jar/com.willfp.libreforge.HolderProviderKt._get_holders_$lambda$0(HolderProvider.kt:310) ~[libreforge-5.6.0-1780425196418.jar:?]
	at libreforge-5.6.0-1780425196418.jar/com.willfp.libreforge.HolderProviderKt._get_holders_$lambda$1(HolderProvider.kt:310) ~[libreforge-5.6.0-1780425196418.jar:?]
	at com.github.benmanes.caffeine.cache.BoundedLocalCache.lambda$doComputeIfAbsent$0(BoundedLocalCache.java:2707) ~[?:?]
	at java.base/java.util.concurrent.ConcurrentHashMap.compute(ConcurrentHashMap.java:1932) ~[?:?]
	at com.github.benmanes.caffeine.cache.BoundedLocalCache.doComputeIfAbsent(BoundedLocalCache.java:2705) ~[?:?]
	at com.github.benmanes.caffeine.cache.BoundedLocalCache.computeIfAbsent(BoundedLocalCache.java:2686) ~[?:?]
	at com.github.benmanes.caffeine.cache.LocalCache.computeIfAbsent(LocalCache.java:112) ~[?:?]
	at com.github.benmanes.caffeine.cache.LocalManualCache.get(LocalManualCache.java:63) ~[?:?]
	at libreforge-5.6.0-1780425196418.jar/com.willfp.libreforge.HolderProviderKt.getHolders(HolderProvider.kt:310) ~[libreforge-5.6.0-1780425196418.jar:?]
	at libreforge-5.6.0-1780425196418.jar/com.willfp.libreforge.HolderProviderKt.calculateActiveEffects(HolderProvider.kt:367) ~[libreforge-5.6.0-1780425196418.jar:?]
	at libreforge-5.6.0-1780425196418.jar/com.willfp.libreforge.HolderProviderKt.updateEffects(HolderProvider.kt:386) ~[libreforge-5.6.0-1780425196418.jar:?]
	at libreforge-5.6.0-1780425196418.jar/com.willfp.libreforge.HolderProviderKt.pollEffects(HolderProvider.kt:207) ~[libreforge-5.6.0-1780425196418.jar:?]
	at libreforge-5.6.0-1780425196418.jar/com.willfp.libreforge.LibreforgeSpigotPlugin.createTasks$lambda$1(LibreforgeSpigotPlugin.kt:219) ~[libreforge-5.6.0-1780425196418.jar:?]
	at org.bukkit.craftbukkit.scheduler.CraftTask.run(CraftTask.java:78) ~[paper-1.21.10.jar:1.21.10-117-df4b668]
	at org.bukkit.craftbukkit.scheduler.CraftScheduler.mainThreadHeartbeat(CraftScheduler.java:474) ~[paper-1.21.10.jar:1.21.10-117-df4b668]
	at net.minecraft.server.MinecraftServer.tickChildren(MinecraftServer.java:1744) ~[paper-1.21.10.jar:1.21.10-117-df4b668]
	at net.minecraft.server.MinecraftServer.tickServer(MinecraftServer.java:1618) ~[paper-1.21.10.jar:1.21.10-117-df4b668]
	at net.minecraft.server.dedicated.DedicatedServer.tickServer(DedicatedServer.java:430) ~[paper-1.21.10.jar:1.21.10-117-df4b668]
	at net.minecraft.server.MinecraftServer.runServer(MinecraftServer.java:1338) ~[paper-1.21.10.jar:1.21.10-117-df4b668]
	at net.minecraft.server.MinecraftServer.lambda$spin$2(MinecraftServer.java:384) ~[paper-1.21.10.jar:1.21.10-117-df4b668]
	at java.base/java.lang.Thread.run(Thread.java:1474) ~[?:?]
Caused by: java.lang.IllegalStateException: zip file closed
	at java.base/java.util.zip.ZipFile.ensureOpen(ZipFile.java:826) ~[?:?]
	at java.base/java.util.zip.ZipFile.getEntry(ZipFile.java:290) ~[?:?]
	at java.base/java.util.jar.JarFile.getEntry(JarFile.java:505) ~[?:?]
	at java.base/java.util.jar.JarFile.getJarEntry(JarFile.java:460) ~[?:?]
	at org.bukkit.plugin.java.PluginClassLoader.findClass(PluginClassLoader.java:223) ~[paper-api-1.21.10-R0.1-SNAPSHOT.jar:?]
	... 27 more
[19:05:14] [Server thread/WARN]: [libreforge] Task #674 for libreforge v5.6.0 generated an exception
java.lang.IllegalStateException: The plugin classloader for EcoSkills has thrown a zip file error.
	at org.bukkit.plugin.java.PluginClassLoader.findClass(PluginClassLoader.java:228) ~[paper-api-1.21.10-R0.1-SNAPSHOT.jar:?]
	at java.base/java.lang.ClassLoader.loadClass(ClassLoader.java:557) ~[?:?]
	at org.bukkit.plugin.java.PluginClassLoader.loadClass0(PluginClassLoader.java:180) ~[paper-api-1.21.10-R0.1-SNAPSHOT.jar:?]
	at org.bukkit.plugin.java.PluginClassLoader.loadClass(PluginClassLoader.java:175) ~[paper-api-1.21.10-R0.1-SNAPSHOT.jar:?]
	at java.base/java.lang.ClassLoader.loadClass(ClassLoader.java:490) ~[?:?]
	at EcoSkills v3.67.1.jar/com.willfp.ecoskills.EcoSkillsPlugin$handleEnable$$inlined$registerSpecificHolderProvider$1.provide(HolderProvider.kt:483) ~[EcoSkills v3.67.1.jar:?]
	at libreforge-5.6.0-1780425196418.jar/com.willfp.libreforge.HolderProviderKt.computeHolders(HolderProvider.kt:272) ~[libreforge-5.6.0-1780425196418.jar:?]
	at libreforge-5.6.0-1780425196418.jar/com.willfp.libreforge.HolderProviderKt._get_holders_$lambda$0(HolderProvider.kt:310) ~[libreforge-5.6.0-1780425196418.jar:?]
	at libreforge-5.6.0-1780425196418.jar/com.willfp.libreforge.HolderProviderKt._get_holders_$lambda$1(HolderProvider.kt:310) ~[libreforge-5.6.0-1780425196418.jar:?]
	at com.github.benmanes.caffeine.cache.BoundedLocalCache.lambda$doComputeIfAbsent$0(BoundedLocalCache.java:2707) ~[?:?]
	at java.base/java.util.concurrent.ConcurrentHashMap.compute(ConcurrentHashMap.java:1932) ~[?:?]
	at com.github.benmanes.caffeine.cache.BoundedLocalCache.doComputeIfAbsent(BoundedLocalCache.java:2705) ~[?:?]
	at com.github.benmanes.caffeine.cache.BoundedLocalCache.computeIfAbsent(BoundedLocalCache.java:2686) ~[?:?]
	at com.github.benmanes.caffeine.cache.LocalCache.computeIfAbsent(LocalCache.java:112) ~[?:?]
	at com.github.benmanes.caffeine.cache.LocalManualCache.get(LocalManualCache.java:63) ~[?:?]
	at libreforge-5.6.0-1780425196418.jar/com.willfp.libreforge.HolderProviderKt.getHolders(HolderProvider.kt:310) ~[libreforge-5.6.0-1780425196418.jar:?]
	at libreforge-5.6.0-1780425196418.jar/com.willfp.libreforge.HolderProviderKt.calculateActiveEffects(HolderProvider.kt:367) ~[libreforge-5.6.0-1780425196418.jar:?]
	at libreforge-5.6.0-1780425196418.jar/com.willfp.libreforge.HolderProviderKt.updateEffects(HolderProvider.kt:386) ~[libreforge-5.6.0-1780425196418.jar:?]
	at libreforge-5.6.0-1780425196418.jar/com.willfp.libreforge.HolderProviderKt.pollEffects(HolderProvider.kt:207) ~[libreforge-5.6.0-1780425196418.jar:?]
	at libreforge-5.6.0-1780425196418.jar/com.willfp.libreforge.LibreforgeSpigotPlugin.createTasks$lambda$1(LibreforgeSpigotPlugin.kt:219) ~[libreforge-5.6.0-1780425196418.jar:?]
	at org.bukkit.craftbukkit.scheduler.CraftTask.run(CraftTask.java:78) ~[paper-1.21.10.jar:1.21.10-117-df4b668]
	at org.bukkit.craftbukkit.scheduler.CraftScheduler.mainThreadHeartbeat(CraftScheduler.java:474) ~[paper-1.21.10.jar:1.21.10-117-df4b668]
	at net.minecraft.server.MinecraftServer.tickChildren(MinecraftServer.java:1744) ~[paper-1.21.10.jar:1.21.10-117-df4b668]
	at net.minecraft.server.MinecraftServer.tickServer(MinecraftServer.java:1618) ~[paper-1.21.10.jar:1.21.10-117-df4b668]
	at net.minecraft.server.dedicated.DedicatedServer.tickServer(DedicatedServer.java:430) ~[paper-1.21.10.jar:1.21.10-117-df4b668]
	at net.minecraft.server.MinecraftServer.runServer(MinecraftServer.java:1338) ~[paper-1.21.10.jar:1.21.10-117-df4b668]
	at net.minecraft.server.MinecraftServer.lambda$spin$2(MinecraftServer.java:384) ~[paper-1.21.10.jar:1.21.10-117-df4b668]
	at java.base/java.lang.Thread.run(Thread.java:1474) ~[?:?]
Caused by: java.lang.IllegalStateException: zip file closed
	at java.base/java.util.zip.ZipFile.ensureOpen(ZipFile.java:826) ~[?:?]
	at java.base/java.util.zip.ZipFile.getEntry(ZipFile.java:290) ~[?:?]
	at java.base/java.util.jar.JarFile.getEntry(JarFile.java:505) ~[?:?]
	at java.base/java.util.jar.JarFile.getJarEntry(JarFile.java:460) ~[?:?]
	at org.bukkit.plugin.java.PluginClassLoader.findClass(PluginClassLoader.java:223) ~[paper-api-1.21.10-R0.1-SNAPSHOT.jar:?]
	... 27 more
[19:05:15] [Server thread/WARN]: [libreforge] Task #674 for libreforge v5.6.0 generated an exception
java.lang.IllegalStateException: The plugin classloader for EcoSkills has thrown a zip file error.
	at org.bukkit.plugin.java.PluginClassLoader.findClass(PluginClassLoader.java:228) ~[paper-api-1.21.10-R0.1-SNAPSHOT.jar:?]
	at java.base/java.lang.ClassLoader.loadClass(ClassLoader.java:557) ~[?:?]
	at org.bukkit.plugin.java.PluginClassLoader.loadClass0(PluginClassLoader.java:180) ~[paper-api-1.21.10-R0.1-SNAPSHOT.jar:?]
	at org.bukkit.plugin.java.PluginClassLoader.loadClass(PluginClassLoader.java:175) ~[paper-api-1.21.10-R0.1-SNAPSHOT.jar:?]
	at java.base/java.lang.ClassLoader.loadClass(ClassLoader.java:490) ~[?:?]
	at EcoSkills v3.67.1.jar/com.willfp.ecoskills.EcoSkillsPlugin$handleEnable$$inlined$registerSpecificHolderProvider$1.provide(HolderProvider.kt:483) ~[EcoSkills v3.67.1.jar:?]
	at libreforge-5.6.0-1780425196418.jar/com.willfp.libreforge.HolderProviderKt.computeHolders(HolderProvider.kt:272) ~[libreforge-5.6.0-1780425196418.jar:?]
	at libreforge-5.6.0-1780425196418.jar/com.willfp.libreforge.HolderProviderKt._get_holders_$lambda$0(HolderProvider.kt:310) ~[libreforge-5.6.0-1780425196418.jar:?]
	at libreforge-5.6.0-1780425196418.jar/com.willfp.libreforge.HolderProviderKt._get_holders_$lambda$1(HolderProvider.kt:310) ~[libreforge-5.6.0-1780425196418.jar:?]
	at com.github.benmanes.caffeine.cache.BoundedLocalCache.lambda$doComputeIfAbsent$0(BoundedLocalCache.java:2707) ~[?:?]
	at java.base/java.util.concurrent.ConcurrentHashMap.compute(ConcurrentHashMap.java:1932) ~[?:?]
	at com.github.benmanes.caffeine.cache.BoundedLocalCache.doComputeIfAbsent(BoundedLocalCache.java:2705) ~[?:?]
	at com.github.benmanes.caffeine.cache.BoundedLocalCache.computeIfAbsent(BoundedLocalCache.java:2686) ~[?:?]
	at com.github.benmanes.caffeine.cache.LocalCache.computeIfAbsent(LocalCache.java:112) ~[?:?]
	at com.github.benmanes.caffeine.cache.LocalManualCache.get(LocalManualCache.java:63) ~[?:?]
	at libreforge-5.6.0-1780425196418.jar/com.willfp.libreforge.HolderProviderKt.getHolders(HolderProvider.kt:310) ~[libreforge-5.6.0-1780425196418.jar:?]
	at libreforge-5.6.0-1780425196418.jar/com.willfp.libreforge.HolderProviderKt.calculateActiveEffects(HolderProvider.kt:367) ~[libreforge-5.6.0-1780425196418.jar:?]
	at libreforge-5.6.0-1780425196418.jar/com.willfp.libreforge.HolderProviderKt.updateEffects(HolderProvider.kt:386) ~[libreforge-5.6.0-1780425196418.jar:?]
	at libreforge-5.6.0-1780425196418.jar/com.willfp.libreforge.HolderProviderKt.pollEffects(HolderProvider.kt:207) ~[libreforge-5.6.0-1780425196418.jar:?]
	at libreforge-5.6.0-1780425196418.jar/com.willfp.libreforge.LibreforgeSpigotPlugin.createTasks$lambda$1(LibreforgeSpigotPlugin.kt:219) ~[libreforge-5.6.0-1780425196418.jar:?]
	at org.bukkit.craftbukkit.scheduler.CraftTask.run(CraftTask.java:78) ~[paper-1.21.10.jar:1.21.10-117-df4b668]
	at org.bukkit.craftbukkit.scheduler.CraftScheduler.mainThreadHeartbeat(CraftScheduler.java:474) ~[paper-1.21.10.jar:1.21.10-117-df4b668]
	at net.minecraft.server.MinecraftServer.tickChildren(MinecraftServer.java:1744) ~[paper-1.21.10.jar:1.21.10-117-df4b668]
	at net.minecraft.server.MinecraftServer.tickServer(MinecraftServer.java:1618) ~[paper-1.21.10.jar:1.21.10-117-df4b668]
	at net.minecraft.server.dedicated.DedicatedServer.tickServer(DedicatedServer.java:430) ~[paper-1.21.10.jar:1.21.10-117-df4b668]
	at net.minecraft.server.MinecraftServer.runServer(MinecraftServer.java:1338) ~[paper-1.21.10.jar:1.21.10-117-df4b668]
	at net.minecraft.server.MinecraftServer.lambda$spin$2(MinecraftServer.java:384) ~[paper-1.21.10.jar:1.21.10-117-df4b668]
	at java.base/java.lang.Thread.run(Thread.java:1474) ~[?:?]
Caused by: java.lang.IllegalStateException: zip file closed
	at java.base/java.util.zip.ZipFile.ensureOpen(ZipFile.java:826) ~[?:?]
	at java.base/java.util.zip.ZipFile.getEntry(ZipFile.java:290) ~[?:?]
	at java.base/java.util.jar.JarFile.getEntry(JarFile.java:505) ~[?:?]
	at java.base/java.util.jar.JarFile.getJarEntry(JarFile.java:460) ~[?:?]
	at org.bukkit.plugin.java.PluginClassLoader.findClass(PluginClassLoader.java:223) ~[paper-api-1.21.10-R0.1-SNAPSHOT.jar:?]
	... 27 more
[19:05:16] [Server thread/WARN]: [libreforge] Task #674 for libreforge v5.6.0 generated an exception
java.lang.IllegalStateException: The plugin classloader for EcoSkills has thrown a zip file error.
	at org.bukkit.plugin.java.PluginClassLoader.findClass(PluginClassLoader.java:228) ~[paper-api-1.21.10-R0.1-SNAPSHOT.jar:?]
	at java.base/java.lang.ClassLoader.loadClass(ClassLoader.java:557) ~[?:?]
	at org.bukkit.plugin.java.PluginClassLoader.loadClass0(PluginClassLoader.java:180) ~[paper-api-1.21.10-R0.1-SNAPSHOT.jar:?]
	at org.bukkit.plugin.java.PluginClassLoader.loadClass(PluginClassLoader.java:175) ~[paper-api-1.21.10-R0.1-SNAPSHOT.jar:?]
	at java.base/java.lang.ClassLoader.loadClass(ClassLoader.java:490) ~[?:?]
	at EcoSkills v3.67.1.jar/com.willfp.ecoskills.EcoSkillsPlugin$handleEnable$$inlined$registerSpecificHolderProvider$1.provide(HolderProvider.kt:483) ~[EcoSkills v3.67.1.jar:?]
	at libreforge-5.6.0-1780425196418.jar/com.willfp.libreforge.HolderProviderKt.computeHolders(HolderProvider.kt:272) ~[libreforge-5.6.0-1780425196418.jar:?]
	at libreforge-5.6.0-1780425196418.jar/com.willfp.libreforge.HolderProviderKt._get_holders_$lambda$0(HolderProvider.kt:310) ~[libreforge-5.6.0-1780425196418.jar:?]
	at libreforge-5.6.0-1780425196418.jar/com.willfp.libreforge.HolderProviderKt._get_holders_$lambda$1(HolderProvider.kt:310) ~[libreforge-5.6.0-1780425196418.jar:?]
	at com.github.benmanes.caffeine.cache.BoundedLocalCache.lambda$doComputeIfAbsent$0(BoundedLocalCache.java:2707) ~[?:?]
	at java.base/java.util.concurrent.ConcurrentHashMap.compute(ConcurrentHashMap.java:1932) ~[?:?]
	at com.github.benmanes.caffeine.cache.BoundedLocalCache.doComputeIfAbsent(BoundedLocalCache.java:2705) ~[?:?]
	at com.github.benmanes.caffeine.cache.BoundedLocalCache.computeIfAbsent(BoundedLocalCache.java:2686) ~[?:?]
	at com.github.benmanes.caffeine.cache.LocalCache.computeIfAbsent(LocalCache.java:112) ~[?:?]
	at com.github.benmanes.caffeine.cache.LocalManualCache.get(LocalManualCache.java:63) ~[?:?]
	at libreforge-5.6.0-1780425196418.jar/com.willfp.libreforge.HolderProviderKt.getHolders(HolderProvider.kt:310) ~[libreforge-5.6.0-1780425196418.jar:?]
	at libreforge-5.6.0-1780425196418.jar/com.willfp.libreforge.HolderProviderKt.calculateActiveEffects(HolderProvider.kt:367) ~[libreforge-5.6.0-1780425196418.jar:?]
	at libreforge-5.6.0-1780425196418.jar/com.willfp.libreforge.HolderProviderKt.updateEffects(HolderProvider.kt:386) ~[libreforge-5.6.0-1780425196418.jar:?]
	at libreforge-5.6.0-1780425196418.jar/com.willfp.libreforge.HolderProviderKt.pollEffects(HolderProvider.kt:207) ~[libreforge-5.6.0-1780425196418.jar:?]
	at libreforge-5.6.0-1780425196418.jar/com.willfp.libreforge.LibreforgeSpigotPlugin.createTasks$lambda$1(LibreforgeSpigotPlugin.kt:219) ~[libreforge-5.6.0-1780425196418.jar:?]
	at org.bukkit.craftbukkit.scheduler.CraftTask.run(CraftTask.java:78) ~[paper-1.21.10.jar:1.21.10-117-df4b668]
	at org.bukkit.craftbukkit.scheduler.CraftScheduler.mainThreadHeartbeat(CraftScheduler.java:474) ~[paper-1.21.10.jar:1.21.10-117-df4b668]
	at net.minecraft.server.MinecraftServer.tickChildren(MinecraftServer.java:1744) ~[paper-1.21.10.jar:1.21.10-117-df4b668]
	at net.minecraft.server.MinecraftServer.tickServer(MinecraftServer.java:1618) ~[paper-1.21.10.jar:1.21.10-117-df4b668]
	at net.minecraft.server.dedicated.DedicatedServer.tickServer(DedicatedServer.java:430) ~[paper-1.21.10.jar:1.21.10-117-df4b668]
	at net.minecraft.server.MinecraftServer.runServer(MinecraftServer.java:1338) ~[paper-1.21.10.jar:1.21.10-117-df4b668]
	at net.minecraft.server.MinecraftServer.lambda$spin$2(MinecraftServer.java:384) ~[paper-1.21.10.jar:1.21.10-117-df4b668]
	at java.base/java.lang.Thread.run(Thread.java:1474) ~[?:?]
Caused by: java.lang.IllegalStateException: zip file closed
	at java.base/java.util.zip.ZipFile.ensureOpen(ZipFile.java:826) ~[?:?]
	at java.base/java.util.zip.ZipFile.getEntry(ZipFile.java:290) ~[?:?]
	at java.base/java.util.jar.JarFile.getEntry(JarFile.java:505) ~[?:?]
	at java.base/java.util.jar.JarFile.getJarEntry(JarFile.java:460) ~[?:?]
	at org.bukkit.plugin.java.PluginClassLoader.findClass(PluginClassLoader.java:223) ~[paper-api-1.21.10-R0.1-SNAPSHOT.jar:?]
	... 27 more
[19:05:17] [Server thread/WARN]: [libreforge] Task #674 for libreforge v5.6.0 generated an exception
java.lang.IllegalStateException: The plugin classloader for EcoSkills has thrown a zip file error.
	at org.bukkit.plugin.java.PluginClassLoader.findClass(PluginClassLoader.java:228) ~[paper-api-1.21.10-R0.1-SNAPSHOT.jar:?]
	at java.base/java.lang.ClassLoader.loadClass(ClassLoader.java:557) ~[?:?]
	at org.bukkit.plugin.java.PluginClassLoader.loadClass0(PluginClassLoader.java:180) ~[paper-api-1.21.10-R0.1-SNAPSHOT.jar:?]
	at org.bukkit.plugin.java.PluginClassLoader.loadClass(PluginClassLoader.java:175) ~[paper-api-1.21.10-R0.1-SNAPSHOT.jar:?]
	at java.base/java.lang.ClassLoader.loadClass(ClassLoader.java:490) ~[?:?]
	at EcoSkills v3.67.1.jar/com.willfp.ecoskills.EcoSkillsPlugin$handleEnable$$inlined$registerSpecificHolderProvider$1.provide(HolderProvider.kt:483) ~[EcoSkills v3.67.1.jar:?]
	at libreforge-5.6.0-1780425196418.jar/com.willfp.libreforge.HolderProviderKt.computeHolders(HolderProvider.kt:272) ~[libreforge-5.6.0-1780425196418.jar:?]
	at libreforge-5.6.0-1780425196418.jar/com.willfp.libreforge.HolderProviderKt._get_holders_$lambda$0(HolderProvider.kt:310) ~[libreforge-5.6.0-1780425196418.jar:?]
	at libreforge-5.6.0-1780425196418.jar/com.willfp.libreforge.HolderProviderKt._get_holders_$lambda$1(HolderProvider.kt:310) ~[libreforge-5.6.0-1780425196418.jar:?]
	at com.github.benmanes.caffeine.cache.BoundedLocalCache.lambda$doComputeIfAbsent$0(BoundedLocalCache.java:2707) ~[?:?]
	at java.base/java.util.concurrent.ConcurrentHashMap.compute(ConcurrentHashMap.java:1932) ~[?:?]
	at com.github.benmanes.caffeine.cache.BoundedLocalCache.doComputeIfAbsent(BoundedLocalCache.java:2705) ~[?:?]
	at com.github.benmanes.caffeine.cache.BoundedLocalCache.computeIfAbsent(BoundedLocalCache.java:2686) ~[?:?]
	at com.github.benmanes.caffeine.cache.LocalCache.computeIfAbsent(LocalCache.java:112) ~[?:?]
	at com.github.benmanes.caffeine.cache.LocalManualCache.get(LocalManualCache.java:63) ~[?:?]
	at libreforge-5.6.0-1780425196418.jar/com.willfp.libreforge.HolderProviderKt.getHolders(HolderProvider.kt:310) ~[libreforge-5.6.0-1780425196418.jar:?]
	at libreforge-5.6.0-1780425196418.jar/com.willfp.libreforge.HolderProviderKt.calculateActiveEffects(HolderProvider.kt:367) ~[libreforge-5.6.0-1780425196418.jar:?]
	at libreforge-5.6.0-1780425196418.jar/com.willfp.libreforge.HolderProviderKt.updateEffects(HolderProvider.kt:386) ~[libreforge-5.6.0-1780425196418.jar:?]
	at libreforge-5.6.0-1780425196418.jar/com.willfp.libreforge.HolderProviderKt.pollEffects(HolderProvider.kt:207) ~[libreforge-5.6.0-1780425196418.jar:?]
	at libreforge-5.6.0-1780425196418.jar/com.willfp.libreforge.LibreforgeSpigotPlugin.createTasks$lambda$1(LibreforgeSpigotPlugin.kt:219) ~[libreforge-5.6.0-1780425196418.jar:?]
	at org.bukkit.craftbukkit.scheduler.CraftTask.run(CraftTask.java:78) ~[paper-1.21.10.jar:1.21.10-117-df4b668]
	at org.bukkit.craftbukkit.scheduler.CraftScheduler.mainThreadHeartbeat(CraftScheduler.java:474) ~[paper-1.21.10.jar:1.21.10-117-df4b668]
	at net.minecraft.server.MinecraftServer.tickChildren(MinecraftServer.java:1744) ~[paper-1.21.10.jar:1.21.10-117-df4b668]
	at net.minecraft.server.MinecraftServer.tickServer(MinecraftServer.java:1618) ~[paper-1.21.10.jar:1.21.10-117-df4b668]
	at net.minecraft.server.dedicated.DedicatedServer.tickServer(DedicatedServer.java:430) ~[paper-1.21.10.jar:1.21.10-117-df4b668]
	at net.minecraft.server.MinecraftServer.runServer(MinecraftServer.java:1338) ~[paper-1.21.10.jar:1.21.10-117-df4b668]
	at net.minecraft.server.MinecraftServer.lambda$spin$2(MinecraftServer.java:384) ~[paper-1.21.10.jar:1.21.10-117-df4b668]
	at java.base/java.lang.Thread.run(Thread.java:1474) ~[?:?]
Caused by: java.lang.IllegalStateException: zip file closed
	at java.base/java.util.zip.ZipFile.ensureOpen(ZipFile.java:826) ~[?:?]
	at java.base/java.util.zip.ZipFile.getEntry(ZipFile.java:290) ~[?:?]
	at java.base/java.util.jar.JarFile.getEntry(JarFile.java:505) ~[?:?]
	at java.base/java.util.jar.JarFile.getJarEntry(JarFile.java:460) ~[?:?]
	at org.bukkit.plugin.java.PluginClassLoader.findClass(PluginClassLoader.java:223) ~[paper-api-1.21.10-R0.1-SNAPSHOT.jar:?]
	... 27 more
[19:05:18] [Server thread/WARN]: [libreforge] Task #674 for libreforge v5.6.0 generated an exception
java.lang.IllegalStateException: The plugin classloader for EcoSkills has thrown a zip file error.
	at org.bukkit.plugin.java.PluginClassLoader.findClass(PluginClassLoader.java:228) ~[paper-api-1.21.10-R0.1-SNAPSHOT.jar:?]
	at java.base/java.lang.ClassLoader.loadClass(ClassLoader.java:557) ~[?:?]
	at org.bukkit.plugin.java.PluginClassLoader.loadClass0(PluginClassLoader.java:180) ~[paper-api-1.21.10-R0.1-SNAPSHOT.jar:?]
	at org.bukkit.plugin.java.PluginClassLoader.loadClass(PluginClassLoader.java:175) ~[paper-api-1.21.10-R0.1-SNAPSHOT.jar:?]
	at java.base/java.lang.ClassLoader.loadClass(ClassLoader.java:490) ~[?:?]
	at EcoSkills v3.67.1.jar/com.willfp.ecoskills.EcoSkillsPlugin$handleEnable$$inlined$registerSpecificHolderProvider$1.provide(HolderProvider.kt:483) ~[EcoSkills v3.67.1.jar:?]
	at libreforge-5.6.0-1780425196418.jar/com.willfp.libreforge.HolderProviderKt.computeHolders(HolderProvider.kt:272) ~[libreforge-5.6.0-1780425196418.jar:?]
	at libreforge-5.6.0-1780425196418.jar/com.willfp.libreforge.HolderProviderKt._get_holders_$lambda$0(HolderProvider.kt:310) ~[libreforge-5.6.0-1780425196418.jar:?]
	at libreforge-5.6.0-1780425196418.jar/com.willfp.libreforge.HolderProviderKt._get_holders_$lambda$1(HolderProvider.kt:310) ~[libreforge-5.6.0-1780425196418.jar:?]
	at com.github.benmanes.caffeine.cache.BoundedLocalCache.lambda$doComputeIfAbsent$0(BoundedLocalCache.java:2707) ~[?:?]
	at java.base/java.util.concurrent.ConcurrentHashMap.compute(ConcurrentHashMap.java:1932) ~[?:?]
	at com.github.benmanes.caffeine.cache.BoundedLocalCache.doComputeIfAbsent(BoundedLocalCache.java:2705) ~[?:?]
	at com.github.benmanes.caffeine.cache.BoundedLocalCache.computeIfAbsent(BoundedLocalCache.java:2686) ~[?:?]
	at com.github.benmanes.caffeine.cache.LocalCache.computeIfAbsent(LocalCache.java:112) ~[?:?]
	at com.github.benmanes.caffeine.cache.LocalManualCache.get(LocalManualCache.java:63) ~[?:?]
	at libreforge-5.6.0-1780425196418.jar/com.willfp.libreforge.HolderProviderKt.getHolders(HolderProvider.kt:310) ~[libreforge-5.6.0-1780425196418.jar:?]
	at libreforge-5.6.0-1780425196418.jar/com.willfp.libreforge.HolderProviderKt.calculateActiveEffects(HolderProvider.kt:367) ~[libreforge-5.6.0-1780425196418.jar:?]
	at libreforge-5.6.0-1780425196418.jar/com.willfp.libreforge.HolderProviderKt.updateEffects(HolderProvider.kt:386) ~[libreforge-5.6.0-1780425196418.jar:?]
	at libreforge-5.6.0-1780425196418.jar/com.willfp.libreforge.HolderProviderKt.pollEffects(HolderProvider.kt:207) ~[libreforge-5.6.0-1780425196418.jar:?]
	at libreforge-5.6.0-1780425196418.jar/com.willfp.libreforge.LibreforgeSpigotPlugin.createTasks$lambda$1(LibreforgeSpigotPlugin.kt:219) ~[libreforge-5.6.0-1780425196418.jar:?]
	at org.bukkit.craftbukkit.scheduler.CraftTask.run(CraftTask.java:78) ~[paper-1.21.10.jar:1.21.10-117-df4b668]
	at org.bukkit.craftbukkit.scheduler.CraftScheduler.mainThreadHeartbeat(CraftScheduler.java:474) ~[paper-1.21.10.jar:1.21.10-117-df4b668]
	at net.minecraft.server.MinecraftServer.tickChildren(MinecraftServer.java:1744) ~[paper-1.21.10.jar:1.21.10-117-df4b668]
	at net.minecraft.server.MinecraftServer.tickServer(MinecraftServer.java:1618) ~[paper-1.21.10.jar:1.21.10-117-df4b668]
	at net.minecraft.server.dedicated.DedicatedServer.tickServer(DedicatedServer.java:430) ~[paper-1.21.10.jar:1.21.10-117-df4b668]
	at net.minecraft.server.MinecraftServer.runServer(MinecraftServer.java:1338) ~[paper-1.21.10.jar:1.21.10-117-df4b668]
	at net.minecraft.server.MinecraftServer.lambda$spin$2(MinecraftServer.java:384) ~[paper-1.21.10.jar:1.21.10-117-df4b668]
	at java.base/java.lang.Thread.run(Thread.java:1474) ~[?:?]
Caused by: java.lang.IllegalStateException: zip file closed
	at java.base/java.util.zip.ZipFile.ensureOpen(ZipFile.java:826) ~[?:?]
	at java.base/java.util.zip.ZipFile.getEntry(ZipFile.java:290) ~[?:?]
	at java.base/java.util.jar.JarFile.getEntry(JarFile.java:505) ~[?:?]
	at java.base/java.util.jar.JarFile.getJarEntry(JarFile.java:460) ~[?:?]
	at org.bukkit.plugin.java.PluginClassLoader.findClass(PluginClassLoader.java:223) ~[paper-api-1.21.10-R0.1-SNAPSHOT.jar:?]
	... 27 more
[19:05:19] [Server thread/WARN]: [libreforge] Task #674 for libreforge v5.6.0 generated an exception
java.lang.IllegalStateException: The plugin classloader for EcoSkills has thrown a zip file error.
	at org.bukkit.plugin.java.PluginClassLoader.findClass(PluginClassLoader.java:228) ~[paper-api-1.21.10-R0.1-SNAPSHOT.jar:?]
	at java.base/java.lang.ClassLoader.loadClass(ClassLoader.java:557) ~[?:?]
	at org.bukkit.plugin.java.PluginClassLoader.loadClass0(PluginClassLoader.java:180) ~[paper-api-1.21.10-R0.1-SNAPSHOT.jar:?]
	at org.bukkit.plugin.java.PluginClassLoader.loadClass(PluginClassLoader.java:175) ~[paper-api-1.21.10-R0.1-SNAPSHOT.jar:?]
	at java.base/java.lang.ClassLoader.loadClass(ClassLoader.java:490) ~[?:?]
	at EcoSkills v3.67.1.jar/com.willfp.ecoskills.EcoSkillsPlugin$handleEnable$$inlined$registerSpecificHolderProvider$1.provide(HolderProvider.kt:483) ~[EcoSkills v3.67.1.jar:?]
	at libreforge-5.6.0-1780425196418.jar/com.willfp.libreforge.HolderProviderKt.computeHolders(HolderProvider.kt:272) ~[libreforge-5.6.0-1780425196418.jar:?]
	at libreforge-5.6.0-1780425196418.jar/com.willfp.libreforge.HolderProviderKt._get_holders_$lambda$0(HolderProvider.kt:310) ~[libreforge-5.6.0-1780425196418.jar:?]
	at libreforge-5.6.0-1780425196418.jar/com.willfp.libreforge.HolderProviderKt._get_holders_$lambda$1(HolderProvider.kt:310) ~[libreforge-5.6.0-1780425196418.jar:?]
	at com.github.benmanes.caffeine.cache.BoundedLocalCache.lambda$doComputeIfAbsent$0(BoundedLocalCache.java:2707) ~[?:?]
	at java.base/java.util.concurrent.ConcurrentHashMap.compute(ConcurrentHashMap.java:1932) ~[?:?]
	at com.github.benmanes.caffeine.cache.BoundedLocalCache.doComputeIfAbsent(BoundedLocalCache.java:2705) ~[?:?]
	at com.github.benmanes.caffeine.cache.BoundedLocalCache.computeIfAbsent(BoundedLocalCache.java:2686) ~[?:?]
	at com.github.benmanes.caffeine.cache.LocalCache.computeIfAbsent(LocalCache.java:112) ~[?:?]
	at com.github.benmanes.caffeine.cache.LocalManualCache.get(LocalManualCache.java:63) ~[?:?]
	at libreforge-5.6.0-1780425196418.jar/com.willfp.libreforge.HolderProviderKt.getHolders(HolderProvider.kt:310) ~[libreforge-5.6.0-1780425196418.jar:?]
	at libreforge-5.6.0-1780425196418.jar/com.willfp.libreforge.HolderProviderKt.calculateActiveEffects(HolderProvider.kt:367) ~[libreforge-5.6.0-1780425196418.jar:?]
	at libreforge-5.6.0-1780425196418.jar/com.willfp.libreforge.HolderProviderKt.updateEffects(HolderProvider.kt:386) ~[libreforge-5.6.0-1780425196418.jar:?]
	at libreforge-5.6.0-1780425196418.jar/com.willfp.libreforge.HolderProviderKt.pollEffects(HolderProvider.kt:207) ~[libreforge-5.6.0-1780425196418.jar:?]
	at libreforge-5.6.0-1780425196418.jar/com.willfp.libreforge.LibreforgeSpigotPlugin.createTasks$lambda$1(LibreforgeSpigotPlugin.kt:219) ~[libreforge-5.6.0-1780425196418.jar:?]
	at org.bukkit.craftbukkit.scheduler.CraftTask.run(CraftTask.java:78) ~[paper-1.21.10.jar:1.21.10-117-df4b668]
	at org.bukkit.craftbukkit.scheduler.CraftScheduler.mainThreadHeartbeat(CraftScheduler.java:474) ~[paper-1.21.10.jar:1.21.10-117-df4b668]
	at net.minecraft.server.MinecraftServer.tickChildren(MinecraftServer.java:1744) ~[paper-1.21.10.jar:1.21.10-117-df4b668]
	at net.minecraft.server.MinecraftServer.tickServer(MinecraftServer.java:1618) ~[paper-1.21.10.jar:1.21.10-117-df4b668]
	at net.minecraft.server.dedicated.DedicatedServer.tickServer(DedicatedServer.java:430) ~[paper-1.21.10.jar:1.21.10-117-df4b668]
	at net.minecraft.server.MinecraftServer.runServer(MinecraftServer.java:1338) ~[paper-1.21.10.jar:1.21.10-117-df4b668]
	at net.minecraft.server.MinecraftServer.lambda$spin$2(MinecraftServer.java:384) ~[paper-1.21.10.jar:1.21.10-117-df4b668]
	at java.base/java.lang.Thread.run(Thread.java:1474) ~[?:?]
Caused by: java.lang.IllegalStateException: zip file closed
	at java.base/java.util.zip.ZipFile.ensureOpen(ZipFile.java:826) ~[?:?]
	at java.base/java.util.zip.ZipFile.getEntry(ZipFile.java:290) ~[?:?]
	at java.base/java.util.jar.JarFile.getEntry(JarFile.java:505) ~[?:?]
	at java.base/java.util.jar.JarFile.getJarEntry(JarFile.java:460) ~[?:?]
	at org.bukkit.plugin.java.PluginClassLoader.findClass(PluginClassLoader.java:223) ~[paper-api-1.21.10-R0.1-SNAPSHOT.jar:?]
	... 27 more
[19:05:20] [Server thread/WARN]: [libreforge] Task #674 for libreforge v5.6.0 generated an exception
java.lang.IllegalStateException: The plugin classloader for EcoSkills has thrown a zip file error.
	at org.bukkit.plugin.java.PluginClassLoader.findClass(PluginClassLoader.java:228) ~[paper-api-1.21.10-R0.1-SNAPSHOT.jar:?]
	at java.base/java.lang.ClassLoader.loadClass(ClassLoader.java:557) ~[?:?]
	at org.bukkit.plugin.java.PluginClassLoader.loadClass0(PluginClassLoader.java:180) ~[paper-api-1.21.10-R0.1-SNAPSHOT.jar:?]
	at org.bukkit.plugin.java.PluginClassLoader.loadClass(PluginClassLoader.java:175) ~[paper-api-1.21.10-R0.1-SNAPSHOT.jar:?]
	at java.base/java.lang.ClassLoader.loadClass(ClassLoader.java:490) ~[?:?]
	at EcoSkills v3.67.1.jar/com.willfp.ecoskills.EcoSkillsPlugin$handleEnable$$inlined$registerSpecificHolderProvider$1.provide(HolderProvider.kt:483) ~[EcoSkills v3.67.1.jar:?]
	at libreforge-5.6.0-1780425196418.jar/com.willfp.libreforge.HolderProviderKt.computeHolders(HolderProvider.kt:272) ~[libreforge-5.6.0-1780425196418.jar:?]
	at libreforge-5.6.0-1780425196418.jar/com.willfp.libreforge.HolderProviderKt._get_holders_$lambda$0(HolderProvider.kt:310) ~[libreforge-5.6.0-1780425196418.jar:?]
	at libreforge-5.6.0-1780425196418.jar/com.willfp.libreforge.HolderProviderKt._get_holders_$lambda$1(HolderProvider.kt:310) ~[libreforge-5.6.0-1780425196418.jar:?]
	at com.github.benmanes.caffeine.cache.BoundedLocalCache.lambda$doComputeIfAbsent$0(BoundedLocalCache.java:2707) ~[?:?]
	at java.base/java.util.concurrent.ConcurrentHashMap.compute(ConcurrentHashMap.java:1932) ~[?:?]
	at com.github.benmanes.caffeine.cache.BoundedLocalCache.doComputeIfAbsent(BoundedLocalCache.java:2705) ~[?:?]
	at com.github.benmanes.caffeine.cache.BoundedLocalCache.computeIfAbsent(BoundedLocalCache.java:2686) ~[?:?]
	at com.github.benmanes.caffeine.cache.LocalCache.computeIfAbsent(LocalCache.java:112) ~[?:?]
	at com.github.benmanes.caffeine.cache.LocalManualCache.get(LocalManualCache.java:63) ~[?:?]
	at libreforge-5.6.0-1780425196418.jar/com.willfp.libreforge.HolderProviderKt.getHolders(HolderProvider.kt:310) ~[libreforge-5.6.0-1780425196418.jar:?]
	at libreforge-5.6.0-1780425196418.jar/com.willfp.libreforge.HolderProviderKt.calculateActiveEffects(HolderProvider.kt:367) ~[libreforge-5.6.0-1780425196418.jar:?]
	at libreforge-5.6.0-1780425196418.jar/com.willfp.libreforge.HolderProviderKt.updateEffects(HolderProvider.kt:386) ~[libreforge-5.6.0-1780425196418.jar:?]
	at libreforge-5.6.0-1780425196418.jar/com.willfp.libreforge.HolderProviderKt.pollEffects(HolderProvider.kt:207) ~[libreforge-5.6.0-1780425196418.jar:?]
	at libreforge-5.6.0-1780425196418.jar/com.willfp.libreforge.LibreforgeSpigotPlugin.createTasks$lambda$1(LibreforgeSpigotPlugin.kt:219) ~[libreforge-5.6.0-1780425196418.jar:?]
	at org.bukkit.craftbukkit.scheduler.CraftTask.run(CraftTask.java:78) ~[paper-1.21.10.jar:1.21.10-117-df4b668]
	at org.bukkit.craftbukkit.scheduler.CraftScheduler.mainThreadHeartbeat(CraftScheduler.java:474) ~[paper-1.21.10.jar:1.21.10-117-df4b668]
	at net.minecraft.server.MinecraftServer.tickChildren(MinecraftServer.java:1744) ~[paper-1.21.10.jar:1.21.10-117-df4b668]
	at net.minecraft.server.MinecraftServer.tickServer(MinecraftServer.java:1618) ~[paper-1.21.10.jar:1.21.10-117-df4b668]
	at net.minecraft.server.dedicated.DedicatedServer.tickServer(DedicatedServer.java:430) ~[paper-1.21.10.jar:1.21.10-117-df4b668]
	at net.minecraft.server.MinecraftServer.runServer(MinecraftServer.java:1338) ~[paper-1.21.10.jar:1.21.10-117-df4b668]
	at net.minecraft.server.MinecraftServer.lambda$spin$2(MinecraftServer.java:384) ~[paper-1.21.10.jar:1.21.10-117-df4b668]
	at java.base/java.lang.Thread.run(Thread.java:1474) ~[?:?]
Caused by: java.lang.IllegalStateException: zip file closed
	at java.base/java.util.zip.ZipFile.ensureOpen(ZipFile.java:826) ~[?:?]
	at java.base/java.util.zip.ZipFile.getEntry(ZipFile.java:290) ~[?:?]
	at java.base/java.util.jar.JarFile.getEntry(JarFile.java:505) ~[?:?]
	at java.base/java.util.jar.JarFile.getJarEntry(JarFile.java:460) ~[?:?]
	at org.bukkit.plugin.java.PluginClassLoader.findClass(PluginClassLoader.java:223) ~[paper-api-1.21.10-R0.1-SNAPSHOT.jar:?]
	... 27 more
[19:05:21] [Server thread/WARN]: [libreforge] Task #674 for libreforge v5.6.0 generated an exception
java.lang.IllegalStateException: The plugin classloader for EcoSkills has thrown a zip file error.
	at org.bukkit.plugin.java.PluginClassLoader.findClass(PluginClassLoader.java:228) ~[paper-api-1.21.10-R0.1-SNAPSHOT.jar:?]
	at java.base/java.lang.ClassLoader.loadClass(ClassLoader.java:557) ~[?:?]
	at org.bukkit.plugin.java.PluginClassLoader.loadClass0(PluginClassLoader.java:180) ~[paper-api-1.21.10-R0.1-SNAPSHOT.jar:?]
	at org.bukkit.plugin.java.PluginClassLoader.loadClass(PluginClassLoader.java:175) ~[paper-api-1.21.10-R0.1-SNAPSHOT.jar:?]
	at java.base/java.lang.ClassLoader.loadClass(ClassLoader.java:490) ~[?:?]
	at EcoSkills v3.67.1.jar/com.willfp.ecoskills.EcoSkillsPlugin$handleEnable$$inlined$registerSpecificHolderProvider$1.provide(HolderProvider.kt:483) ~[EcoSkills v3.67.1.jar:?]
	at libreforge-5.6.0-1780425196418.jar/com.willfp.libreforge.HolderProviderKt.computeHolders(HolderProvider.kt:272) ~[libreforge-5.6.0-1780425196418.jar:?]
	at libreforge-5.6.0-1780425196418.jar/com.willfp.libreforge.HolderProviderKt._get_holders_$lambda$0(HolderProvider.kt:310) ~[libreforge-5.6.0-1780425196418.jar:?]
	at libreforge-5.6.0-1780425196418.jar/com.willfp.libreforge.HolderProviderKt._get_holders_$lambda$1(HolderProvider.kt:310) ~[libreforge-5.6.0-1780425196418.jar:?]
	at com.github.benmanes.caffeine.cache.BoundedLocalCache.lambda$doComputeIfAbsent$0(BoundedLocalCache.java:2707) ~[?:?]
	at java.base/java.util.concurrent.ConcurrentHashMap.compute(ConcurrentHashMap.java:1932) ~[?:?]
	at com.github.benmanes.caffeine.cache.BoundedLocalCache.doComputeIfAbsent(BoundedLocalCache.java:2705) ~[?:?]
	at com.github.benmanes.caffeine.cache.BoundedLocalCache.computeIfAbsent(BoundedLocalCache.java:2686) ~[?:?]
	at com.github.benmanes.caffeine.cache.LocalCache.computeIfAbsent(LocalCache.java:112) ~[?:?]
	at com.github.benmanes.caffeine.cache.LocalManualCache.get(LocalManualCache.java:63) ~[?:?]
	at libreforge-5.6.0-1780425196418.jar/com.willfp.libreforge.HolderProviderKt.getHolders(HolderProvider.kt:310) ~[libreforge-5.6.0-1780425196418.jar:?]
	at libreforge-5.6.0-1780425196418.jar/com.willfp.libreforge.HolderProviderKt.calculateActiveEffects(HolderProvider.kt:367) ~[libreforge-5.6.0-1780425196418.jar:?]
	at libreforge-5.6.0-1780425196418.jar/com.willfp.libreforge.HolderProviderKt.updateEffects(HolderProvider.kt:386) ~[libreforge-5.6.0-1780425196418.jar:?]
	at libreforge-5.6.0-1780425196418.jar/com.willfp.libreforge.HolderProviderKt.pollEffects(HolderProvider.kt:207) ~[libreforge-5.6.0-1780425196418.jar:?]
	at libreforge-5.6.0-1780425196418.jar/com.willfp.libreforge.LibreforgeSpigotPlugin.createTasks$lambda$1(LibreforgeSpigotPlugin.kt:219) ~[libreforge-5.6.0-1780425196418.jar:?]
	at org.bukkit.craftbukkit.scheduler.CraftTask.run(CraftTask.java:78) ~[paper-1.21.10.jar:1.21.10-117-df4b668]
	at org.bukkit.craftbukkit.scheduler.CraftScheduler.mainThreadHeartbeat(CraftScheduler.java:474) ~[paper-1.21.10.jar:1.21.10-117-df4b668]
	at net.minecraft.server.MinecraftServer.tickChildren(MinecraftServer.java:1744) ~[paper-1.21.10.jar:1.21.10-117-df4b668]
	at net.minecraft.server.MinecraftServer.tickServer(MinecraftServer.java:1618) ~[paper-1.21.10.jar:1.21.10-117-df4b668]
	at net.minecraft.server.dedicated.DedicatedServer.tickServer(DedicatedServer.java:430) ~[paper-1.21.10.jar:1.21.10-117-df4b668]
	at net.minecraft.server.MinecraftServer.runServer(MinecraftServer.java:1338) ~[paper-1.21.10.jar:1.21.10-117-df4b668]
	at net.minecraft.server.MinecraftServer.lambda$spin$2(MinecraftServer.java:384) ~[paper-1.21.10.jar:1.21.10-117-df4b668]
	at java.base/java.lang.Thread.run(Thread.java:1474) ~[?:?]
Caused by: java.lang.IllegalStateException: zip file closed
	at java.base/java.util.zip.ZipFile.ensureOpen(ZipFile.java:826) ~[?:?]
	at java.base/java.util.zip.ZipFile.getEntry(ZipFile.java:290) ~[?:?]
	at java.base/java.util.jar.JarFile.getEntry(JarFile.java:505) ~[?:?]
	at java.base/java.util.jar.JarFile.getJarEntry(JarFile.java:460) ~[?:?]
	at org.bukkit.plugin.java.PluginClassLoader.findClass(PluginClassLoader.java:223) ~[paper-api-1.21.10-R0.1-SNAPSHOT.jar:?]
	... 27 more
[19:05:22] [Server thread/WARN]: [libreforge] Task #674 for libreforge v5.6.0 generated an exception
java.lang.IllegalStateException: The plugin classloader for EcoSkills has thrown a zip file error.
	at org.bukkit.plugin.java.PluginClassLoader.findClass(PluginClassLoader.java:228) ~[paper-api-1.21.10-R0.1-SNAPSHOT.jar:?]
	at java.base/java.lang.ClassLoader.loadClass(ClassLoader.java:557) ~[?:?]
	at org.bukkit.plugin.java.PluginClassLoader.loadClass0(PluginClassLoader.java:180) ~[paper-api-1.21.10-R0.1-SNAPSHOT.jar:?]
	at org.bukkit.plugin.java.PluginClassLoader.loadClass(PluginClassLoader.java:175) ~[paper-api-1.21.10-R0.1-SNAPSHOT.jar:?]
	at java.base/java.lang.ClassLoader.loadClass(ClassLoader.java:490) ~[?:?]
	at EcoSkills v3.67.1.jar/com.willfp.ecoskills.EcoSkillsPlugin$handleEnable$$inlined$registerSpecificHolderProvider$1.provide(HolderProvider.kt:483) ~[EcoSkills v3.67.1.jar:?]
	at libreforge-5.6.0-1780425196418.jar/com.willfp.libreforge.HolderProviderKt.computeHolders(HolderProvider.kt:272) ~[libreforge-5.6.0-1780425196418.jar:?]
	at libreforge-5.6.0-1780425196418.jar/com.willfp.libreforge.HolderProviderKt._get_holders_$lambda$0(HolderProvider.kt:310) ~[libreforge-5.6.0-1780425196418.jar:?]
	at libreforge-5.6.0-1780425196418.jar/com.willfp.libreforge.HolderProviderKt._get_holders_$lambda$1(HolderProvider.kt:310) ~[libreforge-5.6.0-1780425196418.jar:?]
	at com.github.benmanes.caffeine.cache.BoundedLocalCache.lambda$doComputeIfAbsent$0(BoundedLocalCache.java:2707) ~[?:?]
	at java.base/java.util.concurrent.ConcurrentHashMap.compute(ConcurrentHashMap.java:1932) ~[?:?]
	at com.github.benmanes.caffeine.cache.BoundedLocalCache.doComputeIfAbsent(BoundedLocalCache.java:2705) ~[?:?]
	at com.github.benmanes.caffeine.cache.BoundedLocalCache.computeIfAbsent(BoundedLocalCache.java:2686) ~[?:?]
	at com.github.benmanes.caffeine.cache.LocalCache.computeIfAbsent(LocalCache.java:112) ~[?:?]
	at com.github.benmanes.caffeine.cache.LocalManualCache.get(LocalManualCache.java:63) ~[?:?]
	at libreforge-5.6.0-1780425196418.jar/com.willfp.libreforge.HolderProviderKt.getHolders(HolderProvider.kt:310) ~[libreforge-5.6.0-1780425196418.jar:?]
	at libreforge-5.6.0-1780425196418.jar/com.willfp.libreforge.HolderProviderKt.calculateActiveEffects(HolderProvider.kt:367) ~[libreforge-5.6.0-1780425196418.jar:?]
	at libreforge-5.6.0-1780425196418.jar/com.willfp.libreforge.HolderProviderKt.updateEffects(HolderProvider.kt:386) ~[libreforge-5.6.0-1780425196418.jar:?]
	at libreforge-5.6.0-1780425196418.jar/com.willfp.libreforge.HolderProviderKt.pollEffects(HolderProvider.kt:207) ~[libreforge-5.6.0-1780425196418.jar:?]
	at libreforge-5.6.0-1780425196418.jar/com.willfp.libreforge.LibreforgeSpigotPlugin.createTasks$lambda$1(LibreforgeSpigotPlugin.kt:219) ~[libreforge-5.6.0-1780425196418.jar:?]
	at org.bukkit.craftbukkit.scheduler.CraftTask.run(CraftTask.java:78) ~[paper-1.21.10.jar:1.21.10-117-df4b668]
	at org.bukkit.craftbukkit.scheduler.CraftScheduler.mainThreadHeartbeat(CraftScheduler.java:474) ~[paper-1.21.10.jar:1.21.10-117-df4b668]
	at net.minecraft.server.MinecraftServer.tickChildren(MinecraftServer.java:1744) ~[paper-1.21.10.jar:1.21.10-117-df4b668]
	at net.minecraft.server.MinecraftServer.tickServer(MinecraftServer.java:1618) ~[paper-1.21.10.jar:1.21.10-117-df4b668]
	at net.minecraft.server.dedicated.DedicatedServer.tickServer(DedicatedServer.java:430) ~[paper-1.21.10.jar:1.21.10-117-df4b668]
	at net.minecraft.server.MinecraftServer.runServer(MinecraftServer.java:1338) ~[paper-1.21.10.jar:1.21.10-117-df4b668]
	at net.minecraft.server.MinecraftServer.lambda$spin$2(MinecraftServer.java:384) ~[paper-1.21.10.jar:1.21.10-117-df4b668]
	at java.base/java.lang.Thread.run(Thread.java:1474) ~[?:?]
Caused by: java.lang.IllegalStateException: zip file closed
	at java.base/java.util.zip.ZipFile.ensureOpen(ZipFile.java:826) ~[?:?]
	at java.base/java.util.zip.ZipFile.getEntry(ZipFile.java:290) ~[?:?]
	at java.base/java.util.jar.JarFile.getEntry(JarFile.java:505) ~[?:?]
	at java.base/java.util.jar.JarFile.getJarEntry(JarFile.java:460) ~[?:?]
	at org.bukkit.plugin.java.PluginClassLoader.findClass(PluginClassLoader.java:223) ~[paper-api-1.21.10-R0.1-SNAPSHOT.jar:?]
	... 27 more
[19:05:23] [Server thread/WARN]: [libreforge] Task #674 for libreforge v5.6.0 generated an exception
java.lang.IllegalStateException: The plugin classloader for EcoSkills has thrown a zip file error.
	at org.bukkit.plugin.java.PluginClassLoader.findClass(PluginClassLoader.java:228) ~[paper-api-1.21.10-R0.1-SNAPSHOT.jar:?]
	at java.base/java.lang.ClassLoader.loadClass(ClassLoader.java:557) ~[?:?]
	at org.bukkit.plugin.java.PluginClassLoader.loadClass0(PluginClassLoader.java:180) ~[paper-api-1.21.10-R0.1-SNAPSHOT.jar:?]
	at org.bukkit.plugin.java.PluginClassLoader.loadClass(PluginClassLoader.java:175) ~[paper-api-1.21.10-R0.1-SNAPSHOT.jar:?]
	at java.base/java.lang.ClassLoader.loadClass(ClassLoader.java:490) ~[?:?]
	at EcoSkills v3.67.1.jar/com.willfp.ecoskills.EcoSkillsPlugin$handleEnable$$inlined$registerSpecificHolderProvider$1.provide(HolderProvider.kt:483) ~[EcoSkills v3.67.1.jar:?]
	at libreforge-5.6.0-1780425196418.jar/com.willfp.libreforge.HolderProviderKt.computeHolders(HolderProvider.kt:272) ~[libreforge-5.6.0-1780425196418.jar:?]
	at libreforge-5.6.0-1780425196418.jar/com.willfp.libreforge.HolderProviderKt._get_holders_$lambda$0(HolderProvider.kt:310) ~[libreforge-5.6.0-1780425196418.jar:?]
	at libreforge-5.6.0-1780425196418.jar/com.willfp.libreforge.HolderProviderKt._get_holders_$lambda$1(HolderProvider.kt:310) ~[libreforge-5.6.0-1780425196418.jar:?]
	at com.github.benmanes.caffeine.cache.BoundedLocalCache.lambda$doComputeIfAbsent$0(BoundedLocalCache.java:2707) ~[?:?]
	at java.base/java.util.concurrent.ConcurrentHashMap.compute(ConcurrentHashMap.java:1932) ~[?:?]
	at com.github.benmanes.caffeine.cache.BoundedLocalCache.doComputeIfAbsent(BoundedLocalCache.java:2705) ~[?:?]
	at com.github.benmanes.caffeine.cache.BoundedLocalCache.computeIfAbsent(BoundedLocalCache.java:2686) ~[?:?]
	at com.github.benmanes.caffeine.cache.LocalCache.computeIfAbsent(LocalCache.java:112) ~[?:?]
	at com.github.benmanes.caffeine.cache.LocalManualCache.get(LocalManualCache.java:63) ~[?:?]
	at libreforge-5.6.0-1780425196418.jar/com.willfp.libreforge.HolderProviderKt.getHolders(HolderProvider.kt:310) ~[libreforge-5.6.0-1780425196418.jar:?]
	at libreforge-5.6.0-1780425196418.jar/com.willfp.libreforge.HolderProviderKt.calculateActiveEffects(HolderProvider.kt:367) ~[libreforge-5.6.0-1780425196418.jar:?]
	at libreforge-5.6.0-1780425196418.jar/com.willfp.libreforge.HolderProviderKt.updateEffects(HolderProvider.kt:386) ~[libreforge-5.6.0-1780425196418.jar:?]
	at libreforge-5.6.0-1780425196418.jar/com.willfp.libreforge.HolderProviderKt.pollEffects(HolderProvider.kt:207) ~[libreforge-5.6.0-1780425196418.jar:?]
	at libreforge-5.6.0-1780425196418.jar/com.willfp.libreforge.LibreforgeSpigotPlugin.createTasks$lambda$1(LibreforgeSpigotPlugin.kt:219) ~[libreforge-5.6.0-1780425196418.jar:?]
	at org.bukkit.craftbukkit.scheduler.CraftTask.run(CraftTask.java:78) ~[paper-1.21.10.jar:1.21.10-117-df4b668]
	at org.bukkit.craftbukkit.scheduler.CraftScheduler.mainThreadHeartbeat(CraftScheduler.java:474) ~[paper-1.21.10.jar:1.21.10-117-df4b668]
	at net.minecraft.server.MinecraftServer.tickChildren(MinecraftServer.java:1744) ~[paper-1.21.10.jar:1.21.10-117-df4b668]
	at net.minecraft.server.MinecraftServer.tickServer(MinecraftServer.java:1618) ~[paper-1.21.10.jar:1.21.10-117-df4b668]
	at net.minecraft.server.dedicated.DedicatedServer.tickServer(DedicatedServer.java:430) ~[paper-1.21.10.jar:1.21.10-117-df4b668]
	at net.minecraft.server.MinecraftServer.runServer(MinecraftServer.java:1338) ~[paper-1.21.10.jar:1.21.10-117-df4b668]
	at net.minecraft.server.MinecraftServer.lambda$spin$2(MinecraftServer.java:384) ~[paper-1.21.10.jar:1.21.10-117-df4b668]
	at java.base/java.lang.Thread.run(Thread.java:1474) ~[?:?]
Caused by: java.lang.IllegalStateException: zip file closed
	at java.base/java.util.zip.ZipFile.ensureOpen(ZipFile.java:826) ~[?:?]
	at java.base/java.util.zip.ZipFile.getEntry(ZipFile.java:290) ~[?:?]
	at java.base/java.util.jar.JarFile.getEntry(JarFile.java:505) ~[?:?]
	at java.base/java.util.jar.JarFile.getJarEntry(JarFile.java:460) ~[?:?]
	at org.bukkit.plugin.java.PluginClassLoader.findClass(PluginClassLoader.java:223) ~[paper-api-1.21.10-R0.1-SNAPSHOT.jar:?]
	... 27 more
[19:05:24] [Server thread/WARN]: [libreforge] Task #674 for libreforge v5.6.0 generated an exception
java.lang.IllegalStateException: The plugin classloader for EcoSkills has thrown a zip file error.
	at org.bukkit.plugin.java.PluginClassLoader.findClass(PluginClassLoader.java:228) ~[paper-api-1.21.10-R0.1-SNAPSHOT.jar:?]
	at java.base/java.lang.ClassLoader.loadClass(ClassLoader.java:557) ~[?:?]
	at org.bukkit.plugin.java.PluginClassLoader.loadClass0(PluginClassLoader.java:180) ~[paper-api-1.21.10-R0.1-SNAPSHOT.jar:?]
	at org.bukkit.plugin.java.PluginClassLoader.loadClass(PluginClassLoader.java:175) ~[paper-api-1.21.10-R0.1-SNAPSHOT.jar:?]
	at java.base/java.lang.ClassLoader.loadClass(ClassLoader.java:490) ~[?:?]
	at EcoSkills v3.67.1.jar/com.willfp.ecoskills.EcoSkillsPlugin$handleEnable$$inlined$registerSpecificHolderProvider$1.provide(HolderProvider.kt:483) ~[EcoSkills v3.67.1.jar:?]
	at libreforge-5.6.0-1780425196418.jar/com.willfp.libreforge.HolderProviderKt.computeHolders(HolderProvider.kt:272) ~[libreforge-5.6.0-1780425196418.jar:?]
	at libreforge-5.6.0-1780425196418.jar/com.willfp.libreforge.HolderProviderKt._get_holders_$lambda$0(HolderProvider.kt:310) ~[libreforge-5.6.0-1780425196418.jar:?]
	at libreforge-5.6.0-1780425196418.jar/com.willfp.libreforge.HolderProviderKt._get_holders_$lambda$1(HolderProvider.kt:310) ~[libreforge-5.6.0-1780425196418.jar:?]
	at com.github.benmanes.caffeine.cache.BoundedLocalCache.lambda$doComputeIfAbsent$0(BoundedLocalCache.java:2707) ~[?:?]
	at java.base/java.util.concurrent.ConcurrentHashMap.compute(ConcurrentHashMap.java:1932) ~[?:?]
	at com.github.benmanes.caffeine.cache.BoundedLocalCache.doComputeIfAbsent(BoundedLocalCache.java:2705) ~[?:?]
	at com.github.benmanes.caffeine.cache.BoundedLocalCache.computeIfAbsent(BoundedLocalCache.java:2686) ~[?:?]
	at com.github.benmanes.caffeine.cache.LocalCache.computeIfAbsent(LocalCache.java:112) ~[?:?]
	at com.github.benmanes.caffeine.cache.LocalManualCache.get(LocalManualCache.java:63) ~[?:?]
	at libreforge-5.6.0-1780425196418.jar/com.willfp.libreforge.HolderProviderKt.getHolders(HolderProvider.kt:310) ~[libreforge-5.6.0-1780425196418.jar:?]
	at libreforge-5.6.0-1780425196418.jar/com.willfp.libreforge.HolderProviderKt.calculateActiveEffects(HolderProvider.kt:367) ~[libreforge-5.6.0-1780425196418.jar:?]
	at libreforge-5.6.0-1780425196418.jar/com.willfp.libreforge.HolderProviderKt.updateEffects(HolderProvider.kt:386) ~[libreforge-5.6.0-1780425196418.jar:?]
	at libreforge-5.6.0-1780425196418.jar/com.willfp.libreforge.HolderProviderKt.pollEffects(HolderProvider.kt:207) ~[libreforge-5.6.0-1780425196418.jar:?]
	at libreforge-5.6.0-1780425196418.jar/com.willfp.libreforge.LibreforgeSpigotPlugin.createTasks$lambda$1(LibreforgeSpigotPlugin.kt:219) ~[libreforge-5.6.0-1780425196418.jar:?]
	at org.bukkit.craftbukkit.scheduler.CraftTask.run(CraftTask.java:78) ~[paper-1.21.10.jar:1.21.10-117-df4b668]
	at org.bukkit.craftbukkit.scheduler.CraftScheduler.mainThreadHeartbeat(CraftScheduler.java:474) ~[paper-1.21.10.jar:1.21.10-117-df4b668]
	at net.minecraft.server.MinecraftServer.tickChildren(MinecraftServer.java:1744) ~[paper-1.21.10.jar:1.21.10-117-df4b668]
	at net.minecraft.server.MinecraftServer.tickServer(MinecraftServer.java:1618) ~[paper-1.21.10.jar:1.21.10-117-df4b668]
	at net.minecraft.server.dedicated.DedicatedServer.tickServer(DedicatedServer.java:430) ~[paper-1.21.10.jar:1.21.10-117-df4b668]
	at net.minecraft.server.MinecraftServer.runServer(MinecraftServer.java:1338) ~[paper-1.21.10.jar:1.21.10-117-df4b668]
	at net.minecraft.server.MinecraftServer.lambda$spin$2(MinecraftServer.java:384) ~[paper-1.21.10.jar:1.21.10-117-df4b668]
	at java.base/java.lang.Thread.run(Thread.java:1474) ~[?:?]
Caused by: java.lang.IllegalStateException: zip file closed
	at java.base/java.util.zip.ZipFile.ensureOpen(ZipFile.java:826) ~[?:?]
	at java.base/java.util.zip.ZipFile.getEntry(ZipFile.java:290) ~[?:?]
	at java.base/java.util.jar.JarFile.getEntry(JarFile.java:505) ~[?:?]
	at java.base/java.util.jar.JarFile.getJarEntry(JarFile.java:460) ~[?:?]
	at org.bukkit.plugin.java.PluginClassLoader.findClass(PluginClassLoader.java:223) ~[paper-api-1.21.10-R0.1-SNAPSHOT.jar:?]
	... 27 more
[19:05:25] [Server thread/WARN]: [libreforge] Task #674 for libreforge v5.6.0 generated an exception
java.lang.IllegalStateException: The plugin classloader for EcoSkills has thrown a zip file error.
	at org.bukkit.plugin.java.PluginClassLoader.findClass(PluginClassLoader.java:228) ~[paper-api-1.21.10-R0.1-SNAPSHOT.jar:?]
	at java.base/java.lang.ClassLoader.loadClass(ClassLoader.java:557) ~[?:?]
	at org.bukkit.plugin.java.PluginClassLoader.loadClass0(PluginClassLoader.java:180) ~[paper-api-1.21.10-R0.1-SNAPSHOT.jar:?]
	at org.bukkit.plugin.java.PluginClassLoader.loadClass(PluginClassLoader.java:175) ~[paper-api-1.21.10-R0.1-SNAPSHOT.jar:?]
	at java.base/java.lang.ClassLoader.loadClass(ClassLoader.java:490) ~[?:?]
	at EcoSkills v3.67.1.jar/com.willfp.ecoskills.EcoSkillsPlugin$handleEnable$$inlined$registerSpecificHolderProvider$1.provide(HolderProvider.kt:483) ~[EcoSkills v3.67.1.jar:?]
	at libreforge-5.6.0-1780425196418.jar/com.willfp.libreforge.HolderProviderKt.computeHolders(HolderProvider.kt:272) ~[libreforge-5.6.0-1780425196418.jar:?]
	at libreforge-5.6.0-1780425196418.jar/com.willfp.libreforge.HolderProviderKt._get_holders_$lambda$0(HolderProvider.kt:310) ~[libreforge-5.6.0-1780425196418.jar:?]
	at libreforge-5.6.0-1780425196418.jar/com.willfp.libreforge.HolderProviderKt._get_holders_$lambda$1(HolderProvider.kt:310) ~[libreforge-5.6.0-1780425196418.jar:?]
	at com.github.benmanes.caffeine.cache.BoundedLocalCache.lambda$doComputeIfAbsent$0(BoundedLocalCache.java:2707) ~[?:?]
	at java.base/java.util.concurrent.ConcurrentHashMap.compute(ConcurrentHashMap.java:1932) ~[?:?]
	at com.github.benmanes.caffeine.cache.BoundedLocalCache.doComputeIfAbsent(BoundedLocalCache.java:2705) ~[?:?]
	at com.github.benmanes.caffeine.cache.BoundedLocalCache.computeIfAbsent(BoundedLocalCache.java:2686) ~[?:?]
	at com.github.benmanes.caffeine.cache.LocalCache.computeIfAbsent(LocalCache.java:112) ~[?:?]
	at com.github.benmanes.caffeine.cache.LocalManualCache.get(LocalManualCache.java:63) ~[?:?]
	at libreforge-5.6.0-1780425196418.jar/com.willfp.libreforge.HolderProviderKt.getHolders(HolderProvider.kt:310) ~[libreforge-5.6.0-1780425196418.jar:?]
	at libreforge-5.6.0-1780425196418.jar/com.willfp.libreforge.HolderProviderKt.calculateActiveEffects(HolderProvider.kt:367) ~[libreforge-5.6.0-1780425196418.jar:?]
	at libreforge-5.6.0-1780425196418.jar/com.willfp.libreforge.HolderProviderKt.updateEffects(HolderProvider.kt:386) ~[libreforge-5.6.0-1780425196418.jar:?]
	at libreforge-5.6.0-1780425196418.jar/com.willfp.libreforge.HolderProviderKt.pollEffects(HolderProvider.kt:207) ~[libreforge-5.6.0-1780425196418.jar:?]
	at libreforge-5.6.0-1780425196418.jar/com.willfp.libreforge.LibreforgeSpigotPlugin.createTasks$lambda$1(LibreforgeSpigotPlugin.kt:219) ~[libreforge-5.6.0-1780425196418.jar:?]
	at org.bukkit.craftbukkit.scheduler.CraftTask.run(CraftTask.java:78) ~[paper-1.21.10.jar:1.21.10-117-df4b668]
	at org.bukkit.craftbukkit.scheduler.CraftScheduler.mainThreadHeartbeat(CraftScheduler.java:474) ~[paper-1.21.10.jar:1.21.10-117-df4b668]
	at net.minecraft.server.MinecraftServer.tickChildren(MinecraftServer.java:1744) ~[paper-1.21.10.jar:1.21.10-117-df4b668]
	at net.minecraft.server.MinecraftServer.tickServer(MinecraftServer.java:1618) ~[paper-1.21.10.jar:1.21.10-117-df4b668]
	at net.minecraft.server.dedicated.DedicatedServer.tickServer(DedicatedServer.java:430) ~[paper-1.21.10.jar:1.21.10-117-df4b668]
	at net.minecraft.server.MinecraftServer.runServer(MinecraftServer.java:1338) ~[paper-1.21.10.jar:1.21.10-117-df4b668]
	at net.minecraft.server.MinecraftServer.lambda$spin$2(MinecraftServer.java:384) ~[paper-1.21.10.jar:1.21.10-117-df4b668]
	at java.base/java.lang.Thread.run(Thread.java:1474) ~[?:?]
Caused by: java.lang.IllegalStateException: zip file closed
	at java.base/java.util.zip.ZipFile.ensureOpen(ZipFile.java:826) ~[?:?]
	at java.base/java.util.zip.ZipFile.getEntry(ZipFile.java:290) ~[?:?]
	at java.base/java.util.jar.JarFile.getEntry(JarFile.java:505) ~[?:?]
	at java.base/java.util.jar.JarFile.getJarEntry(JarFile.java:460) ~[?:?]
	at org.bukkit.plugin.java.PluginClassLoader.findClass(PluginClassLoader.java:223) ~[paper-api-1.21.10-R0.1-SNAPSHOT.jar:?]
	... 27 more
[19:05:26] [Server thread/WARN]: [libreforge] Task #674 for libreforge v5.6.0 generated an exception
java.lang.IllegalStateException: The plugin classloader for EcoSkills has thrown a zip file error.
	at org.bukkit.plugin.java.PluginClassLoader.findClass(PluginClassLoader.java:228) ~[paper-api-1.21.10-R0.1-SNAPSHOT.jar:?]
	at java.base/java.lang.ClassLoader.loadClass(ClassLoader.java:557) ~[?:?]
	at org.bukkit.plugin.java.PluginClassLoader.loadClass0(PluginClassLoader.java:180) ~[paper-api-1.21.10-R0.1-SNAPSHOT.jar:?]
	at org.bukkit.plugin.java.PluginClassLoader.loadClass(PluginClassLoader.java:175) ~[paper-api-1.21.10-R0.1-SNAPSHOT.jar:?]
	at java.base/java.lang.ClassLoader.loadClass(ClassLoader.java:490) ~[?:?]
	at EcoSkills v3.67.1.jar/com.willfp.ecoskills.EcoSkillsPlugin$handleEnable$$inlined$registerSpecificHolderProvider$1.provide(HolderProvider.kt:483) ~[EcoSkills v3.67.1.jar:?]
	at libreforge-5.6.0-1780425196418.jar/com.willfp.libreforge.HolderProviderKt.computeHolders(HolderProvider.kt:272) ~[libreforge-5.6.0-1780425196418.jar:?]
	at libreforge-5.6.0-1780425196418.jar/com.willfp.libreforge.HolderProviderKt._get_holders_$lambda$0(HolderProvider.kt:310) ~[libreforge-5.6.0-1780425196418.jar:?]
	at libreforge-5.6.0-1780425196418.jar/com.willfp.libreforge.HolderProviderKt._get_holders_$lambda$1(HolderProvider.kt:310) ~[libreforge-5.6.0-1780425196418.jar:?]
	at com.github.benmanes.caffeine.cache.BoundedLocalCache.lambda$doComputeIfAbsent$0(BoundedLocalCache.java:2707) ~[?:?]
	at java.base/java.util.concurrent.ConcurrentHashMap.compute(ConcurrentHashMap.java:1932) ~[?:?]
	at com.github.benmanes.caffeine.cache.BoundedLocalCache.doComputeIfAbsent(BoundedLocalCache.java:2705) ~[?:?]
	at com.github.benmanes.caffeine.cache.BoundedLocalCache.computeIfAbsent(BoundedLocalCache.java:2686) ~[?:?]
	at com.github.benmanes.caffeine.cache.LocalCache.computeIfAbsent(LocalCache.java:112) ~[?:?]
	at com.github.benmanes.caffeine.cache.LocalManualCache.get(LocalManualCache.java:63) ~[?:?]
	at libreforge-5.6.0-1780425196418.jar/com.willfp.libreforge.HolderProviderKt.getHolders(HolderProvider.kt:310) ~[libreforge-5.6.0-1780425196418.jar:?]
	at libreforge-5.6.0-1780425196418.jar/com.willfp.libreforge.HolderProviderKt.calculateActiveEffects(HolderProvider.kt:367) ~[libreforge-5.6.0-1780425196418.jar:?]
	at libreforge-5.6.0-1780425196418.jar/com.willfp.libreforge.HolderProviderKt.updateEffects(HolderProvider.kt:386) ~[libreforge-5.6.0-1780425196418.jar:?]
	at libreforge-5.6.0-1780425196418.jar/com.willfp.libreforge.HolderProviderKt.pollEffects(HolderProvider.kt:207) ~[libreforge-5.6.0-1780425196418.jar:?]
	at libreforge-5.6.0-1780425196418.jar/com.willfp.libreforge.LibreforgeSpigotPlugin.createTasks$lambda$1(LibreforgeSpigotPlugin.kt:219) ~[libreforge-5.6.0-1780425196418.jar:?]
	at org.bukkit.craftbukkit.scheduler.CraftTask.run(CraftTask.java:78) ~[paper-1.21.10.jar:1.21.10-117-df4b668]
	at org.bukkit.craftbukkit.scheduler.CraftScheduler.mainThreadHeartbeat(CraftScheduler.java:474) ~[paper-1.21.10.jar:1.21.10-117-df4b668]
	at net.minecraft.server.MinecraftServer.tickChildren(MinecraftServer.java:1744) ~[paper-1.21.10.jar:1.21.10-117-df4b668]
	at net.minecraft.server.MinecraftServer.tickServer(MinecraftServer.java:1618) ~[paper-1.21.10.jar:1.21.10-117-df4b668]
	at net.minecraft.server.dedicated.DedicatedServer.tickServer(DedicatedServer.java:430) ~[paper-1.21.10.jar:1.21.10-117-df4b668]
	at net.minecraft.server.MinecraftServer.runServer(MinecraftServer.java:1338) ~[paper-1.21.10.jar:1.21.10-117-df4b668]
	at net.minecraft.server.MinecraftServer.lambda$spin$2(MinecraftServer.java:384) ~[paper-1.21.10.jar:1.21.10-117-df4b668]
	at java.base/java.lang.Thread.run(Thread.java:1474) ~[?:?]
Caused by: java.lang.IllegalStateException: zip file closed
	at java.base/java.util.zip.ZipFile.ensureOpen(ZipFile.java:826) ~[?:?]
	at java.base/java.util.zip.ZipFile.getEntry(ZipFile.java:290) ~[?:?]
	at java.base/java.util.jar.JarFile.getEntry(JarFile.java:505) ~[?:?]
	at java.base/java.util.jar.JarFile.getJarEntry(JarFile.java:460) ~[?:?]
	at org.bukkit.plugin.java.PluginClassLoader.findClass(PluginClassLoader.java:223) ~[paper-api-1.21.10-R0.1-SNAPSHOT.jar:?]
	... 27 more
[19:05:27] [Server thread/WARN]: [libreforge] Task #674 for libreforge v5.6.0 generated an exception
java.lang.IllegalStateException: The plugin classloader for EcoSkills has thrown a zip file error.
	at org.bukkit.plugin.java.PluginClassLoader.findClass(PluginClassLoader.java:228) ~[paper-api-1.21.10-R0.1-SNAPSHOT.jar:?]
	at java.base/java.lang.ClassLoader.loadClass(ClassLoader.java:557) ~[?:?]
	at org.bukkit.plugin.java.PluginClassLoader.loadClass0(PluginClassLoader.java:180) ~[paper-api-1.21.10-R0.1-SNAPSHOT.jar:?]
	at org.bukkit.plugin.java.PluginClassLoader.loadClass(PluginClassLoader.java:175) ~[paper-api-1.21.10-R0.1-SNAPSHOT.jar:?]
	at java.base/java.lang.ClassLoader.loadClass(ClassLoader.java:490) ~[?:?]
	at EcoSkills v3.67.1.jar/com.willfp.ecoskills.EcoSkillsPlugin$handleEnable$$inlined$registerSpecificHolderProvider$1.provide(HolderProvider.kt:483) ~[EcoSkills v3.67.1.jar:?]
	at libreforge-5.6.0-1780425196418.jar/com.willfp.libreforge.HolderProviderKt.computeHolders(HolderProvider.kt:272) ~[libreforge-5.6.0-1780425196418.jar:?]
	at libreforge-5.6.0-1780425196418.jar/com.willfp.libreforge.HolderProviderKt._get_holders_$lambda$0(HolderProvider.kt:310) ~[libreforge-5.6.0-1780425196418.jar:?]
	at libreforge-5.6.0-1780425196418.jar/com.willfp.libreforge.HolderProviderKt._get_holders_$lambda$1(HolderProvider.kt:310) ~[libreforge-5.6.0-1780425196418.jar:?]
	at com.github.benmanes.caffeine.cache.BoundedLocalCache.lambda$doComputeIfAbsent$0(BoundedLocalCache.java:2707) ~[?:?]
	at java.base/java.util.concurrent.ConcurrentHashMap.compute(ConcurrentHashMap.java:1932) ~[?:?]
	at com.github.benmanes.caffeine.cache.BoundedLocalCache.doComputeIfAbsent(BoundedLocalCache.java:2705) ~[?:?]
	at com.github.benmanes.caffeine.cache.BoundedLocalCache.computeIfAbsent(BoundedLocalCache.java:2686) ~[?:?]
	at com.github.benmanes.caffeine.cache.LocalCache.computeIfAbsent(LocalCache.java:112) ~[?:?]
	at com.github.benmanes.caffeine.cache.LocalManualCache.get(LocalManualCache.java:63) ~[?:?]
	at libreforge-5.6.0-1780425196418.jar/com.willfp.libreforge.HolderProviderKt.getHolders(HolderProvider.kt:310) ~[libreforge-5.6.0-1780425196418.jar:?]
	at libreforge-5.6.0-1780425196418.jar/com.willfp.libreforge.HolderProviderKt.calculateActiveEffects(HolderProvider.kt:367) ~[libreforge-5.6.0-1780425196418.jar:?]
	at libreforge-5.6.0-1780425196418.jar/com.willfp.libreforge.HolderProviderKt.updateEffects(HolderProvider.kt:386) ~[libreforge-5.6.0-1780425196418.jar:?]
	at libreforge-5.6.0-1780425196418.jar/com.willfp.libreforge.HolderProviderKt.pollEffects(HolderProvider.kt:207) ~[libreforge-5.6.0-1780425196418.jar:?]
	at libreforge-5.6.0-1780425196418.jar/com.willfp.libreforge.LibreforgeSpigotPlugin.createTasks$lambda$1(LibreforgeSpigotPlugin.kt:219) ~[libreforge-5.6.0-1780425196418.jar:?]
	at org.bukkit.craftbukkit.scheduler.CraftTask.run(CraftTask.java:78) ~[paper-1.21.10.jar:1.21.10-117-df4b668]
	at org.bukkit.craftbukkit.scheduler.CraftScheduler.mainThreadHeartbeat(CraftScheduler.java:474) ~[paper-1.21.10.jar:1.21.10-117-df4b668]
	at net.minecraft.server.MinecraftServer.tickChildren(MinecraftServer.java:1744) ~[paper-1.21.10.jar:1.21.10-117-df4b668]
	at net.minecraft.server.MinecraftServer.tickServer(MinecraftServer.java:1618) ~[paper-1.21.10.jar:1.21.10-117-df4b668]
	at net.minecraft.server.dedicated.DedicatedServer.tickServer(DedicatedServer.java:430) ~[paper-1.21.10.jar:1.21.10-117-df4b668]
	at net.minecraft.server.MinecraftServer.runServer(MinecraftServer.java:1338) ~[paper-1.21.10.jar:1.21.10-117-df4b668]
	at net.minecraft.server.MinecraftServer.lambda$spin$2(MinecraftServer.java:384) ~[paper-1.21.10.jar:1.21.10-117-df4b668]
	at java.base/java.lang.Thread.run(Thread.java:1474) ~[?:?]
Caused by: java.lang.IllegalStateException: zip file closed
	at java.base/java.util.zip.ZipFile.ensureOpen(ZipFile.java:826) ~[?:?]
	at java.base/java.util.zip.ZipFile.getEntry(ZipFile.java:290) ~[?:?]
	at java.base/java.util.jar.JarFile.getEntry(JarFile.java:505) ~[?:?]
	at java.base/java.util.jar.JarFile.getJarEntry(JarFile.java:460) ~[?:?]
	at org.bukkit.plugin.java.PluginClassLoader.findClass(PluginClassLoader.java:223) ~[paper-api-1.21.10-R0.1-SNAPSHOT.jar:?]
	... 27 more
[19:05:28] [Server thread/WARN]: [libreforge] Task #674 for libreforge v5.6.0 generated an exception
java.lang.IllegalStateException: The plugin classloader for EcoSkills has thrown a zip file error.
	at org.bukkit.plugin.java.PluginClassLoader.findClass(PluginClassLoader.java:228) ~[paper-api-1.21.10-R0.1-SNAPSHOT.jar:?]
	at java.base/java.lang.ClassLoader.loadClass(ClassLoader.java:557) ~[?:?]
	at org.bukkit.plugin.java.PluginClassLoader.loadClass0(PluginClassLoader.java:180) ~[paper-api-1.21.10-R0.1-SNAPSHOT.jar:?]
	at org.bukkit.plugin.java.PluginClassLoader.loadClass(PluginClassLoader.java:175) ~[paper-api-1.21.10-R0.1-SNAPSHOT.jar:?]
	at java.base/java.lang.ClassLoader.loadClass(ClassLoader.java:490) ~[?:?]
	at EcoSkills v3.67.1.jar/com.willfp.ecoskills.EcoSkillsPlugin$handleEnable$$inlined$registerSpecificHolderProvider$1.provide(HolderProvider.kt:483) ~[EcoSkills v3.67.1.jar:?]
	at libreforge-5.6.0-1780425196418.jar/com.willfp.libreforge.HolderProviderKt.computeHolders(HolderProvider.kt:272) ~[libreforge-5.6.0-1780425196418.jar:?]
	at libreforge-5.6.0-1780425196418.jar/com.willfp.libreforge.HolderProviderKt._get_holders_$lambda$0(HolderProvider.kt:310) ~[libreforge-5.6.0-1780425196418.jar:?]
	at libreforge-5.6.0-1780425196418.jar/com.willfp.libreforge.HolderProviderKt._get_holders_$lambda$1(HolderProvider.kt:310) ~[libreforge-5.6.0-1780425196418.jar:?]
	at com.github.benmanes.caffeine.cache.BoundedLocalCache.lambda$doComputeIfAbsent$0(BoundedLocalCache.java:2707) ~[?:?]
	at java.base/java.util.concurrent.ConcurrentHashMap.compute(ConcurrentHashMap.java:1932) ~[?:?]
	at com.github.benmanes.caffeine.cache.BoundedLocalCache.doComputeIfAbsent(BoundedLocalCache.java:2705) ~[?:?]
	at com.github.benmanes.caffeine.cache.BoundedLocalCache.computeIfAbsent(BoundedLocalCache.java:2686) ~[?:?]
	at com.github.benmanes.caffeine.cache.LocalCache.computeIfAbsent(LocalCache.java:112) ~[?:?]
	at com.github.benmanes.caffeine.cache.LocalManualCache.get(LocalManualCache.java:63) ~[?:?]
	at libreforge-5.6.0-1780425196418.jar/com.willfp.libreforge.HolderProviderKt.getHolders(HolderProvider.kt:310) ~[libreforge-5.6.0-1780425196418.jar:?]
	at libreforge-5.6.0-1780425196418.jar/com.willfp.libreforge.HolderProviderKt.calculateActiveEffects(HolderProvider.kt:367) ~[libreforge-5.6.0-1780425196418.jar:?]
	at libreforge-5.6.0-1780425196418.jar/com.willfp.libreforge.HolderProviderKt.updateEffects(HolderProvider.kt:386) ~[libreforge-5.6.0-1780425196418.jar:?]
	at libreforge-5.6.0-1780425196418.jar/com.willfp.libreforge.HolderProviderKt.pollEffects(HolderProvider.kt:207) ~[libreforge-5.6.0-1780425196418.jar:?]
	at libreforge-5.6.0-1780425196418.jar/com.willfp.libreforge.LibreforgeSpigotPlugin.createTasks$lambda$1(LibreforgeSpigotPlugin.kt:219) ~[libreforge-5.6.0-1780425196418.jar:?]
	at org.bukkit.craftbukkit.scheduler.CraftTask.run(CraftTask.java:78) ~[paper-1.21.10.jar:1.21.10-117-df4b668]
	at org.bukkit.craftbukkit.scheduler.CraftScheduler.mainThreadHeartbeat(CraftScheduler.java:474) ~[paper-1.21.10.jar:1.21.10-117-df4b668]
	at net.minecraft.server.MinecraftServer.tickChildren(MinecraftServer.java:1744) ~[paper-1.21.10.jar:1.21.10-117-df4b668]
	at net.minecraft.server.MinecraftServer.tickServer(MinecraftServer.java:1618) ~[paper-1.21.10.jar:1.21.10-117-df4b668]
	at net.minecraft.server.dedicated.DedicatedServer.tickServer(DedicatedServer.java:430) ~[paper-1.21.10.jar:1.21.10-117-df4b668]
	at net.minecraft.server.MinecraftServer.runServer(MinecraftServer.java:1338) ~[paper-1.21.10.jar:1.21.10-117-df4b668]
	at net.minecraft.server.MinecraftServer.lambda$spin$2(MinecraftServer.java:384) ~[paper-1.21.10.jar:1.21.10-117-df4b668]
	at java.base/java.lang.Thread.run(Thread.java:1474) ~[?:?]
Caused by: java.lang.IllegalStateException: zip file closed
	at java.base/java.util.zip.ZipFile.ensureOpen(ZipFile.java:826) ~[?:?]
	at java.base/java.util.zip.ZipFile.getEntry(ZipFile.java:290) ~[?:?]
	at java.base/java.util.jar.JarFile.getEntry(JarFile.java:505) ~[?:?]
	at java.base/java.util.jar.JarFile.getJarEntry(JarFile.java:460) ~[?:?]
	at org.bukkit.plugin.java.PluginClassLoader.findClass(PluginClassLoader.java:223) ~[paper-api-1.21.10-R0.1-SNAPSHOT.jar:?]
	... 27 more
[19:05:29] [Server thread/WARN]: [libreforge] Task #674 for libreforge v5.6.0 generated an exception
java.lang.IllegalStateException: The plugin classloader for EcoSkills has thrown a zip file error.
	at org.bukkit.plugin.java.PluginClassLoader.findClass(PluginClassLoader.java:228) ~[paper-api-1.21.10-R0.1-SNAPSHOT.jar:?]
	at java.base/java.lang.ClassLoader.loadClass(ClassLoader.java:557) ~[?:?]
	at org.bukkit.plugin.java.PluginClassLoader.loadClass0(PluginClassLoader.java:180) ~[paper-api-1.21.10-R0.1-SNAPSHOT.jar:?]
	at org.bukkit.plugin.java.PluginClassLoader.loadClass(PluginClassLoader.java:175) ~[paper-api-1.21.10-R0.1-SNAPSHOT.jar:?]
	at java.base/java.lang.ClassLoader.loadClass(ClassLoader.java:490) ~[?:?]
	at EcoSkills v3.67.1.jar/com.willfp.ecoskills.EcoSkillsPlugin$handleEnable$$inlined$registerSpecificHolderProvider$1.provide(HolderProvider.kt:483) ~[EcoSkills v3.67.1.jar:?]
	at libreforge-5.6.0-1780425196418.jar/com.willfp.libreforge.HolderProviderKt.computeHolders(HolderProvider.kt:272) ~[libreforge-5.6.0-1780425196418.jar:?]
	at libreforge-5.6.0-1780425196418.jar/com.willfp.libreforge.HolderProviderKt._get_holders_$lambda$0(HolderProvider.kt:310) ~[libreforge-5.6.0-1780425196418.jar:?]
	at libreforge-5.6.0-1780425196418.jar/com.willfp.libreforge.HolderProviderKt._get_holders_$lambda$1(HolderProvider.kt:310) ~[libreforge-5.6.0-1780425196418.jar:?]
	at com.github.benmanes.caffeine.cache.BoundedLocalCache.lambda$doComputeIfAbsent$0(BoundedLocalCache.java:2707) ~[?:?]
	at java.base/java.util.concurrent.ConcurrentHashMap.compute(ConcurrentHashMap.java:1932) ~[?:?]
	at com.github.benmanes.caffeine.cache.BoundedLocalCache.doComputeIfAbsent(BoundedLocalCache.java:2705) ~[?:?]
	at com.github.benmanes.caffeine.cache.BoundedLocalCache.computeIfAbsent(BoundedLocalCache.java:2686) ~[?:?]
	at com.github.benmanes.caffeine.cache.LocalCache.computeIfAbsent(LocalCache.java:112) ~[?:?]
	at com.github.benmanes.caffeine.cache.LocalManualCache.get(LocalManualCache.java:63) ~[?:?]
	at libreforge-5.6.0-1780425196418.jar/com.willfp.libreforge.HolderProviderKt.getHolders(HolderProvider.kt:310) ~[libreforge-5.6.0-1780425196418.jar:?]
	at libreforge-5.6.0-1780425196418.jar/com.willfp.libreforge.HolderProviderKt.calculateActiveEffects(HolderProvider.kt:367) ~[libreforge-5.6.0-1780425196418.jar:?]
	at libreforge-5.6.0-1780425196418.jar/com.willfp.libreforge.HolderProviderKt.updateEffects(HolderProvider.kt:386) ~[libreforge-5.6.0-1780425196418.jar:?]
	at libreforge-5.6.0-1780425196418.jar/com.willfp.libreforge.HolderProviderKt.pollEffects(HolderProvider.kt:207) ~[libreforge-5.6.0-1780425196418.jar:?]
	at libreforge-5.6.0-1780425196418.jar/com.willfp.libreforge.LibreforgeSpigotPlugin.createTasks$lambda$1(LibreforgeSpigotPlugin.kt:219) ~[libreforge-5.6.0-1780425196418.jar:?]
	at org.bukkit.craftbukkit.scheduler.CraftTask.run(CraftTask.java:78) ~[paper-1.21.10.jar:1.21.10-117-df4b668]
	at org.bukkit.craftbukkit.scheduler.CraftScheduler.mainThreadHeartbeat(CraftScheduler.java:474) ~[paper-1.21.10.jar:1.21.10-117-df4b668]
	at net.minecraft.server.MinecraftServer.tickChildren(MinecraftServer.java:1744) ~[paper-1.21.10.jar:1.21.10-117-df4b668]
	at net.minecraft.server.MinecraftServer.tickServer(MinecraftServer.java:1618) ~[paper-1.21.10.jar:1.21.10-117-df4b668]
	at net.minecraft.server.dedicated.DedicatedServer.tickServer(DedicatedServer.java:430) ~[paper-1.21.10.jar:1.21.10-117-df4b668]
	at net.minecraft.server.MinecraftServer.runServer(MinecraftServer.java:1338) ~[paper-1.21.10.jar:1.21.10-117-df4b668]
	at net.minecraft.server.MinecraftServer.lambda$spin$2(MinecraftServer.java:384) ~[paper-1.21.10.jar:1.21.10-117-df4b668]
	at java.base/java.lang.Thread.run(Thread.java:1474) ~[?:?]
Caused by: java.lang.IllegalStateException: zip file closed
	at java.base/java.util.zip.ZipFile.ensureOpen(ZipFile.java:826) ~[?:?]
	at java.base/java.util.zip.ZipFile.getEntry(ZipFile.java:290) ~[?:?]
	at java.base/java.util.jar.JarFile.getEntry(JarFile.java:505) ~[?:?]
	at java.base/java.util.jar.JarFile.getJarEntry(JarFile.java:460) ~[?:?]
	at org.bukkit.plugin.java.PluginClassLoader.findClass(PluginClassLoader.java:223) ~[paper-api-1.21.10-R0.1-SNAPSHOT.jar:?]
	... 27 more
[19:05:30] [Server thread/WARN]: [libreforge] Task #674 for libreforge v5.6.0 generated an exception
java.lang.IllegalStateException: The plugin classloader for EcoSkills has thrown a zip file error.
	at org.bukkit.plugin.java.PluginClassLoader.findClass(PluginClassLoader.java:228) ~[paper-api-1.21.10-R0.1-SNAPSHOT.jar:?]
	at java.base/java.lang.ClassLoader.loadClass(ClassLoader.java:557) ~[?:?]
	at org.bukkit.plugin.java.PluginClassLoader.loadClass0(PluginClassLoader.java:180) ~[paper-api-1.21.10-R0.1-SNAPSHOT.jar:?]
	at org.bukkit.plugin.java.PluginClassLoader.loadClass(PluginClassLoader.java:175) ~[paper-api-1.21.10-R0.1-SNAPSHOT.jar:?]
	at java.base/java.lang.ClassLoader.loadClass(ClassLoader.java:490) ~[?:?]
	at EcoSkills v3.67.1.jar/com.willfp.ecoskills.EcoSkillsPlugin$handleEnable$$inlined$registerSpecificHolderProvider$1.provide(HolderProvider.kt:483) ~[EcoSkills v3.67.1.jar:?]
	at libreforge-5.6.0-1780425196418.jar/com.willfp.libreforge.HolderProviderKt.computeHolders(HolderProvider.kt:272) ~[libreforge-5.6.0-1780425196418.jar:?]
	at libreforge-5.6.0-1780425196418.jar/com.willfp.libreforge.HolderProviderKt._get_holders_$lambda$0(HolderProvider.kt:310) ~[libreforge-5.6.0-1780425196418.jar:?]
	at libreforge-5.6.0-1780425196418.jar/com.willfp.libreforge.HolderProviderKt._get_holders_$lambda$1(HolderProvider.kt:310) ~[libreforge-5.6.0-1780425196418.jar:?]
	at com.github.benmanes.caffeine.cache.BoundedLocalCache.lambda$doComputeIfAbsent$0(BoundedLocalCache.java:2707) ~[?:?]
	at java.base/java.util.concurrent.ConcurrentHashMap.compute(ConcurrentHashMap.java:1932) ~[?:?]
	at com.github.benmanes.caffeine.cache.BoundedLocalCache.doComputeIfAbsent(BoundedLocalCache.java:2705) ~[?:?]
	at com.github.benmanes.caffeine.cache.BoundedLocalCache.computeIfAbsent(BoundedLocalCache.java:2686) ~[?:?]
	at com.github.benmanes.caffeine.cache.LocalCache.computeIfAbsent(LocalCache.java:112) ~[?:?]
	at com.github.benmanes.caffeine.cache.LocalManualCache.get(LocalManualCache.java:63) ~[?:?]
	at libreforge-5.6.0-1780425196418.jar/com.willfp.libreforge.HolderProviderKt.getHolders(HolderProvider.kt:310) ~[libreforge-5.6.0-1780425196418.jar:?]
	at libreforge-5.6.0-1780425196418.jar/com.willfp.libreforge.HolderProviderKt.calculateActiveEffects(HolderProvider.kt:367) ~[libreforge-5.6.0-1780425196418.jar:?]
	at libreforge-5.6.0-1780425196418.jar/com.willfp.libreforge.HolderProviderKt.updateEffects(HolderProvider.kt:386) ~[libreforge-5.6.0-1780425196418.jar:?]
	at libreforge-5.6.0-1780425196418.jar/com.willfp.libreforge.HolderProviderKt.pollEffects(HolderProvider.kt:207) ~[libreforge-5.6.0-1780425196418.jar:?]
	at libreforge-5.6.0-1780425196418.jar/com.willfp.libreforge.LibreforgeSpigotPlugin.createTasks$lambda$1(LibreforgeSpigotPlugin.kt:219) ~[libreforge-5.6.0-1780425196418.jar:?]
	at org.bukkit.craftbukkit.scheduler.CraftTask.run(CraftTask.java:78) ~[paper-1.21.10.jar:1.21.10-117-df4b668]
	at org.bukkit.craftbukkit.scheduler.CraftScheduler.mainThreadHeartbeat(CraftScheduler.java:474) ~[paper-1.21.10.jar:1.21.10-117-df4b668]
	at net.minecraft.server.MinecraftServer.tickChildren(MinecraftServer.java:1744) ~[paper-1.21.10.jar:1.21.10-117-df4b668]
	at net.minecraft.server.MinecraftServer.tickServer(MinecraftServer.java:1618) ~[paper-1.21.10.jar:1.21.10-117-df4b668]
	at net.minecraft.server.dedicated.DedicatedServer.tickServer(DedicatedServer.java:430) ~[paper-1.21.10.jar:1.21.10-117-df4b668]
	at net.minecraft.server.MinecraftServer.runServer(MinecraftServer.java:1338) ~[paper-1.21.10.jar:1.21.10-117-df4b668]
	at net.minecraft.server.MinecraftServer.lambda$spin$2(MinecraftServer.java:384) ~[paper-1.21.10.jar:1.21.10-117-df4b668]
	at java.base/java.lang.Thread.run(Thread.java:1474) ~[?:?]
Caused by: java.lang.IllegalStateException: zip file closed
	at java.base/java.util.zip.ZipFile.ensureOpen(ZipFile.java:826) ~[?:?]
	at java.base/java.util.zip.ZipFile.getEntry(ZipFile.java:290) ~[?:?]
	at java.base/java.util.jar.JarFile.getEntry(JarFile.java:505) ~[?:?]
	at java.base/java.util.jar.JarFile.getJarEntry(JarFile.java:460) ~[?:?]
	at org.bukkit.plugin.java.PluginClassLoader.findClass(PluginClassLoader.java:223) ~[paper-api-1.21.10-R0.1-SNAPSHOT.jar:?]
	... 27 more
[19:05:31] [Server thread/WARN]: [libreforge] Task #674 for libreforge v5.6.0 generated an exception
java.lang.IllegalStateException: The plugin classloader for EcoSkills has thrown a zip file error.
	at org.bukkit.plugin.java.PluginClassLoader.findClass(PluginClassLoader.java:228) ~[paper-api-1.21.10-R0.1-SNAPSHOT.jar:?]
	at java.base/java.lang.ClassLoader.loadClass(ClassLoader.java:557) ~[?:?]
	at org.bukkit.plugin.java.PluginClassLoader.loadClass0(PluginClassLoader.java:180) ~[paper-api-1.21.10-R0.1-SNAPSHOT.jar:?]
	at org.bukkit.plugin.java.PluginClassLoader.loadClass(PluginClassLoader.java:175) ~[paper-api-1.21.10-R0.1-SNAPSHOT.jar:?]
	at java.base/java.lang.ClassLoader.loadClass(ClassLoader.java:490) ~[?:?]
	at EcoSkills v3.67.1.jar/com.willfp.ecoskills.EcoSkillsPlugin$handleEnable$$inlined$registerSpecificHolderProvider$1.provide(HolderProvider.kt:483) ~[EcoSkills v3.67.1.jar:?]
	at libreforge-5.6.0-1780425196418.jar/com.willfp.libreforge.HolderProviderKt.computeHolders(HolderProvider.kt:272) ~[libreforge-5.6.0-1780425196418.jar:?]
	at libreforge-5.6.0-1780425196418.jar/com.willfp.libreforge.HolderProviderKt._get_holders_$lambda$0(HolderProvider.kt:310) ~[libreforge-5.6.0-1780425196418.jar:?]
	at libreforge-5.6.0-1780425196418.jar/com.willfp.libreforge.HolderProviderKt._get_holders_$lambda$1(HolderProvider.kt:310) ~[libreforge-5.6.0-1780425196418.jar:?]
	at com.github.benmanes.caffeine.cache.BoundedLocalCache.lambda$doComputeIfAbsent$0(BoundedLocalCache.java:2707) ~[?:?]
	at java.base/java.util.concurrent.ConcurrentHashMap.compute(ConcurrentHashMap.java:1932) ~[?:?]
	at com.github.benmanes.caffeine.cache.BoundedLocalCache.doComputeIfAbsent(BoundedLocalCache.java:2705) ~[?:?]
	at com.github.benmanes.caffeine.cache.BoundedLocalCache.computeIfAbsent(BoundedLocalCache.java:2686) ~[?:?]
	at com.github.benmanes.caffeine.cache.LocalCache.computeIfAbsent(LocalCache.java:112) ~[?:?]
	at com.github.benmanes.caffeine.cache.LocalManualCache.get(LocalManualCache.java:63) ~[?:?]
	at libreforge-5.6.0-1780425196418.jar/com.willfp.libreforge.HolderProviderKt.getHolders(HolderProvider.kt:310) ~[libreforge-5.6.0-1780425196418.jar:?]
	at libreforge-5.6.0-1780425196418.jar/com.willfp.libreforge.HolderProviderKt.calculateActiveEffects(HolderProvider.kt:367) ~[libreforge-5.6.0-1780425196418.jar:?]
	at libreforge-5.6.0-1780425196418.jar/com.willfp.libreforge.HolderProviderKt.updateEffects(HolderProvider.kt:386) ~[libreforge-5.6.0-1780425196418.jar:?]
	at libreforge-5.6.0-1780425196418.jar/com.willfp.libreforge.HolderProviderKt.pollEffects(HolderProvider.kt:207) ~[libreforge-5.6.0-1780425196418.jar:?]
	at libreforge-5.6.0-1780425196418.jar/com.willfp.libreforge.LibreforgeSpigotPlugin.createTasks$lambda$1(LibreforgeSpigotPlugin.kt:219) ~[libreforge-5.6.0-1780425196418.jar:?]
	at org.bukkit.craftbukkit.scheduler.CraftTask.run(CraftTask.java:78) ~[paper-1.21.10.jar:1.21.10-117-df4b668]
	at org.bukkit.craftbukkit.scheduler.CraftScheduler.mainThreadHeartbeat(CraftScheduler.java:474) ~[paper-1.21.10.jar:1.21.10-117-df4b668]
	at net.minecraft.server.MinecraftServer.tickChildren(MinecraftServer.java:1744) ~[paper-1.21.10.jar:1.21.10-117-df4b668]
	at net.minecraft.server.MinecraftServer.tickServer(MinecraftServer.java:1618) ~[paper-1.21.10.jar:1.21.10-117-df4b668]
	at net.minecraft.server.dedicated.DedicatedServer.tickServer(DedicatedServer.java:430) ~[paper-1.21.10.jar:1.21.10-117-df4b668]
	at net.minecraft.server.MinecraftServer.runServer(MinecraftServer.java:1338) ~[paper-1.21.10.jar:1.21.10-117-df4b668]
	at net.minecraft.server.MinecraftServer.lambda$spin$2(MinecraftServer.java:384) ~[paper-1.21.10.jar:1.21.10-117-df4b668]
	at java.base/java.lang.Thread.run(Thread.java:1474) ~[?:?]
Caused by: java.lang.IllegalStateException: zip file closed
	at java.base/java.util.zip.ZipFile.ensureOpen(ZipFile.java:826) ~[?:?]
	at java.base/java.util.zip.ZipFile.getEntry(ZipFile.java:290) ~[?:?]
	at java.base/java.util.jar.JarFile.getEntry(JarFile.java:505) ~[?:?]
	at java.base/java.util.jar.JarFile.getJarEntry(JarFile.java:460) ~[?:?]
	at org.bukkit.plugin.java.PluginClassLoader.findClass(PluginClassLoader.java:223) ~[paper-api-1.21.10-R0.1-SNAPSHOT.jar:?]
	... 27 more
[19:05:32] [Server thread/WARN]: [libreforge] Task #674 for libreforge v5.6.0 generated an exception
java.lang.IllegalStateException: The plugin classloader for EcoSkills has thrown a zip file error.
	at org.bukkit.plugin.java.PluginClassLoader.findClass(PluginClassLoader.java:228) ~[paper-api-1.21.10-R0.1-SNAPSHOT.jar:?]
	at java.base/java.lang.ClassLoader.loadClass(ClassLoader.java:557) ~[?:?]
	at org.bukkit.plugin.java.PluginClassLoader.loadClass0(PluginClassLoader.java:180) ~[paper-api-1.21.10-R0.1-SNAPSHOT.jar:?]
	at org.bukkit.plugin.java.PluginClassLoader.loadClass(PluginClassLoader.java:175) ~[paper-api-1.21.10-R0.1-SNAPSHOT.jar:?]
	at java.base/java.lang.ClassLoader.loadClass(ClassLoader.java:490) ~[?:?]
	at EcoSkills v3.67.1.jar/com.willfp.ecoskills.EcoSkillsPlugin$handleEnable$$inlined$registerSpecificHolderProvider$1.provide(HolderProvider.kt:483) ~[EcoSkills v3.67.1.jar:?]
	at libreforge-5.6.0-1780425196418.jar/com.willfp.libreforge.HolderProviderKt.computeHolders(HolderProvider.kt:272) ~[libreforge-5.6.0-1780425196418.jar:?]
	at libreforge-5.6.0-1780425196418.jar/com.willfp.libreforge.HolderProviderKt._get_holders_$lambda$0(HolderProvider.kt:310) ~[libreforge-5.6.0-1780425196418.jar:?]
	at libreforge-5.6.0-1780425196418.jar/com.willfp.libreforge.HolderProviderKt._get_holders_$lambda$1(HolderProvider.kt:310) ~[libreforge-5.6.0-1780425196418.jar:?]
	at com.github.benmanes.caffeine.cache.BoundedLocalCache.lambda$doComputeIfAbsent$0(BoundedLocalCache.java:2707) ~[?:?]
	at java.base/java.util.concurrent.ConcurrentHashMap.compute(ConcurrentHashMap.java:1932) ~[?:?]
	at com.github.benmanes.caffeine.cache.BoundedLocalCache.doComputeIfAbsent(BoundedLocalCache.java:2705) ~[?:?]
	at com.github.benmanes.caffeine.cache.BoundedLocalCache.computeIfAbsent(BoundedLocalCache.java:2686) ~[?:?]
	at com.github.benmanes.caffeine.cache.LocalCache.computeIfAbsent(LocalCache.java:112) ~[?:?]
	at com.github.benmanes.caffeine.cache.LocalManualCache.get(LocalManualCache.java:63) ~[?:?]
	at libreforge-5.6.0-1780425196418.jar/com.willfp.libreforge.HolderProviderKt.getHolders(HolderProvider.kt:310) ~[libreforge-5.6.0-1780425196418.jar:?]
	at libreforge-5.6.0-1780425196418.jar/com.willfp.libreforge.HolderProviderKt.calculateActiveEffects(HolderProvider.kt:367) ~[libreforge-5.6.0-1780425196418.jar:?]
	at libreforge-5.6.0-1780425196418.jar/com.willfp.libreforge.HolderProviderKt.updateEffects(HolderProvider.kt:386) ~[libreforge-5.6.0-1780425196418.jar:?]
	at libreforge-5.6.0-1780425196418.jar/com.willfp.libreforge.HolderProviderKt.pollEffects(HolderProvider.kt:207) ~[libreforge-5.6.0-1780425196418.jar:?]
	at libreforge-5.6.0-1780425196418.jar/com.willfp.libreforge.LibreforgeSpigotPlugin.createTasks$lambda$1(LibreforgeSpigotPlugin.kt:219) ~[libreforge-5.6.0-1780425196418.jar:?]
	at org.bukkit.craftbukkit.scheduler.CraftTask.run(CraftTask.java:78) ~[paper-1.21.10.jar:1.21.10-117-df4b668]
	at org.bukkit.craftbukkit.scheduler.CraftScheduler.mainThreadHeartbeat(CraftScheduler.java:474) ~[paper-1.21.10.jar:1.21.10-117-df4b668]
	at net.minecraft.server.MinecraftServer.tickChildren(MinecraftServer.java:1744) ~[paper-1.21.10.jar:1.21.10-117-df4b668]
	at net.minecraft.server.MinecraftServer.tickServer(MinecraftServer.java:1618) ~[paper-1.21.10.jar:1.21.10-117-df4b668]
	at net.minecraft.server.dedicated.DedicatedServer.tickServer(DedicatedServer.java:430) ~[paper-1.21.10.jar:1.21.10-117-df4b668]
	at net.minecraft.server.MinecraftServer.runServer(MinecraftServer.java:1338) ~[paper-1.21.10.jar:1.21.10-117-df4b668]
	at net.minecraft.server.MinecraftServer.lambda$spin$2(MinecraftServer.java:384) ~[paper-1.21.10.jar:1.21.10-117-df4b668]
	at java.base/java.lang.Thread.run(Thread.java:1474) ~[?:?]
Caused by: java.lang.IllegalStateException: zip file closed
	at java.base/java.util.zip.ZipFile.ensureOpen(ZipFile.java:826) ~[?:?]
	at java.base/java.util.zip.ZipFile.getEntry(ZipFile.java:290) ~[?:?]
	at java.base/java.util.jar.JarFile.getEntry(JarFile.java:505) ~[?:?]
	at java.base/java.util.jar.JarFile.getJarEntry(JarFile.java:460) ~[?:?]
	at org.bukkit.plugin.java.PluginClassLoader.findClass(PluginClassLoader.java:223) ~[paper-api-1.21.10-R0.1-SNAPSHOT.jar:?]
	... 27 more
[19:05:33] [Server thread/WARN]: [libreforge] Task #674 for libreforge v5.6.0 generated an exception
java.lang.IllegalStateException: The plugin classloader for EcoSkills has thrown a zip file error.
	at org.bukkit.plugin.java.PluginClassLoader.findClass(PluginClassLoader.java:228) ~[paper-api-1.21.10-R0.1-SNAPSHOT.jar:?]
	at java.base/java.lang.ClassLoader.loadClass(ClassLoader.java:557) ~[?:?]
	at org.bukkit.plugin.java.PluginClassLoader.loadClass0(PluginClassLoader.java:180) ~[paper-api-1.21.10-R0.1-SNAPSHOT.jar:?]
	at org.bukkit.plugin.java.PluginClassLoader.loadClass(PluginClassLoader.java:175) ~[paper-api-1.21.10-R0.1-SNAPSHOT.jar:?]
	at java.base/java.lang.ClassLoader.loadClass(ClassLoader.java:490) ~[?:?]
	at EcoSkills v3.67.1.jar/com.willfp.ecoskills.EcoSkillsPlugin$handleEnable$$inlined$registerSpecificHolderProvider$1.provide(HolderProvider.kt:483) ~[EcoSkills v3.67.1.jar:?]
	at libreforge-5.6.0-1780425196418.jar/com.willfp.libreforge.HolderProviderKt.computeHolders(HolderProvider.kt:272) ~[libreforge-5.6.0-1780425196418.jar:?]
	at libreforge-5.6.0-1780425196418.jar/com.willfp.libreforge.HolderProviderKt._get_holders_$lambda$0(HolderProvider.kt:310) ~[libreforge-5.6.0-1780425196418.jar:?]
	at libreforge-5.6.0-1780425196418.jar/com.willfp.libreforge.HolderProviderKt._get_holders_$lambda$1(HolderProvider.kt:310) ~[libreforge-5.6.0-1780425196418.jar:?]
	at com.github.benmanes.caffeine.cache.BoundedLocalCache.lambda$doComputeIfAbsent$0(BoundedLocalCache.java:2707) ~[?:?]
	at java.base/java.util.concurrent.ConcurrentHashMap.compute(ConcurrentHashMap.java:1932) ~[?:?]
	at com.github.benmanes.caffeine.cache.BoundedLocalCache.doComputeIfAbsent(BoundedLocalCache.java:2705) ~[?:?]
	at com.github.benmanes.caffeine.cache.BoundedLocalCache.computeIfAbsent(BoundedLocalCache.java:2686) ~[?:?]
	at com.github.benmanes.caffeine.cache.LocalCache.computeIfAbsent(LocalCache.java:112) ~[?:?]
	at com.github.benmanes.caffeine.cache.LocalManualCache.get(LocalManualCache.java:63) ~[?:?]
	at libreforge-5.6.0-1780425196418.jar/com.willfp.libreforge.HolderProviderKt.getHolders(HolderProvider.kt:310) ~[libreforge-5.6.0-1780425196418.jar:?]
	at libreforge-5.6.0-1780425196418.jar/com.willfp.libreforge.HolderProviderKt.calculateActiveEffects(HolderProvider.kt:367) ~[libreforge-5.6.0-1780425196418.jar:?]
	at libreforge-5.6.0-1780425196418.jar/com.willfp.libreforge.HolderProviderKt.updateEffects(HolderProvider.kt:386) ~[libreforge-5.6.0-1780425196418.jar:?]
	at libreforge-5.6.0-1780425196418.jar/com.willfp.libreforge.HolderProviderKt.pollEffects(HolderProvider.kt:207) ~[libreforge-5.6.0-1780425196418.jar:?]
	at libreforge-5.6.0-1780425196418.jar/com.willfp.libreforge.LibreforgeSpigotPlugin.createTasks$lambda$1(LibreforgeSpigotPlugin.kt:219) ~[libreforge-5.6.0-1780425196418.jar:?]
	at org.bukkit.craftbukkit.scheduler.CraftTask.run(CraftTask.java:78) ~[paper-1.21.10.jar:1.21.10-117-df4b668]
	at org.bukkit.craftbukkit.scheduler.CraftScheduler.mainThreadHeartbeat(CraftScheduler.java:474) ~[paper-1.21.10.jar:1.21.10-117-df4b668]
	at net.minecraft.server.MinecraftServer.tickChildren(MinecraftServer.java:1744) ~[paper-1.21.10.jar:1.21.10-117-df4b668]
	at net.minecraft.server.MinecraftServer.tickServer(MinecraftServer.java:1618) ~[paper-1.21.10.jar:1.21.10-117-df4b668]
	at net.minecraft.server.dedicated.DedicatedServer.tickServer(DedicatedServer.java:430) ~[paper-1.21.10.jar:1.21.10-117-df4b668]
	at net.minecraft.server.MinecraftServer.runServer(MinecraftServer.java:1338) ~[paper-1.21.10.jar:1.21.10-117-df4b668]
	at net.minecraft.server.MinecraftServer.lambda$spin$2(MinecraftServer.java:384) ~[paper-1.21.10.jar:1.21.10-117-df4b668]
	at java.base/java.lang.Thread.run(Thread.java:1474) ~[?:?]
Caused by: java.lang.IllegalStateException: zip file closed
	at java.base/java.util.zip.ZipFile.ensureOpen(ZipFile.java:826) ~[?:?]
	at java.base/java.util.zip.ZipFile.getEntry(ZipFile.java:290) ~[?:?]
	at java.base/java.util.jar.JarFile.getEntry(JarFile.java:505) ~[?:?]
	at java.base/java.util.jar.JarFile.getJarEntry(JarFile.java:460) ~[?:?]
	at org.bukkit.plugin.java.PluginClassLoader.findClass(PluginClassLoader.java:223) ~[paper-api-1.21.10-R0.1-SNAPSHOT.jar:?]
	... 27 more
[19:05:34] [Server thread/WARN]: [libreforge] Task #674 for libreforge v5.6.0 generated an exception
java.lang.IllegalStateException: The plugin classloader for EcoSkills has thrown a zip file error.
	at org.bukkit.plugin.java.PluginClassLoader.findClass(PluginClassLoader.java:228) ~[paper-api-1.21.10-R0.1-SNAPSHOT.jar:?]
	at java.base/java.lang.ClassLoader.loadClass(ClassLoader.java:557) ~[?:?]
	at org.bukkit.plugin.java.PluginClassLoader.loadClass0(PluginClassLoader.java:180) ~[paper-api-1.21.10-R0.1-SNAPSHOT.jar:?]
	at org.bukkit.plugin.java.PluginClassLoader.loadClass(PluginClassLoader.java:175) ~[paper-api-1.21.10-R0.1-SNAPSHOT.jar:?]
	at java.base/java.lang.ClassLoader.loadClass(ClassLoader.java:490) ~[?:?]
	at EcoSkills v3.67.1.jar/com.willfp.ecoskills.EcoSkillsPlugin$handleEnable$$inlined$registerSpecificHolderProvider$1.provide(HolderProvider.kt:483) ~[EcoSkills v3.67.1.jar:?]
	at libreforge-5.6.0-1780425196418.jar/com.willfp.libreforge.HolderProviderKt.computeHolders(HolderProvider.kt:272) ~[libreforge-5.6.0-1780425196418.jar:?]
	at libreforge-5.6.0-1780425196418.jar/com.willfp.libreforge.HolderProviderKt._get_holders_$lambda$0(HolderProvider.kt:310) ~[libreforge-5.6.0-1780425196418.jar:?]
	at libreforge-5.6.0-1780425196418.jar/com.willfp.libreforge.HolderProviderKt._get_holders_$lambda$1(HolderProvider.kt:310) ~[libreforge-5.6.0-1780425196418.jar:?]
	at com.github.benmanes.caffeine.cache.BoundedLocalCache.lambda$doComputeIfAbsent$0(BoundedLocalCache.java:2707) ~[?:?]
	at java.base/java.util.concurrent.ConcurrentHashMap.compute(ConcurrentHashMap.java:1932) ~[?:?]
	at com.github.benmanes.caffeine.cache.BoundedLocalCache.doComputeIfAbsent(BoundedLocalCache.java:2705) ~[?:?]
	at com.github.benmanes.caffeine.cache.BoundedLocalCache.computeIfAbsent(BoundedLocalCache.java:2686) ~[?:?]
	at com.github.benmanes.caffeine.cache.LocalCache.computeIfAbsent(LocalCache.java:112) ~[?:?]
	at com.github.benmanes.caffeine.cache.LocalManualCache.get(LocalManualCache.java:63) ~[?:?]
	at libreforge-5.6.0-1780425196418.jar/com.willfp.libreforge.HolderProviderKt.getHolders(HolderProvider.kt:310) ~[libreforge-5.6.0-1780425196418.jar:?]
	at libreforge-5.6.0-1780425196418.jar/com.willfp.libreforge.HolderProviderKt.calculateActiveEffects(HolderProvider.kt:367) ~[libreforge-5.6.0-1780425196418.jar:?]
	at libreforge-5.6.0-1780425196418.jar/com.willfp.libreforge.HolderProviderKt.updateEffects(HolderProvider.kt:386) ~[libreforge-5.6.0-1780425196418.jar:?]
	at libreforge-5.6.0-1780425196418.jar/com.willfp.libreforge.HolderProviderKt.pollEffects(HolderProvider.kt:207) ~[libreforge-5.6.0-1780425196418.jar:?]
	at libreforge-5.6.0-1780425196418.jar/com.willfp.libreforge.LibreforgeSpigotPlugin.createTasks$lambda$1(LibreforgeSpigotPlugin.kt:219) ~[libreforge-5.6.0-1780425196418.jar:?]
	at org.bukkit.craftbukkit.scheduler.CraftTask.run(CraftTask.java:78) ~[paper-1.21.10.jar:1.21.10-117-df4b668]
	at org.bukkit.craftbukkit.scheduler.CraftScheduler.mainThreadHeartbeat(CraftScheduler.java:474) ~[paper-1.21.10.jar:1.21.10-117-df4b668]
	at net.minecraft.server.MinecraftServer.tickChildren(MinecraftServer.java:1744) ~[paper-1.21.10.jar:1.21.10-117-df4b668]
	at net.minecraft.server.MinecraftServer.tickServer(MinecraftServer.java:1618) ~[paper-1.21.10.jar:1.21.10-117-df4b668]
	at net.minecraft.server.dedicated.DedicatedServer.tickServer(DedicatedServer.java:430) ~[paper-1.21.10.jar:1.21.10-117-df4b668]
	at net.minecraft.server.MinecraftServer.runServer(MinecraftServer.java:1338) ~[paper-1.21.10.jar:1.21.10-117-df4b668]
	at net.minecraft.server.MinecraftServer.lambda$spin$2(MinecraftServer.java:384) ~[paper-1.21.10.jar:1.21.10-117-df4b668]
	at java.base/java.lang.Thread.run(Thread.java:1474) ~[?:?]
Caused by: java.lang.IllegalStateException: zip file closed
	at java.base/java.util.zip.ZipFile.ensureOpen(ZipFile.java:826) ~[?:?]
	at java.base/java.util.zip.ZipFile.getEntry(ZipFile.java:290) ~[?:?]
	at java.base/java.util.jar.JarFile.getEntry(JarFile.java:505) ~[?:?]
	at java.base/java.util.jar.JarFile.getJarEntry(JarFile.java:460) ~[?:?]
	at org.bukkit.plugin.java.PluginClassLoader.findClass(PluginClassLoader.java:223) ~[paper-api-1.21.10-R0.1-SNAPSHOT.jar:?]
	... 27 more
[19:05:35] [Server thread/WARN]: [libreforge] Task #674 for libreforge v5.6.0 generated an exception
java.lang.IllegalStateException: The plugin classloader for EcoSkills has thrown a zip file error.
	at org.bukkit.plugin.java.PluginClassLoader.findClass(PluginClassLoader.java:228) ~[paper-api-1.21.10-R0.1-SNAPSHOT.jar:?]
	at java.base/java.lang.ClassLoader.loadClass(ClassLoader.java:557) ~[?:?]
	at org.bukkit.plugin.java.PluginClassLoader.loadClass0(PluginClassLoader.java:180) ~[paper-api-1.21.10-R0.1-SNAPSHOT.jar:?]
	at org.bukkit.plugin.java.PluginClassLoader.loadClass(PluginClassLoader.java:175) ~[paper-api-1.21.10-R0.1-SNAPSHOT.jar:?]
	at java.base/java.lang.ClassLoader.loadClass(ClassLoader.java:490) ~[?:?]
	at EcoSkills v3.67.1.jar/com.willfp.ecoskills.EcoSkillsPlugin$handleEnable$$inlined$registerSpecificHolderProvider$1.provide(HolderProvider.kt:483) ~[EcoSkills v3.67.1.jar:?]
	at libreforge-5.6.0-1780425196418.jar/com.willfp.libreforge.HolderProviderKt.computeHolders(HolderProvider.kt:272) ~[libreforge-5.6.0-1780425196418.jar:?]
	at libreforge-5.6.0-1780425196418.jar/com.willfp.libreforge.HolderProviderKt._get_holders_$lambda$0(HolderProvider.kt:310) ~[libreforge-5.6.0-1780425196418.jar:?]
	at libreforge-5.6.0-1780425196418.jar/com.willfp.libreforge.HolderProviderKt._get_holders_$lambda$1(HolderProvider.kt:310) ~[libreforge-5.6.0-1780425196418.jar:?]
	at com.github.benmanes.caffeine.cache.BoundedLocalCache.lambda$doComputeIfAbsent$0(BoundedLocalCache.java:2707) ~[?:?]
	at java.base/java.util.concurrent.ConcurrentHashMap.compute(ConcurrentHashMap.java:1932) ~[?:?]
	at com.github.benmanes.caffeine.cache.BoundedLocalCache.doComputeIfAbsent(BoundedLocalCache.java:2705) ~[?:?]
	at com.github.benmanes.caffeine.cache.BoundedLocalCache.computeIfAbsent(BoundedLocalCache.java:2686) ~[?:?]
	at com.github.benmanes.caffeine.cache.LocalCache.computeIfAbsent(LocalCache.java:112) ~[?:?]
	at com.github.benmanes.caffeine.cache.LocalManualCache.get(LocalManualCache.java:63) ~[?:?]
	at libreforge-5.6.0-1780425196418.jar/com.willfp.libreforge.HolderProviderKt.getHolders(HolderProvider.kt:310) ~[libreforge-5.6.0-1780425196418.jar:?]
	at libreforge-5.6.0-1780425196418.jar/com.willfp.libreforge.HolderProviderKt.calculateActiveEffects(HolderProvider.kt:367) ~[libreforge-5.6.0-1780425196418.jar:?]
	at libreforge-5.6.0-1780425196418.jar/com.willfp.libreforge.HolderProviderKt.updateEffects(HolderProvider.kt:386) ~[libreforge-5.6.0-1780425196418.jar:?]
	at libreforge-5.6.0-1780425196418.jar/com.willfp.libreforge.HolderProviderKt.pollEffects(HolderProvider.kt:207) ~[libreforge-5.6.0-1780425196418.jar:?]
	at libreforge-5.6.0-1780425196418.jar/com.willfp.libreforge.LibreforgeSpigotPlugin.createTasks$lambda$1(LibreforgeSpigotPlugin.kt:219) ~[libreforge-5.6.0-1780425196418.jar:?]
	at org.bukkit.craftbukkit.scheduler.CraftTask.run(CraftTask.java:78) ~[paper-1.21.10.jar:1.21.10-117-df4b668]
	at org.bukkit.craftbukkit.scheduler.CraftScheduler.mainThreadHeartbeat(CraftScheduler.java:474) ~[paper-1.21.10.jar:1.21.10-117-df4b668]
	at net.minecraft.server.MinecraftServer.tickChildren(MinecraftServer.java:1744) ~[paper-1.21.10.jar:1.21.10-117-df4b668]
	at net.minecraft.server.MinecraftServer.tickServer(MinecraftServer.java:1618) ~[paper-1.21.10.jar:1.21.10-117-df4b668]
	at net.minecraft.server.dedicated.DedicatedServer.tickServer(DedicatedServer.java:430) ~[paper-1.21.10.jar:1.21.10-117-df4b668]
	at net.minecraft.server.MinecraftServer.runServer(MinecraftServer.java:1338) ~[paper-1.21.10.jar:1.21.10-117-df4b668]
	at net.minecraft.server.MinecraftServer.lambda$spin$2(MinecraftServer.java:384) ~[paper-1.21.10.jar:1.21.10-117-df4b668]
	at java.base/java.lang.Thread.run(Thread.java:1474) ~[?:?]
Caused by: java.lang.IllegalStateException: zip file closed
	at java.base/java.util.zip.ZipFile.ensureOpen(ZipFile.java:826) ~[?:?]
	at java.base/java.util.zip.ZipFile.getEntry(ZipFile.java:290) ~[?:?]
	at java.base/java.util.jar.JarFile.getEntry(JarFile.java:505) ~[?:?]
	at java.base/java.util.jar.JarFile.getJarEntry(JarFile.java:460) ~[?:?]
	at org.bukkit.plugin.java.PluginClassLoader.findClass(PluginClassLoader.java:223) ~[paper-api-1.21.10-R0.1-SNAPSHOT.jar:?]
	... 27 more
[19:05:36] [Server thread/WARN]: [libreforge] Task #674 for libreforge v5.6.0 generated an exception
java.lang.IllegalStateException: The plugin classloader for EcoSkills has thrown a zip file error.
	at org.bukkit.plugin.java.PluginClassLoader.findClass(PluginClassLoader.java:228) ~[paper-api-1.21.10-R0.1-SNAPSHOT.jar:?]
	at java.base/java.lang.ClassLoader.loadClass(ClassLoader.java:557) ~[?:?]
	at org.bukkit.plugin.java.PluginClassLoader.loadClass0(PluginClassLoader.java:180) ~[paper-api-1.21.10-R0.1-SNAPSHOT.jar:?]
	at org.bukkit.plugin.java.PluginClassLoader.loadClass(PluginClassLoader.java:175) ~[paper-api-1.21.10-R0.1-SNAPSHOT.jar:?]
	at java.base/java.lang.ClassLoader.loadClass(ClassLoader.java:490) ~[?:?]
	at EcoSkills v3.67.1.jar/com.willfp.ecoskills.EcoSkillsPlugin$handleEnable$$inlined$registerSpecificHolderProvider$1.provide(HolderProvider.kt:483) ~[EcoSkills v3.67.1.jar:?]
	at libreforge-5.6.0-1780425196418.jar/com.willfp.libreforge.HolderProviderKt.computeHolders(HolderProvider.kt:272) ~[libreforge-5.6.0-1780425196418.jar:?]
	at libreforge-5.6.0-1780425196418.jar/com.willfp.libreforge.HolderProviderKt._get_holders_$lambda$0(HolderProvider.kt:310) ~[libreforge-5.6.0-1780425196418.jar:?]
	at libreforge-5.6.0-1780425196418.jar/com.willfp.libreforge.HolderProviderKt._get_holders_$lambda$1(HolderProvider.kt:310) ~[libreforge-5.6.0-1780425196418.jar:?]
	at com.github.benmanes.caffeine.cache.BoundedLocalCache.lambda$doComputeIfAbsent$0(BoundedLocalCache.java:2707) ~[?:?]
	at java.base/java.util.concurrent.ConcurrentHashMap.compute(ConcurrentHashMap.java:1932) ~[?:?]
	at com.github.benmanes.caffeine.cache.BoundedLocalCache.doComputeIfAbsent(BoundedLocalCache.java:2705) ~[?:?]
	at com.github.benmanes.caffeine.cache.BoundedLocalCache.computeIfAbsent(BoundedLocalCache.java:2686) ~[?:?]
	at com.github.benmanes.caffeine.cache.LocalCache.computeIfAbsent(LocalCache.java:112) ~[?:?]
	at com.github.benmanes.caffeine.cache.LocalManualCache.get(LocalManualCache.java:63) ~[?:?]
	at libreforge-5.6.0-1780425196418.jar/com.willfp.libreforge.HolderProviderKt.getHolders(HolderProvider.kt:310) ~[libreforge-5.6.0-1780425196418.jar:?]
	at libreforge-5.6.0-1780425196418.jar/com.willfp.libreforge.HolderProviderKt.calculateActiveEffects(HolderProvider.kt:367) ~[libreforge-5.6.0-1780425196418.jar:?]
	at libreforge-5.6.0-1780425196418.jar/com.willfp.libreforge.HolderProviderKt.updateEffects(HolderProvider.kt:386) ~[libreforge-5.6.0-1780425196418.jar:?]
	at libreforge-5.6.0-1780425196418.jar/com.willfp.libreforge.HolderProviderKt.pollEffects(HolderProvider.kt:207) ~[libreforge-5.6.0-1780425196418.jar:?]
	at libreforge-5.6.0-1780425196418.jar/com.willfp.libreforge.LibreforgeSpigotPlugin.createTasks$lambda$1(LibreforgeSpigotPlugin.kt:219) ~[libreforge-5.6.0-1780425196418.jar:?]
	at org.bukkit.craftbukkit.scheduler.CraftTask.run(CraftTask.java:78) ~[paper-1.21.10.jar:1.21.10-117-df4b668]
	at org.bukkit.craftbukkit.scheduler.CraftScheduler.mainThreadHeartbeat(CraftScheduler.java:474) ~[paper-1.21.10.jar:1.21.10-117-df4b668]
	at net.minecraft.server.MinecraftServer.tickChildren(MinecraftServer.java:1744) ~[paper-1.21.10.jar:1.21.10-117-df4b668]
	at net.minecraft.server.MinecraftServer.tickServer(MinecraftServer.java:1618) ~[paper-1.21.10.jar:1.21.10-117-df4b668]
	at net.minecraft.server.dedicated.DedicatedServer.tickServer(DedicatedServer.java:430) ~[paper-1.21.10.jar:1.21.10-117-df4b668]
	at net.minecraft.server.MinecraftServer.runServer(MinecraftServer.java:1338) ~[paper-1.21.10.jar:1.21.10-117-df4b668]
	at net.minecraft.server.MinecraftServer.lambda$spin$2(MinecraftServer.java:384) ~[paper-1.21.10.jar:1.21.10-117-df4b668]
	at java.base/java.lang.Thread.run(Thread.java:1474) ~[?:?]
Caused by: java.lang.IllegalStateException: zip file closed
	at java.base/java.util.zip.ZipFile.ensureOpen(ZipFile.java:826) ~[?:?]
	at java.base/java.util.zip.ZipFile.getEntry(ZipFile.java:290) ~[?:?]
	at java.base/java.util.jar.JarFile.getEntry(JarFile.java:505) ~[?:?]
	at java.base/java.util.jar.JarFile.getJarEntry(JarFile.java:460) ~[?:?]
	at org.bukkit.plugin.java.PluginClassLoader.findClass(PluginClassLoader.java:223) ~[paper-api-1.21.10-R0.1-SNAPSHOT.jar:?]
	... 27 more
[19:05:37] [Server thread/WARN]: [libreforge] Task #674 for libreforge v5.6.0 generated an exception
java.lang.IllegalStateException: The plugin classloader for EcoSkills has thrown a zip file error.
	at org.bukkit.plugin.java.PluginClassLoader.findClass(PluginClassLoader.java:228) ~[paper-api-1.21.10-R0.1-SNAPSHOT.jar:?]
	at java.base/java.lang.ClassLoader.loadClass(ClassLoader.java:557) ~[?:?]
	at org.bukkit.plugin.java.PluginClassLoader.loadClass0(PluginClassLoader.java:180) ~[paper-api-1.21.10-R0.1-SNAPSHOT.jar:?]
	at org.bukkit.plugin.java.PluginClassLoader.loadClass(PluginClassLoader.java:175) ~[paper-api-1.21.10-R0.1-SNAPSHOT.jar:?]
	at java.base/java.lang.ClassLoader.loadClass(ClassLoader.java:490) ~[?:?]
	at EcoSkills v3.67.1.jar/com.willfp.ecoskills.EcoSkillsPlugin$handleEnable$$inlined$registerSpecificHolderProvider$1.provide(HolderProvider.kt:483) ~[EcoSkills v3.67.1.jar:?]
	at libreforge-5.6.0-1780425196418.jar/com.willfp.libreforge.HolderProviderKt.computeHolders(HolderProvider.kt:272) ~[libreforge-5.6.0-1780425196418.jar:?]
	at libreforge-5.6.0-1780425196418.jar/com.willfp.libreforge.HolderProviderKt._get_holders_$lambda$0(HolderProvider.kt:310) ~[libreforge-5.6.0-1780425196418.jar:?]
	at libreforge-5.6.0-1780425196418.jar/com.willfp.libreforge.HolderProviderKt._get_holders_$lambda$1(HolderProvider.kt:310) ~[libreforge-5.6.0-1780425196418.jar:?]
	at com.github.benmanes.caffeine.cache.BoundedLocalCache.lambda$doComputeIfAbsent$0(BoundedLocalCache.java:2707) ~[?:?]
	at java.base/java.util.concurrent.ConcurrentHashMap.compute(ConcurrentHashMap.java:1932) ~[?:?]
	at com.github.benmanes.caffeine.cache.BoundedLocalCache.doComputeIfAbsent(BoundedLocalCache.java:2705) ~[?:?]
	at com.github.benmanes.caffeine.cache.BoundedLocalCache.computeIfAbsent(BoundedLocalCache.java:2686) ~[?:?]
	at com.github.benmanes.caffeine.cache.LocalCache.computeIfAbsent(LocalCache.java:112) ~[?:?]
	at com.github.benmanes.caffeine.cache.LocalManualCache.get(LocalManualCache.java:63) ~[?:?]
	at libreforge-5.6.0-1780425196418.jar/com.willfp.libreforge.HolderProviderKt.getHolders(HolderProvider.kt:310) ~[libreforge-5.6.0-1780425196418.jar:?]
	at libreforge-5.6.0-1780425196418.jar/com.willfp.libreforge.HolderProviderKt.calculateActiveEffects(HolderProvider.kt:367) ~[libreforge-5.6.0-1780425196418.jar:?]
	at libreforge-5.6.0-1780425196418.jar/com.willfp.libreforge.HolderProviderKt.updateEffects(HolderProvider.kt:386) ~[libreforge-5.6.0-1780425196418.jar:?]
	at libreforge-5.6.0-1780425196418.jar/com.willfp.libreforge.HolderProviderKt.pollEffects(HolderProvider.kt:207) ~[libreforge-5.6.0-1780425196418.jar:?]
	at libreforge-5.6.0-1780425196418.jar/com.willfp.libreforge.LibreforgeSpigotPlugin.createTasks$lambda$1(LibreforgeSpigotPlugin.kt:219) ~[libreforge-5.6.0-1780425196418.jar:?]
	at org.bukkit.craftbukkit.scheduler.CraftTask.run(CraftTask.java:78) ~[paper-1.21.10.jar:1.21.10-117-df4b668]
	at org.bukkit.craftbukkit.scheduler.CraftScheduler.mainThreadHeartbeat(CraftScheduler.java:474) ~[paper-1.21.10.jar:1.21.10-117-df4b668]
	at net.minecraft.server.MinecraftServer.tickChildren(MinecraftServer.java:1744) ~[paper-1.21.10.jar:1.21.10-117-df4b668]
	at net.minecraft.server.MinecraftServer.tickServer(MinecraftServer.java:1618) ~[paper-1.21.10.jar:1.21.10-117-df4b668]
	at net.minecraft.server.dedicated.DedicatedServer.tickServer(DedicatedServer.java:430) ~[paper-1.21.10.jar:1.21.10-117-df4b668]
	at net.minecraft.server.MinecraftServer.runServer(MinecraftServer.java:1338) ~[paper-1.21.10.jar:1.21.10-117-df4b668]
	at net.minecraft.server.MinecraftServer.lambda$spin$2(MinecraftServer.java:384) ~[paper-1.21.10.jar:1.21.10-117-df4b668]
	at java.base/java.lang.Thread.run(Thread.java:1474) ~[?:?]
Caused by: java.lang.IllegalStateException: zip file closed
	at java.base/java.util.zip.ZipFile.ensureOpen(ZipFile.java:826) ~[?:?]
	at java.base/java.util.zip.ZipFile.getEntry(ZipFile.java:290) ~[?:?]
	at java.base/java.util.jar.JarFile.getEntry(JarFile.java:505) ~[?:?]
	at java.base/java.util.jar.JarFile.getJarEntry(JarFile.java:460) ~[?:?]
	at org.bukkit.plugin.java.PluginClassLoader.findClass(PluginClassLoader.java:223) ~[paper-api-1.21.10-R0.1-SNAPSHOT.jar:?]
	... 27 more
[19:05:38] [Server thread/WARN]: [libreforge] Task #674 for libreforge v5.6.0 generated an exception
java.lang.IllegalStateException: The plugin classloader for EcoSkills has thrown a zip file error.
	at org.bukkit.plugin.java.PluginClassLoader.findClass(PluginClassLoader.java:228) ~[paper-api-1.21.10-R0.1-SNAPSHOT.jar:?]
	at java.base/java.lang.ClassLoader.loadClass(ClassLoader.java:557) ~[?:?]
	at org.bukkit.plugin.java.PluginClassLoader.loadClass0(PluginClassLoader.java:180) ~[paper-api-1.21.10-R0.1-SNAPSHOT.jar:?]
	at org.bukkit.plugin.java.PluginClassLoader.loadClass(PluginClassLoader.java:175) ~[paper-api-1.21.10-R0.1-SNAPSHOT.jar:?]
	at java.base/java.lang.ClassLoader.loadClass(ClassLoader.java:490) ~[?:?]
	at EcoSkills v3.67.1.jar/com.willfp.ecoskills.EcoSkillsPlugin$handleEnable$$inlined$registerSpecificHolderProvider$1.provide(HolderProvider.kt:483) ~[EcoSkills v3.67.1.jar:?]
	at libreforge-5.6.0-1780425196418.jar/com.willfp.libreforge.HolderProviderKt.computeHolders(HolderProvider.kt:272) ~[libreforge-5.6.0-1780425196418.jar:?]
	at libreforge-5.6.0-1780425196418.jar/com.willfp.libreforge.HolderProviderKt._get_holders_$lambda$0(HolderProvider.kt:310) ~[libreforge-5.6.0-1780425196418.jar:?]
	at libreforge-5.6.0-1780425196418.jar/com.willfp.libreforge.HolderProviderKt._get_holders_$lambda$1(HolderProvider.kt:310) ~[libreforge-5.6.0-1780425196418.jar:?]
	at com.github.benmanes.caffeine.cache.BoundedLocalCache.lambda$doComputeIfAbsent$0(BoundedLocalCache.java:2707) ~[?:?]
	at java.base/java.util.concurrent.ConcurrentHashMap.compute(ConcurrentHashMap.java:1932) ~[?:?]
	at com.github.benmanes.caffeine.cache.BoundedLocalCache.doComputeIfAbsent(BoundedLocalCache.java:2705) ~[?:?]
	at com.github.benmanes.caffeine.cache.BoundedLocalCache.computeIfAbsent(BoundedLocalCache.java:2686) ~[?:?]
	at com.github.benmanes.caffeine.cache.LocalCache.computeIfAbsent(LocalCache.java:112) ~[?:?]
	at com.github.benmanes.caffeine.cache.LocalManualCache.get(LocalManualCache.java:63) ~[?:?]
	at libreforge-5.6.0-1780425196418.jar/com.willfp.libreforge.HolderProviderKt.getHolders(HolderProvider.kt:310) ~[libreforge-5.6.0-1780425196418.jar:?]
	at libreforge-5.6.0-1780425196418.jar/com.willfp.libreforge.HolderProviderKt.calculateActiveEffects(HolderProvider.kt:367) ~[libreforge-5.6.0-1780425196418.jar:?]
	at libreforge-5.6.0-1780425196418.jar/com.willfp.libreforge.HolderProviderKt.updateEffects(HolderProvider.kt:386) ~[libreforge-5.6.0-1780425196418.jar:?]
	at libreforge-5.6.0-1780425196418.jar/com.willfp.libreforge.HolderProviderKt.pollEffects(HolderProvider.kt:207) ~[libreforge-5.6.0-1780425196418.jar:?]
	at libreforge-5.6.0-1780425196418.jar/com.willfp.libreforge.LibreforgeSpigotPlugin.createTasks$lambda$1(LibreforgeSpigotPlugin.kt:219) ~[libreforge-5.6.0-1780425196418.jar:?]
	at org.bukkit.craftbukkit.scheduler.CraftTask.run(CraftTask.java:78) ~[paper-1.21.10.jar:1.21.10-117-df4b668]
	at org.bukkit.craftbukkit.scheduler.CraftScheduler.mainThreadHeartbeat(CraftScheduler.java:474) ~[paper-1.21.10.jar:1.21.10-117-df4b668]
	at net.minecraft.server.MinecraftServer.tickChildren(MinecraftServer.java:1744) ~[paper-1.21.10.jar:1.21.10-117-df4b668]
	at net.minecraft.server.MinecraftServer.tickServer(MinecraftServer.java:1618) ~[paper-1.21.10.jar:1.21.10-117-df4b668]
	at net.minecraft.server.dedicated.DedicatedServer.tickServer(DedicatedServer.java:430) ~[paper-1.21.10.jar:1.21.10-117-df4b668]
	at net.minecraft.server.MinecraftServer.runServer(MinecraftServer.java:1338) ~[paper-1.21.10.jar:1.21.10-117-df4b668]
	at net.minecraft.server.MinecraftServer.lambda$spin$2(MinecraftServer.java:384) ~[paper-1.21.10.jar:1.21.10-117-df4b668]
	at java.base/java.lang.Thread.run(Thread.java:1474) ~[?:?]
Caused by: java.lang.IllegalStateException: zip file closed
	at java.base/java.util.zip.ZipFile.ensureOpen(ZipFile.java:826) ~[?:?]
	at java.base/java.util.zip.ZipFile.getEntry(ZipFile.java:290) ~[?:?]
	at java.base/java.util.jar.JarFile.getEntry(JarFile.java:505) ~[?:?]
	at java.base/java.util.jar.JarFile.getJarEntry(JarFile.java:460) ~[?:?]
	at org.bukkit.plugin.java.PluginClassLoader.findClass(PluginClassLoader.java:223) ~[paper-api-1.21.10-R0.1-SNAPSHOT.jar:?]
	... 27 more
[19:05:39] [Server thread/WARN]: [libreforge] Task #674 for libreforge v5.6.0 generated an exception
java.lang.IllegalStateException: The plugin classloader for EcoSkills has thrown a zip file error.
	at org.bukkit.plugin.java.PluginClassLoader.findClass(PluginClassLoader.java:228) ~[paper-api-1.21.10-R0.1-SNAPSHOT.jar:?]
	at java.base/java.lang.ClassLoader.loadClass(ClassLoader.java:557) ~[?:?]
	at org.bukkit.plugin.java.PluginClassLoader.loadClass0(PluginClassLoader.java:180) ~[paper-api-1.21.10-R0.1-SNAPSHOT.jar:?]
	at org.bukkit.plugin.java.PluginClassLoader.loadClass(PluginClassLoader.java:175) ~[paper-api-1.21.10-R0.1-SNAPSHOT.jar:?]
	at java.base/java.lang.ClassLoader.loadClass(ClassLoader.java:490) ~[?:?]
	at EcoSkills v3.67.1.jar/com.willfp.ecoskills.EcoSkillsPlugin$handleEnable$$inlined$registerSpecificHolderProvider$1.provide(HolderProvider.kt:483) ~[EcoSkills v3.67.1.jar:?]
	at libreforge-5.6.0-1780425196418.jar/com.willfp.libreforge.HolderProviderKt.computeHolders(HolderProvider.kt:272) ~[libreforge-5.6.0-1780425196418.jar:?]
	at libreforge-5.6.0-1780425196418.jar/com.willfp.libreforge.HolderProviderKt._get_holders_$lambda$0(HolderProvider.kt:310) ~[libreforge-5.6.0-1780425196418.jar:?]
	at libreforge-5.6.0-1780425196418.jar/com.willfp.libreforge.HolderProviderKt._get_holders_$lambda$1(HolderProvider.kt:310) ~[libreforge-5.6.0-1780425196418.jar:?]
	at com.github.benmanes.caffeine.cache.BoundedLocalCache.lambda$doComputeIfAbsent$0(BoundedLocalCache.java:2707) ~[?:?]
	at java.base/java.util.concurrent.ConcurrentHashMap.compute(ConcurrentHashMap.java:1932) ~[?:?]
	at com.github.benmanes.caffeine.cache.BoundedLocalCache.doComputeIfAbsent(BoundedLocalCache.java:2705) ~[?:?]
	at com.github.benmanes.caffeine.cache.BoundedLocalCache.computeIfAbsent(BoundedLocalCache.java:2686) ~[?:?]
	at com.github.benmanes.caffeine.cache.LocalCache.computeIfAbsent(LocalCache.java:112) ~[?:?]
	at com.github.benmanes.caffeine.cache.LocalManualCache.get(LocalManualCache.java:63) ~[?:?]
	at libreforge-5.6.0-1780425196418.jar/com.willfp.libreforge.HolderProviderKt.getHolders(HolderProvider.kt:310) ~[libreforge-5.6.0-1780425196418.jar:?]
	at libreforge-5.6.0-1780425196418.jar/com.willfp.libreforge.HolderProviderKt.calculateActiveEffects(HolderProvider.kt:367) ~[libreforge-5.6.0-1780425196418.jar:?]
	at libreforge-5.6.0-1780425196418.jar/com.willfp.libreforge.HolderProviderKt.updateEffects(HolderProvider.kt:386) ~[libreforge-5.6.0-1780425196418.jar:?]
	at libreforge-5.6.0-1780425196418.jar/com.willfp.libreforge.HolderProviderKt.pollEffects(HolderProvider.kt:207) ~[libreforge-5.6.0-1780425196418.jar:?]
	at libreforge-5.6.0-1780425196418.jar/com.willfp.libreforge.LibreforgeSpigotPlugin.createTasks$lambda$1(LibreforgeSpigotPlugin.kt:219) ~[libreforge-5.6.0-1780425196418.jar:?]
	at org.bukkit.craftbukkit.scheduler.CraftTask.run(CraftTask.java:78) ~[paper-1.21.10.jar:1.21.10-117-df4b668]
	at org.bukkit.craftbukkit.scheduler.CraftScheduler.mainThreadHeartbeat(CraftScheduler.java:474) ~[paper-1.21.10.jar:1.21.10-117-df4b668]
	at net.minecraft.server.MinecraftServer.tickChildren(MinecraftServer.java:1744) ~[paper-1.21.10.jar:1.21.10-117-df4b668]
	at net.minecraft.server.MinecraftServer.tickServer(MinecraftServer.java:1618) ~[paper-1.21.10.jar:1.21.10-117-df4b668]
	at net.minecraft.server.dedicated.DedicatedServer.tickServer(DedicatedServer.java:430) ~[paper-1.21.10.jar:1.21.10-117-df4b668]
	at net.minecraft.server.MinecraftServer.runServer(MinecraftServer.java:1338) ~[paper-1.21.10.jar:1.21.10-117-df4b668]
	at net.minecraft.server.MinecraftServer.lambda$spin$2(MinecraftServer.java:384) ~[paper-1.21.10.jar:1.21.10-117-df4b668]
	at java.base/java.lang.Thread.run(Thread.java:1474) ~[?:?]
Caused by: java.lang.IllegalStateException: zip file closed
	at java.base/java.util.zip.ZipFile.ensureOpen(ZipFile.java:826) ~[?:?]
	at java.base/java.util.zip.ZipFile.getEntry(ZipFile.java:290) ~[?:?]
	at java.base/java.util.jar.JarFile.getEntry(JarFile.java:505) ~[?:?]
	at java.base/java.util.jar.JarFile.getJarEntry(JarFile.java:460) ~[?:?]
	at org.bukkit.plugin.java.PluginClassLoader.findClass(PluginClassLoader.java:223) ~[paper-api-1.21.10-R0.1-SNAPSHOT.jar:?]
	... 27 more
[19:05:40] [Server thread/WARN]: [libreforge] Task #674 for libreforge v5.6.0 generated an exception
java.lang.IllegalStateException: The plugin classloader for EcoSkills has thrown a zip file error.
	at org.bukkit.plugin.java.PluginClassLoader.findClass(PluginClassLoader.java:228) ~[paper-api-1.21.10-R0.1-SNAPSHOT.jar:?]
	at java.base/java.lang.ClassLoader.loadClass(ClassLoader.java:557) ~[?:?]
	at org.bukkit.plugin.java.PluginClassLoader.loadClass0(PluginClassLoader.java:180) ~[paper-api-1.21.10-R0.1-SNAPSHOT.jar:?]
	at org.bukkit.plugin.java.PluginClassLoader.loadClass(PluginClassLoader.java:175) ~[paper-api-1.21.10-R0.1-SNAPSHOT.jar:?]
	at java.base/java.lang.ClassLoader.loadClass(ClassLoader.java:490) ~[?:?]
	at EcoSkills v3.67.1.jar/com.willfp.ecoskills.EcoSkillsPlugin$handleEnable$$inlined$registerSpecificHolderProvider$1.provide(HolderProvider.kt:483) ~[EcoSkills v3.67.1.jar:?]
	at libreforge-5.6.0-1780425196418.jar/com.willfp.libreforge.HolderProviderKt.computeHolders(HolderProvider.kt:272) ~[libreforge-5.6.0-1780425196418.jar:?]
	at libreforge-5.6.0-1780425196418.jar/com.willfp.libreforge.HolderProviderKt._get_holders_$lambda$0(HolderProvider.kt:310) ~[libreforge-5.6.0-1780425196418.jar:?]
	at libreforge-5.6.0-1780425196418.jar/com.willfp.libreforge.HolderProviderKt._get_holders_$lambda$1(HolderProvider.kt:310) ~[libreforge-5.6.0-1780425196418.jar:?]
	at com.github.benmanes.caffeine.cache.BoundedLocalCache.lambda$doComputeIfAbsent$0(BoundedLocalCache.java:2707) ~[?:?]
	at java.base/java.util.concurrent.ConcurrentHashMap.compute(ConcurrentHashMap.java:1932) ~[?:?]
	at com.github.benmanes.caffeine.cache.BoundedLocalCache.doComputeIfAbsent(BoundedLocalCache.java:2705) ~[?:?]
	at com.github.benmanes.caffeine.cache.BoundedLocalCache.computeIfAbsent(BoundedLocalCache.java:2686) ~[?:?]
	at com.github.benmanes.caffeine.cache.LocalCache.computeIfAbsent(LocalCache.java:112) ~[?:?]
	at com.github.benmanes.caffeine.cache.LocalManualCache.get(LocalManualCache.java:63) ~[?:?]
	at libreforge-5.6.0-1780425196418.jar/com.willfp.libreforge.HolderProviderKt.getHolders(HolderProvider.kt:310) ~[libreforge-5.6.0-1780425196418.jar:?]
	at libreforge-5.6.0-1780425196418.jar/com.willfp.libreforge.HolderProviderKt.calculateActiveEffects(HolderProvider.kt:367) ~[libreforge-5.6.0-1780425196418.jar:?]
	at libreforge-5.6.0-1780425196418.jar/com.willfp.libreforge.HolderProviderKt.updateEffects(HolderProvider.kt:386) ~[libreforge-5.6.0-1780425196418.jar:?]
	at libreforge-5.6.0-1780425196418.jar/com.willfp.libreforge.HolderProviderKt.pollEffects(HolderProvider.kt:207) ~[libreforge-5.6.0-1780425196418.jar:?]
	at libreforge-5.6.0-1780425196418.jar/com.willfp.libreforge.LibreforgeSpigotPlugin.createTasks$lambda$1(LibreforgeSpigotPlugin.kt:219) ~[libreforge-5.6.0-1780425196418.jar:?]
	at org.bukkit.craftbukkit.scheduler.CraftTask.run(CraftTask.java:78) ~[paper-1.21.10.jar:1.21.10-117-df4b668]
	at org.bukkit.craftbukkit.scheduler.CraftScheduler.mainThreadHeartbeat(CraftScheduler.java:474) ~[paper-1.21.10.jar:1.21.10-117-df4b668]
	at net.minecraft.server.MinecraftServer.tickChildren(MinecraftServer.java:1744) ~[paper-1.21.10.jar:1.21.10-117-df4b668]
	at net.minecraft.server.MinecraftServer.tickServer(MinecraftServer.java:1618) ~[paper-1.21.10.jar:1.21.10-117-df4b668]
	at net.minecraft.server.dedicated.DedicatedServer.tickServer(DedicatedServer.java:430) ~[paper-1.21.10.jar:1.21.10-117-df4b668]
	at net.minecraft.server.MinecraftServer.runServer(MinecraftServer.java:1338) ~[paper-1.21.10.jar:1.21.10-117-df4b668]
	at net.minecraft.server.MinecraftServer.lambda$spin$2(MinecraftServer.java:384) ~[paper-1.21.10.jar:1.21.10-117-df4b668]
	at java.base/java.lang.Thread.run(Thread.java:1474) ~[?:?]
Caused by: java.lang.IllegalStateException: zip file closed
	at java.base/java.util.zip.ZipFile.ensureOpen(ZipFile.java:826) ~[?:?]
	at java.base/java.util.zip.ZipFile.getEntry(ZipFile.java:290) ~[?:?]
	at java.base/java.util.jar.JarFile.getEntry(JarFile.java:505) ~[?:?]
	at java.base/java.util.jar.JarFile.getJarEntry(JarFile.java:460) ~[?:?]
	at org.bukkit.plugin.java.PluginClassLoader.findClass(PluginClassLoader.java:223) ~[paper-api-1.21.10-R0.1-SNAPSHOT.jar:?]
	... 27 more
[19:05:41] [Server thread/WARN]: [libreforge] Task #674 for libreforge v5.6.0 generated an exception
java.lang.IllegalStateException: The plugin classloader for EcoSkills has thrown a zip file error.
	at org.bukkit.plugin.java.PluginClassLoader.findClass(PluginClassLoader.java:228) ~[paper-api-1.21.10-R0.1-SNAPSHOT.jar:?]
	at java.base/java.lang.ClassLoader.loadClass(ClassLoader.java:557) ~[?:?]
	at org.bukkit.plugin.java.PluginClassLoader.loadClass0(PluginClassLoader.java:180) ~[paper-api-1.21.10-R0.1-SNAPSHOT.jar:?]
	at org.bukkit.plugin.java.PluginClassLoader.loadClass(PluginClassLoader.java:175) ~[paper-api-1.21.10-R0.1-SNAPSHOT.jar:?]
	at java.base/java.lang.ClassLoader.loadClass(ClassLoader.java:490) ~[?:?]
	at EcoSkills v3.67.1.jar/com.willfp.ecoskills.EcoSkillsPlugin$handleEnable$$inlined$registerSpecificHolderProvider$1.provide(HolderProvider.kt:483) ~[EcoSkills v3.67.1.jar:?]
	at libreforge-5.6.0-1780425196418.jar/com.willfp.libreforge.HolderProviderKt.computeHolders(HolderProvider.kt:272) ~[libreforge-5.6.0-1780425196418.jar:?]
	at libreforge-5.6.0-1780425196418.jar/com.willfp.libreforge.HolderProviderKt._get_holders_$lambda$0(HolderProvider.kt:310) ~[libreforge-5.6.0-1780425196418.jar:?]
	at libreforge-5.6.0-1780425196418.jar/com.willfp.libreforge.HolderProviderKt._get_holders_$lambda$1(HolderProvider.kt:310) ~[libreforge-5.6.0-1780425196418.jar:?]
	at com.github.benmanes.caffeine.cache.BoundedLocalCache.lambda$doComputeIfAbsent$0(BoundedLocalCache.java:2707) ~[?:?]
	at java.base/java.util.concurrent.ConcurrentHashMap.compute(ConcurrentHashMap.java:1932) ~[?:?]
	at com.github.benmanes.caffeine.cache.BoundedLocalCache.doComputeIfAbsent(BoundedLocalCache.java:2705) ~[?:?]
	at com.github.benmanes.caffeine.cache.BoundedLocalCache.computeIfAbsent(BoundedLocalCache.java:2686) ~[?:?]
	at com.github.benmanes.caffeine.cache.LocalCache.computeIfAbsent(LocalCache.java:112) ~[?:?]
	at com.github.benmanes.caffeine.cache.LocalManualCache.get(LocalManualCache.java:63) ~[?:?]
	at libreforge-5.6.0-1780425196418.jar/com.willfp.libreforge.HolderProviderKt.getHolders(HolderProvider.kt:310) ~[libreforge-5.6.0-1780425196418.jar:?]
	at libreforge-5.6.0-1780425196418.jar/com.willfp.libreforge.HolderProviderKt.calculateActiveEffects(HolderProvider.kt:367) ~[libreforge-5.6.0-1780425196418.jar:?]
	at libreforge-5.6.0-1780425196418.jar/com.willfp.libreforge.HolderProviderKt.updateEffects(HolderProvider.kt:386) ~[libreforge-5.6.0-1780425196418.jar:?]
	at libreforge-5.6.0-1780425196418.jar/com.willfp.libreforge.HolderProviderKt.pollEffects(HolderProvider.kt:207) ~[libreforge-5.6.0-1780425196418.jar:?]
	at libreforge-5.6.0-1780425196418.jar/com.willfp.libreforge.LibreforgeSpigotPlugin.createTasks$lambda$1(LibreforgeSpigotPlugin.kt:219) ~[libreforge-5.6.0-1780425196418.jar:?]
	at org.bukkit.craftbukkit.scheduler.CraftTask.run(CraftTask.java:78) ~[paper-1.21.10.jar:1.21.10-117-df4b668]
	at org.bukkit.craftbukkit.scheduler.CraftScheduler.mainThreadHeartbeat(CraftScheduler.java:474) ~[paper-1.21.10.jar:1.21.10-117-df4b668]
	at net.minecraft.server.MinecraftServer.tickChildren(MinecraftServer.java:1744) ~[paper-1.21.10.jar:1.21.10-117-df4b668]
	at net.minecraft.server.MinecraftServer.tickServer(MinecraftServer.java:1618) ~[paper-1.21.10.jar:1.21.10-117-df4b668]
	at net.minecraft.server.dedicated.DedicatedServer.tickServer(DedicatedServer.java:430) ~[paper-1.21.10.jar:1.21.10-117-df4b668]
	at net.minecraft.server.MinecraftServer.runServer(MinecraftServer.java:1338) ~[paper-1.21.10.jar:1.21.10-117-df4b668]
	at net.minecraft.server.MinecraftServer.lambda$spin$2(MinecraftServer.java:384) ~[paper-1.21.10.jar:1.21.10-117-df4b668]
	at java.base/java.lang.Thread.run(Thread.java:1474) ~[?:?]
Caused by: java.lang.IllegalStateException: zip file closed
	at java.base/java.util.zip.ZipFile.ensureOpen(ZipFile.java:826) ~[?:?]
	at java.base/java.util.zip.ZipFile.getEntry(ZipFile.java:290) ~[?:?]
	at java.base/java.util.jar.JarFile.getEntry(JarFile.java:505) ~[?:?]
	at java.base/java.util.jar.JarFile.getJarEntry(JarFile.java:460) ~[?:?]
	at org.bukkit.plugin.java.PluginClassLoader.findClass(PluginClassLoader.java:223) ~[paper-api-1.21.10-R0.1-SNAPSHOT.jar:?]
	... 27 more
[19:05:42] [Server thread/WARN]: [libreforge] Task #674 for libreforge v5.6.0 generated an exception
java.lang.IllegalStateException: The plugin classloader for EcoSkills has thrown a zip file error.
	at org.bukkit.plugin.java.PluginClassLoader.findClass(PluginClassLoader.java:228) ~[paper-api-1.21.10-R0.1-SNAPSHOT.jar:?]
	at java.base/java.lang.ClassLoader.loadClass(ClassLoader.java:557) ~[?:?]
	at org.bukkit.plugin.java.PluginClassLoader.loadClass0(PluginClassLoader.java:180) ~[paper-api-1.21.10-R0.1-SNAPSHOT.jar:?]
	at org.bukkit.plugin.java.PluginClassLoader.loadClass(PluginClassLoader.java:175) ~[paper-api-1.21.10-R0.1-SNAPSHOT.jar:?]
	at java.base/java.lang.ClassLoader.loadClass(ClassLoader.java:490) ~[?:?]
	at EcoSkills v3.67.1.jar/com.willfp.ecoskills.EcoSkillsPlugin$handleEnable$$inlined$registerSpecificHolderProvider$1.provide(HolderProvider.kt:483) ~[EcoSkills v3.67.1.jar:?]
	at libreforge-5.6.0-1780425196418.jar/com.willfp.libreforge.HolderProviderKt.computeHolders(HolderProvider.kt:272) ~[libreforge-5.6.0-1780425196418.jar:?]
	at libreforge-5.6.0-1780425196418.jar/com.willfp.libreforge.HolderProviderKt._get_holders_$lambda$0(HolderProvider.kt:310) ~[libreforge-5.6.0-1780425196418.jar:?]
	at libreforge-5.6.0-1780425196418.jar/com.willfp.libreforge.HolderProviderKt._get_holders_$lambda$1(HolderProvider.kt:310) ~[libreforge-5.6.0-1780425196418.jar:?]
	at com.github.benmanes.caffeine.cache.BoundedLocalCache.lambda$doComputeIfAbsent$0(BoundedLocalCache.java:2707) ~[?:?]
	at java.base/java.util.concurrent.ConcurrentHashMap.compute(ConcurrentHashMap.java:1932) ~[?:?]
	at com.github.benmanes.caffeine.cache.BoundedLocalCache.doComputeIfAbsent(BoundedLocalCache.java:2705) ~[?:?]
	at com.github.benmanes.caffeine.cache.BoundedLocalCache.computeIfAbsent(BoundedLocalCache.java:2686) ~[?:?]
	at com.github.benmanes.caffeine.cache.LocalCache.computeIfAbsent(LocalCache.java:112) ~[?:?]
	at com.github.benmanes.caffeine.cache.LocalManualCache.get(LocalManualCache.java:63) ~[?:?]
	at libreforge-5.6.0-1780425196418.jar/com.willfp.libreforge.HolderProviderKt.getHolders(HolderProvider.kt:310) ~[libreforge-5.6.0-1780425196418.jar:?]
	at libreforge-5.6.0-1780425196418.jar/com.willfp.libreforge.HolderProviderKt.calculateActiveEffects(HolderProvider.kt:367) ~[libreforge-5.6.0-1780425196418.jar:?]
	at libreforge-5.6.0-1780425196418.jar/com.willfp.libreforge.HolderProviderKt.updateEffects(HolderProvider.kt:386) ~[libreforge-5.6.0-1780425196418.jar:?]
	at libreforge-5.6.0-1780425196418.jar/com.willfp.libreforge.HolderProviderKt.pollEffects(HolderProvider.kt:207) ~[libreforge-5.6.0-1780425196418.jar:?]
	at libreforge-5.6.0-1780425196418.jar/com.willfp.libreforge.LibreforgeSpigotPlugin.createTasks$lambda$1(LibreforgeSpigotPlugin.kt:219) ~[libreforge-5.6.0-1780425196418.jar:?]
	at org.bukkit.craftbukkit.scheduler.CraftTask.run(CraftTask.java:78) ~[paper-1.21.10.jar:1.21.10-117-df4b668]
	at org.bukkit.craftbukkit.scheduler.CraftScheduler.mainThreadHeartbeat(CraftScheduler.java:474) ~[paper-1.21.10.jar:1.21.10-117-df4b668]
	at net.minecraft.server.MinecraftServer.tickChildren(MinecraftServer.java:1744) ~[paper-1.21.10.jar:1.21.10-117-df4b668]
	at net.minecraft.server.MinecraftServer.tickServer(MinecraftServer.java:1618) ~[paper-1.21.10.jar:1.21.10-117-df4b668]
	at net.minecraft.server.dedicated.DedicatedServer.tickServer(DedicatedServer.java:430) ~[paper-1.21.10.jar:1.21.10-117-df4b668]
	at net.minecraft.server.MinecraftServer.runServer(MinecraftServer.java:1338) ~[paper-1.21.10.jar:1.21.10-117-df4b668]
	at net.minecraft.server.MinecraftServer.lambda$spin$2(MinecraftServer.java:384) ~[paper-1.21.10.jar:1.21.10-117-df4b668]
	at java.base/java.lang.Thread.run(Thread.java:1474) ~[?:?]
Caused by: java.lang.IllegalStateException: zip file closed
	at java.base/java.util.zip.ZipFile.ensureOpen(ZipFile.java:826) ~[?:?]
	at java.base/java.util.zip.ZipFile.getEntry(ZipFile.java:290) ~[?:?]
	at java.base/java.util.jar.JarFile.getEntry(JarFile.java:505) ~[?:?]
	at java.base/java.util.jar.JarFile.getJarEntry(JarFile.java:460) ~[?:?]
	at org.bukkit.plugin.java.PluginClassLoader.findClass(PluginClassLoader.java:223) ~[paper-api-1.21.10-R0.1-SNAPSHOT.jar:?]
	... 27 more
[19:05:43] [Server thread/WARN]: [libreforge] Task #674 for libreforge v5.6.0 generated an exception
java.lang.IllegalStateException: The plugin classloader for EcoSkills has thrown a zip file error.
	at org.bukkit.plugin.java.PluginClassLoader.findClass(PluginClassLoader.java:228) ~[paper-api-1.21.10-R0.1-SNAPSHOT.jar:?]
	at java.base/java.lang.ClassLoader.loadClass(ClassLoader.java:557) ~[?:?]
	at org.bukkit.plugin.java.PluginClassLoader.loadClass0(PluginClassLoader.java:180) ~[paper-api-1.21.10-R0.1-SNAPSHOT.jar:?]
	at org.bukkit.plugin.java.PluginClassLoader.loadClass(PluginClassLoader.java:175) ~[paper-api-1.21.10-R0.1-SNAPSHOT.jar:?]
	at java.base/java.lang.ClassLoader.loadClass(ClassLoader.java:490) ~[?:?]
	at EcoSkills v3.67.1.jar/com.willfp.ecoskills.EcoSkillsPlugin$handleEnable$$inlined$registerSpecificHolderProvider$1.provide(HolderProvider.kt:483) ~[EcoSkills v3.67.1.jar:?]
	at libreforge-5.6.0-1780425196418.jar/com.willfp.libreforge.HolderProviderKt.computeHolders(HolderProvider.kt:272) ~[libreforge-5.6.0-1780425196418.jar:?]
	at libreforge-5.6.0-1780425196418.jar/com.willfp.libreforge.HolderProviderKt._get_holders_$lambda$0(HolderProvider.kt:310) ~[libreforge-5.6.0-1780425196418.jar:?]
	at libreforge-5.6.0-1780425196418.jar/com.willfp.libreforge.HolderProviderKt._get_holders_$lambda$1(HolderProvider.kt:310) ~[libreforge-5.6.0-1780425196418.jar:?]
	at com.github.benmanes.caffeine.cache.BoundedLocalCache.lambda$doComputeIfAbsent$0(BoundedLocalCache.java:2707) ~[?:?]
	at java.base/java.util.concurrent.ConcurrentHashMap.compute(ConcurrentHashMap.java:1932) ~[?:?]
	at com.github.benmanes.caffeine.cache.BoundedLocalCache.doComputeIfAbsent(BoundedLocalCache.java:2705) ~[?:?]
	at com.github.benmanes.caffeine.cache.BoundedLocalCache.computeIfAbsent(BoundedLocalCache.java:2686) ~[?:?]
	at com.github.benmanes.caffeine.cache.LocalCache.computeIfAbsent(LocalCache.java:112) ~[?:?]
	at com.github.benmanes.caffeine.cache.LocalManualCache.get(LocalManualCache.java:63) ~[?:?]
	at libreforge-5.6.0-1780425196418.jar/com.willfp.libreforge.HolderProviderKt.getHolders(HolderProvider.kt:310) ~[libreforge-5.6.0-1780425196418.jar:?]
	at libreforge-5.6.0-1780425196418.jar/com.willfp.libreforge.HolderProviderKt.calculateActiveEffects(HolderProvider.kt:367) ~[libreforge-5.6.0-1780425196418.jar:?]
	at libreforge-5.6.0-1780425196418.jar/com.willfp.libreforge.HolderProviderKt.updateEffects(HolderProvider.kt:386) ~[libreforge-5.6.0-1780425196418.jar:?]
	at libreforge-5.6.0-1780425196418.jar/com.willfp.libreforge.HolderProviderKt.pollEffects(HolderProvider.kt:207) ~[libreforge-5.6.0-1780425196418.jar:?]
	at libreforge-5.6.0-1780425196418.jar/com.willfp.libreforge.LibreforgeSpigotPlugin.createTasks$lambda$1(LibreforgeSpigotPlugin.kt:219) ~[libreforge-5.6.0-1780425196418.jar:?]
	at org.bukkit.craftbukkit.scheduler.CraftTask.run(CraftTask.java:78) ~[paper-1.21.10.jar:1.21.10-117-df4b668]
	at org.bukkit.craftbukkit.scheduler.CraftScheduler.mainThreadHeartbeat(CraftScheduler.java:474) ~[paper-1.21.10.jar:1.21.10-117-df4b668]
	at net.minecraft.server.MinecraftServer.tickChildren(MinecraftServer.java:1744) ~[paper-1.21.10.jar:1.21.10-117-df4b668]
	at net.minecraft.server.MinecraftServer.tickServer(MinecraftServer.java:1618) ~[paper-1.21.10.jar:1.21.10-117-df4b668]
	at net.minecraft.server.dedicated.DedicatedServer.tickServer(DedicatedServer.java:430) ~[paper-1.21.10.jar:1.21.10-117-df4b668]
	at net.minecraft.server.MinecraftServer.runServer(MinecraftServer.java:1338) ~[paper-1.21.10.jar:1.21.10-117-df4b668]
	at net.minecraft.server.MinecraftServer.lambda$spin$2(MinecraftServer.java:384) ~[paper-1.21.10.jar:1.21.10-117-df4b668]
	at java.base/java.lang.Thread.run(Thread.java:1474) ~[?:?]
Caused by: java.lang.IllegalStateException: zip file closed
	at java.base/java.util.zip.ZipFile.ensureOpen(ZipFile.java:826) ~[?:?]
	at java.base/java.util.zip.ZipFile.getEntry(ZipFile.java:290) ~[?:?]
	at java.base/java.util.jar.JarFile.getEntry(JarFile.java:505) ~[?:?]
	at java.base/java.util.jar.JarFile.getJarEntry(JarFile.java:460) ~[?:?]
	at org.bukkit.plugin.java.PluginClassLoader.findClass(PluginClassLoader.java:223) ~[paper-api-1.21.10-R0.1-SNAPSHOT.jar:?]
	... 27 more
